match_id,date,league,season,matchweek,team,opponent,venue,manager,opp_manager,goals_for,goals_against,points,possession,field_tilt,passes_per_poss,pass_length,long_ball_share,directness,gk_short_share,cross_share,ppda,press_intensity,press_high_share,def_height,high_recoveries,counter_shots,shots,xg_for,xg_against,np_xg_for,np_xg_against
3825562,2015-08-21,La Liga,2015/2016,1.0000,Málaga,Sevilla,H,Javi Gracia,Unai Emery,0.0000,0.0000,1.0000,55.3826,64.5833,4.4824,20.6797,14.4357,0.3548,14.2857,8.4507,8.8276,0.2674,43.4783,53.4130,20.0000,3.0000,26.0000,1.0882,1.4147,1.0882,1.4147
3825562,2015-08-21,La Liga,2015/2016,1.0000,Sevilla,Málaga,A,Unai Emery,Javi Gracia,0.0000,0.0000,1.0000,44.6174,35.4167,3.0330,21.6564,15.5797,0.3502,5.5556,9.6386,12.5714,0.3419,35.6164,46.1140,7.0000,0.0000,10.0000,1.4147,1.0882,1.4147,1.0882
3825563,2015-08-22,La Liga,2015/2016,1.0000,Atlético Madrid,Las Palmas,H,Tiago Cardoso Mendes / Diego Simeone,Paco Herrera,1.0000,0.0000,3.0000,61.3843,84.6473,6.9222,18.1572,9.7913,0.2462,25.0000,7.4074,9.5789,0.3679,48.0769,59.4139,19.0000,1.0000,12.0000,0.5395,0.5003,0.5395,0.5003
3825563,2015-08-22,La Liga,2015/2016,1.0000,Las Palmas,Atlético Madrid,A,Paco Herrera,Tiago Cardoso Mendes / Diego Simeone,0.0000,1.0000,0.0000,38.6157,15.3527,4.2759,20.3836,14.2473,0.2944,0.0000,0.0000,13.3333,0.2418,31.2883,43.4525,6.0000,0.0000,7.0000,0.5003,0.5395,0.5003,0.5395
3825564,2015-08-22,La Liga,2015/2016,1.0000,RC Deportivo La Coruña,Real Sociedad,H,Víctor Sánchez,David Moyes,0.0000,0.0000,1.0000,56.6077,51.8018,4.9604,21.5693,15.5689,0.3465,0.0000,9.6552,9.6538,0.3285,37.2263,46.8536,13.0000,1.0000,16.0000,0.5984,1.0800,0.5984,1.0800
3825564,2015-08-22,La Liga,2015/2016,1.0000,Real Sociedad,RC Deportivo La Coruña,A,David Moyes,Víctor Sánchez,0.0000,0.0000,1.0000,43.3923,48.1982,2.8110,21.1067,17.6471,0.4808,0.0000,11.9403,15.9600,0.2408,47.3282,51.7056,10.0000,0.0000,10.0000,1.0800,0.5984,1.0800,0.5984
3825565,2015-08-22,La Liga,2015/2016,1.0000,Espanyol,Getafe,H,Sergio,Fran Escribá,1.0000,0.0000,3.0000,35.0664,29.3413,2.7895,20.4121,17.7358,0.5407,0.0000,7.7922,11.3611,0.3560,35.4067,43.2975,1.0000,1.0000,5.0000,0.2869,1.3500,0.2869,1.3500
3825565,2015-08-22,La Liga,2015/2016,1.0000,Getafe,Espanyol,A,Fran Escribá,Sergio,0.0000,1.0000,0.0000,64.9336,70.6587,4.9444,19.4810,10.8614,0.3149,0.0000,2.5478,9.8000,0.3785,53.3333,54.7155,20.0000,0.0000,13.0000,1.3500,0.2869,1.3500,0.2869
3825566,2015-08-22,La Liga,2015/2016,1.0000,Rayo Vallecano,Valencia,H,Paco Jémez,Nuno Espírito Santo,0.0000,0.0000,1.0000,54.5977,55.9441,4.7444,21.5609,15.4567,0.3202,22.2222,14.2857,6.9535,0.4430,42.2857,52.9678,8.0000,0.0000,8.0000,0.7000,1.6935,0.7000,1.6935
3825566,2015-08-22,La Liga,2015/2016,1.0000,Valencia,Rayo Vallecano,A,Nuno Espírito Santo,Paco Jémez,0.0000,0.0000,1.0000,45.4023,44.0559,3.0755,23.8701,19.9387,0.4523,0.0000,6.0241,10.5882,0.5095,43.3884,52.0174,12.0000,0.0000,10.0000,1.6935,0.7000,1.6935,0.7000
266236,2015-08-23,La Liga,2015/2016,1.0000,Athletic Club,Barcelona,H,Ernesto Valverde,Luis Enrique,0.0000,1.0000,0.0000,32.4151,47.0588,4.2297,21.2193,15.3355,0.5160,0.0000,6.7797,16.2895,0.4293,52.8481,49.0302,9.0000,0.0000,6.0000,0.3008,1.7424,0.3008,0.9589
266236,2015-08-23,La Liga,2015/2016,1.0000,Barcelona,Athletic Club,A,Luis Enrique,Ernesto Valverde,1.0000,0.0000,3.0000,67.5849,52.9412,7.1263,22.2843,15.8050,0.2606,75.0000,8.0357,10.6957,0.1898,47.7612,50.9897,7.0000,0.0000,10.0000,1.7424,0.3008,0.9589,0.3008
3825567,2015-08-23,La Liga,2015/2016,1.0000,Sporting Gijón,Real Madrid,H,Abelardo,Rafael Benítez,0.0000,0.0000,1.0000,33.3333,25.8993,3.7805,21.8957,17.7419,0.4798,0.0000,14.0000,12.9688,0.2736,28.7958,45.9333,8.0000,0.0000,6.0000,0.2804,1.5026,0.2804,1.5026
3825567,2015-08-23,La Liga,2015/2016,1.0000,Real Madrid,Sporting Gijón,A,Rafael Benítez,Abelardo,0.0000,0.0000,1.0000,66.6667,74.1007,6.8211,18.8000,8.6420,0.2825,12.5000,8.2988,12.3500,0.1891,57.5758,56.6490,23.0000,0.0000,27.0000,1.5026,0.2804,1.5026,0.2804
3825568,2015-08-23,La Liga,2015/2016,1.0000,Real Betis,Villarreal,H,Pepe Mel,Marcelino,1.0000,1.0000,1.0000,64.4595,75.0000,3.5565,20.4361,14.9144,0.3591,14.2857,8.5561,5.8387,0.3232,57.6471,63.0859,26.0000,0.0000,22.0000,1.6027,1.0973,1.6027,1.0973
3825568,2015-08-23,La Liga,2015/2016,1.0000,Villarreal,Real Betis,A,Marcelino,Pepe Mel,1.0000,1.0000,1.0000,35.5405,25.0000,2.2809,22.5904,19.7044,0.5283,6.2500,8.2192,9.3704,0.2683,25.7812,43.8330,2.0000,1.0000,8.0000,1.0973,1.6027,1.0973,1.6027
3825569,2015-08-23,La Liga,2015/2016,1.0000,Levante UD,Celta Vigo,H,Lucas Alcaraz,Eduardo Berizzo,1.0000,2.0000,0.0000,30.5501,30.6897,3.0349,22.0885,18.0077,0.4788,12.5000,10.3093,36.0000,0.1768,23.2000,42.2319,10.0000,0.0000,11.0000,0.4864,1.6847,0.4864,1.6847
3825569,2015-08-23,La Liga,2015/2016,1.0000,Celta Vigo,Levante UD,A,Eduardo Berizzo,Lucas Alcaraz,2.0000,1.0000,3.0000,69.4499,69.3103,9.0135,20.2689,10.9445,0.2297,71.4286,6.8085,6.0000,0.3408,38.6792,53.5119,11.0000,3.0000,14.0000,1.6847,0.4864,1.6847,0.4864
3825570,2015-08-24,La Liga,2015/2016,1.0000,Granada,Eibar,H,José Ramón Sandoval,José Luis Mendilibar,1.0000,3.0000,0.0000,56.6845,54.9020,3.7131,22.2743,16.3355,0.3943,75.0000,6.3636,9.5625,0.3037,49.5935,52.3560,11.0000,2.0000,13.0000,1.1910,2.2715,1.1910,2.2715
3825570,2015-08-24,La Liga,2015/2016,1.0000,Eibar,Granada,A,José Luis Mendilibar,José Ramón Sandoval,3.0000,1.0000,3.0000,43.3155,45.0980,3.6250,23.0565,18.9655,0.4009,0.0000,14.1414,11.5556,0.3736,41.9192,49.1991,6.0000,0.0000,10.0000,2.2715,1.1910,2.2715,1.1910
3825571,2015-08-28,La Liga,2015/2016,2.0000,Villarreal,Espanyol,H,Marcelino,Sergio,3.0000,1.0000,3.0000,57.2487,70.5521,4.7843,20.0995,10.6557,0.3336,0.0000,8.0537,7.6744,0.3837,51.6129,58.3252,17.0000,0.0000,15.0000,1.4763,0.5924,1.4763,0.5924
3825571,2015-08-28,La Liga,2015/2016,2.0000,Espanyol,Villarreal,A,Sergio,Marcelino,1.0000,3.0000,0.0000,42.7513,29.4479,3.5051,21.4373,14.9856,0.4072,0.0000,9.5890,12.2581,0.2237,33.0579,43.8188,6.0000,1.0000,5.0000,0.5924,1.4763,0.5924,1.4763
267422,2015-08-29,La Liga,2015/2016,2.0000,Barcelona,Málaga,H,Luis Enrique,Javi Gracia,1.0000,0.0000,3.0000,72.9079,83.3333,5.7727,19.0770,9.4488,0.2550,100.0000,4.8951,10.1053,0.2471,40.6250,58.1644,20.0000,1.0000,23.0000,1.8280,0.4292,1.8280,0.4292
267422,2015-08-29,La Liga,2015/2016,2.0000,Málaga,Barcelona,A,Javi Gracia,Luis Enrique,0.0000,1.0000,0.0000,27.0921,16.6667,2.6667,23.0588,19.9074,0.5611,7.1429,9.4595,10.2647,0.2511,26.2857,39.7261,5.0000,0.0000,4.0000,0.4292,1.8280,0.4292,1.8280
3825572,2015-08-29,La Liga,2015/2016,2.0000,Real Madrid,Real Betis,H,Rafael Benítez,Pepe Mel,5.0000,0.0000,3.0000,67.9726,71.1744,6.8404,18.9491,10.2644,0.2456,80.0000,10.8108,7.5000,0.3180,41.3462,58.1324,22.0000,0.0000,21.0000,2.0951,1.0941,2.0951,0.3106
3825572,2015-08-29,La Liga,2015/2016,2.0000,Real Betis,Real Madrid,A,Pepe Mel,Rafael Benítez,0.0000,5.0000,0.0000,32.0274,28.8256,3.4444,20.6605,13.9785,0.3503,0.0000,11.4583,28.9286,0.1801,27.2000,40.1244,5.0000,1.0000,7.0000,1.0941,2.0951,0.3106,2.0951
3825573,2015-08-29,La Liga,2015/2016,2.0000,Real Sociedad,Sporting Gijón,H,David Moyes,Abelardo,0.0000,0.0000,1.0000,59.0535,67.9104,4.4957,19.9125,10.6383,0.3215,45.4545,8.2569,8.4706,0.2739,47.7064,55.7952,16.0000,0.0000,14.0000,0.9060,0.2255,0.9060,0.2255
3825573,2015-08-29,La Liga,2015/2016,2.0000,Sporting Gijón,Real Sociedad,A,Abelardo,David Moyes,0.0000,0.0000,1.0000,40.9465,32.0896,4.1294,21.1947,15.0997,0.4264,0.0000,11.3402,19.3333,0.3815,30.5936,41.4368,11.0000,0.0000,7.0000,0.2255,0.9060,0.2255,0.9060
3825574,2015-08-29,La Liga,2015/2016,2.0000,Celta Vigo,Rayo Vallecano,H,Eduardo Berizzo,Paco Jémez,3.0000,0.0000,3.0000,63.8129,70.1220,7.0417,19.8106,11.3905,0.2718,66.6667,3.2258,8.1220,0.5268,58.7963,55.3776,10.0000,2.0000,13.0000,2.1582,0.1254,1.3747,0.1254
3825574,2015-08-29,La Liga,2015/2016,2.0000,Rayo Vallecano,Celta Vigo,A,Paco Jémez,Eduardo Berizzo,0.0000,3.0000,0.0000,36.1871,29.8780,3.5644,21.2001,17.7778,0.4415,40.0000,4.6875,33.0000,0.2379,36.0465,39.7931,3.0000,1.0000,3.0000,0.1254,2.1582,0.1254,1.3747
3825575,2015-08-30,La Liga,2015/2016,2.0000,Las Palmas,Levante UD,H,Paco Herrera,Lucas Alcaraz,0.0000,0.0000,1.0000,64.4347,78.4810,4.9065,19.2304,10.0952,0.3376,0.0000,6.6225,8.6000,0.4290,52.5180,53.6197,15.0000,0.0000,16.0000,0.6994,0.1457,0.6994,0.1457
3825575,2015-08-30,La Liga,2015/2016,2.0000,Levante UD,Las Palmas,A,Lucas Alcaraz,Paco Herrera,0.0000,0.0000,1.0000,35.5653,21.5190,3.2892,23.6775,18.6813,0.4983,0.0000,1.3514,9.8780,0.3152,44.3243,46.2396,7.0000,0.0000,3.0000,0.1457,0.6994,0.1457,0.6994
3825576,2015-08-30,La Liga,2015/2016,2.0000,Valencia,RC Deportivo La Coruña,H,Nuno Espírito Santo,Víctor Sánchez,1.0000,1.0000,1.0000,54.2411,59.4286,3.9434,21.7800,15.7895,0.3716,0.0000,14.1667,9.6774,0.3537,40.6897,57.2103,11.0000,1.0000,13.0000,1.5543,0.7924,1.5543,0.7924
3825576,2015-08-30,La Liga,2015/2016,2.0000,RC Deportivo La Coruña,Valencia,A,Víctor Sánchez,Nuno Espírito Santo,1.0000,1.0000,1.0000,45.7589,40.5714,4.0455,22.3044,14.8876,0.3567,0.0000,5.2632,9.8000,0.3416,36.7470,48.5932,9.0000,1.0000,12.0000,0.7924,1.5543,0.7924,1.5543
3825577,2015-08-30,La Liga,2015/2016,2.0000,Getafe,Granada,H,Fran Escribá,José Ramón Sandoval,1.0000,2.0000,0.0000,60.4366,66.4740,3.3246,21.1801,13.9842,0.3352,0.0000,11.1111,7.4138,0.3207,48.3871,50.1973,15.0000,0.0000,15.0000,0.5763,1.2221,0.5763,0.4386
3825577,2015-08-30,La Liga,2015/2016,2.0000,Granada,Getafe,A,José Ramón Sandoval,Fran Escribá,2.0000,1.0000,3.0000,39.5634,33.5260,2.7011,23.2692,21.2766,0.4836,27.2727,12.3077,8.5000,0.3657,37.6543,48.2361,7.0000,0.0000,9.0000,1.2221,0.5763,0.4386,0.5763
3825578,2015-08-30,La Liga,2015/2016,2.0000,Eibar,Athletic Club,H,José Luis Mendilibar,Ernesto Valverde,2.0000,0.0000,3.0000,43.8947,43.0851,3.4019,23.1375,19.7802,0.4722,0.0000,10.6383,10.5676,0.2758,40.1361,46.8880,4.0000,0.0000,9.0000,1.4076,0.3381,0.6241,0.3381
3825578,2015-08-30,La Liga,2015/2016,2.0000,Athletic Club,Eibar,A,Ernesto Valverde,José Luis Mendilibar,0.0000,2.0000,0.0000,56.1053,56.9149,5.4944,22.7125,15.7464,0.3595,25.0000,8.4337,9.8065,0.3237,45.9259,55.8274,14.0000,0.0000,9.0000,0.3381,1.4076,0.3381,0.6241
3825579,2015-08-30,La Liga,2015/2016,2.0000,Sevilla,Atlético Madrid,H,Unai Emery,Diego Simeone,0.0000,3.0000,0.0000,61.7914,67.0833,4.2414,22.7183,14.6341,0.2842,33.3333,6.8783,7.1290,0.2849,39.5833,57.1778,23.0000,0.0000,25.0000,1.6186,1.0904,1.6186,1.0904
3825579,2015-08-30,La Liga,2015/2016,2.0000,Atlético Madrid,Sevilla,A,Diego Simeone,Unai Emery,3.0000,0.0000,3.0000,38.2086,32.9167,3.0312,20.7946,13.7457,0.3988,9.0909,5.1546,14.9130,0.2587,28.3688,43.6253,11.0000,0.0000,17.0000,1.0904,1.6186,1.0904,1.6186
3825580,2015-09-11,La Liga,2015/2016,3.0000,Levante UD,Sevilla,H,Lucas Alcaraz,Unai Emery,1.0000,1.0000,1.0000,52.8749,53.2751,4.2887,20.1398,13.2212,0.2770,0.0000,12.9771,9.8966,0.3134,44.2748,54.6070,16.0000,0.0000,14.0000,1.4357,0.9924,1.4357,0.9924
3825580,2015-09-11,La Liga,2015/2016,3.0000,Sevilla,Levante UD,A,Unai Emery,Lucas Alcaraz,1.0000,1.0000,1.0000,47.1251,46.7249,3.4804,21.3368,15.4930,0.3485,0.0000,12.5000,18.6250,0.2964,46.0432,45.1039,9.0000,0.0000,8.0000,0.9924,1.4357,0.9924,1.4357
266166,2015-09-12,La Liga,2015/2016,3.0000,Atlético Madrid,Barcelona,H,Diego Simeone,Luis Enrique,1.0000,2.0000,0.0000,31.8592,30.6620,4.4167,19.6560,10.3774,0.3628,25.0000,1.9048,17.1071,0.3258,41.0569,43.5477,5.0000,2.0000,11.0000,0.7102,1.7286,0.7102,1.7286
266166,2015-09-12,La Liga,2015/2016,3.0000,Barcelona,Atlético Madrid,A,Luis Enrique,Diego Simeone,2.0000,1.0000,3.0000,68.1408,69.3380,6.7282,20.4844,11.6883,0.2089,57.1429,4.6296,12.2778,0.3569,40.4762,54.3646,14.0000,0.0000,14.0000,1.7286,0.7102,1.7286,0.7102
3825581,2015-09-12,La Liga,2015/2016,3.0000,Espanyol,Real Madrid,H,Sergio,Rafael Benítez,0.0000,6.0000,0.0000,51.9693,63.3188,5.7558,19.6867,11.5152,0.2951,16.6667,7.4286,10.2500,0.2520,56.3492,55.7452,10.0000,0.0000,15.0000,1.7495,3.3985,1.7495,2.6150
3825581,2015-09-12,La Liga,2015/2016,3.0000,Real Madrid,Espanyol,A,Rafael Benítez,Sergio,6.0000,0.0000,3.0000,48.0307,36.6812,5.0556,20.6447,13.8462,0.3216,28.5714,12.1739,15.9524,0.2791,27.8146,38.9304,5.0000,0.0000,15.0000,3.3985,1.7495,2.6150,1.7495
3825582,2015-09-12,La Liga,2015/2016,3.0000,Real Betis,Real Sociedad,H,Pepe Mel,David Moyes,1.0000,0.0000,3.0000,38.5143,32.1300,3.6835,20.7312,14.4330,0.4102,0.0000,9.5238,10.5357,0.3048,29.8780,45.0960,9.0000,0.0000,9.0000,0.5264,0.6992,0.5264,0.6992
3825582,2015-09-12,La Liga,2015/2016,3.0000,Real Sociedad,Real Betis,A,David Moyes,Pepe Mel,0.0000,1.0000,0.0000,61.4857,67.8700,4.7980,19.8484,11.5789,0.3342,0.0000,12.3810,8.2593,0.3680,43.5484,54.3621,11.0000,0.0000,15.0000,0.6992,0.5264,0.6992,0.5264
3825583,2015-09-12,La Liga,2015/2016,3.0000,Sporting Gijón,Valencia,H,Abelardo,Nuno Espírito Santo,0.0000,1.0000,0.0000,40.0378,28.3401,3.4673,20.5164,13.7466,0.4328,0.0000,5.9406,10.6579,0.2756,44.0000,49.7974,12.0000,0.0000,15.0000,1.0970,1.6229,1.0970,1.6229
3825583,2015-09-12,La Liga,2015/2016,3.0000,Valencia,Sporting Gijón,A,Nuno Espírito Santo,Abelardo,1.0000,0.0000,3.0000,59.9622,71.6599,4.9744,20.5367,13.5739,0.3267,28.5714,11.0599,9.4118,0.3750,50.9434,55.1087,17.0000,0.0000,17.0000,1.6229,1.0970,1.6229,1.0970
3825584,2015-09-13,La Liga,2015/2016,3.0000,Granada,Villarreal,H,José Ramón Sandoval,Marcelino,1.0000,3.0000,0.0000,54.9878,53.5398,3.4679,19.1953,12.1693,0.3698,50.0000,9.3525,8.3214,0.3162,46.1538,52.3191,11.0000,0.0000,14.0000,1.0278,1.0602,1.0278,1.0602
3825584,2015-09-13,La Liga,2015/2016,3.0000,Villarreal,Granada,A,Marcelino,José Ramón Sandoval,3.0000,1.0000,3.0000,45.0122,46.4602,3.1100,19.9840,10.6109,0.4355,11.1111,4.8780,8.1471,0.3252,38.0952,47.6029,7.0000,1.0000,9.0000,1.0602,1.0278,1.0602,1.0278
3825585,2015-09-13,La Liga,2015/2016,3.0000,Celta Vigo,Las Palmas,H,Eduardo Berizzo,Paco Herrera,3.0000,3.0000,1.0000,66.8529,84.4262,6.4286,19.2313,8.0000,0.2502,50.0000,7.1730,6.3778,0.4438,51.8987,58.5204,18.0000,0.0000,26.0000,4.2866,1.2451,3.5031,1.2451
3825585,2015-09-13,La Liga,2015/2016,3.0000,Las Palmas,Celta Vigo,A,Paco Herrera,Eduardo Berizzo,3.0000,3.0000,1.0000,33.1471,15.5738,3.2796,20.4914,13.1148,0.4611,0.0000,4.3478,19.0000,0.1267,30.7692,41.2272,8.0000,1.0000,9.0000,1.2451,4.2866,1.2451,3.5031
3825586,2015-09-13,La Liga,2015/2016,3.0000,Málaga,Eibar,H,Javi Gracia,José Luis Mendilibar,0.0000,0.0000,1.0000,54.1231,55.8685,3.6273,23.3876,18.5464,0.3783,54.5455,8.9041,8.7097,0.3595,42.2535,54.5067,23.0000,1.0000,10.0000,1.0271,0.8405,1.0271,0.8405
3825586,2015-09-13,La Liga,2015/2016,3.0000,Eibar,Málaga,A,José Luis Mendilibar,Javi Gracia,0.0000,0.0000,1.0000,45.8769,44.1315,3.4948,22.4953,19.1740,0.4087,0.0000,15.2542,8.0769,0.4335,47.5248,50.1437,13.0000,0.0000,7.0000,0.8405,1.0271,0.8405,1.0271
3825587,2015-09-13,La Liga,2015/2016,3.0000,Athletic Club,Getafe,H,Ernesto Valverde,Fran Escribá,3.0000,1.0000,3.0000,54.1969,63.2287,4.1927,20.8833,14.2232,0.3802,14.2857,12.7660,10.3750,0.3281,44.8276,50.2062,13.0000,1.0000,14.0000,1.4426,0.5983,1.4426,0.5983
3825587,2015-09-13,La Liga,2015/2016,3.0000,Getafe,Athletic Club,A,Fran Escribá,Ernesto Valverde,1.0000,3.0000,0.0000,45.8031,36.7713,3.9184,20.2059,14.5833,0.4314,18.1818,7.0175,11.8621,0.2849,44.2953,48.6123,12.0000,0.0000,13.0000,0.5983,1.4426,0.5983,1.4426
3825588,2015-09-14,La Liga,2015/2016,3.0000,Rayo Vallecano,RC Deportivo La Coruña,H,Paco Jémez,Víctor Sánchez,1.0000,3.0000,0.0000,62.9703,53.1707,4.2879,21.8655,14.1343,0.3308,71.4286,15.7895,10.3750,0.4118,41.5584,49.8881,15.0000,1.0000,8.0000,0.6765,1.3374,0.6765,1.3374
3825588,2015-09-14,La Liga,2015/2016,3.0000,RC Deportivo La Coruña,Rayo Vallecano,A,Víctor Sánchez,Paco Jémez,3.0000,1.0000,3.0000,37.0297,46.8293,3.4624,22.9845,18.6335,0.4509,0.0000,8.6957,11.7317,0.2736,42.5287,48.9148,10.0000,1.0000,14.0000,1.3374,0.6765,1.3374,0.6765
3825589,2015-09-18,La Liga,2015/2016,4.0000,Getafe,Málaga,H,Fran Escribá,Javi Gracia,1.0000,0.0000,3.0000,38.5501,34.4340,2.8182,21.6299,16.4875,0.4385,0.0000,8.6022,13.1111,0.4157,38.2883,42.7909,4.0000,1.0000,10.0000,0.9447,0.6114,0.9447,0.6114
3825589,2015-09-18,La Liga,2015/2016,4.0000,Málaga,Getafe,A,Javi Gracia,Fran Escribá,0.0000,1.0000,0.0000,61.4499,65.5660,3.9496,19.2350,10.6383,0.3694,28.5714,11.5854,9.0000,0.4806,40.9938,54.2389,15.0000,1.0000,13.0000,0.6114,0.9447,0.6114,0.9447
3825590,2015-09-19,La Liga,2015/2016,4.0000,Real Madrid,Granada,H,Rafael Benítez,José Ramón Sandoval,1.0000,0.0000,3.0000,67.1627,70.3704,5.2931,19.1025,9.2834,0.3175,42.8571,8.4416,9.0000,0.4471,39.1892,52.9733,12.0000,2.0000,20.0000,2.4916,1.1710,2.4916,1.1710
3825590,2015-09-19,La Liga,2015/2016,4.0000,Granada,Real Madrid,A,José Ramón Sandoval,Rafael Benítez,0.0000,1.0000,0.0000,32.8373,29.6296,3.2529,22.2709,18.7279,0.4532,26.6667,4.8193,11.8095,0.2984,46.0396,46.5525,6.0000,2.0000,12.0000,1.1710,2.4916,1.1710,2.4916
3825591,2015-09-19,La Liga,2015/2016,4.0000,Valencia,Real Betis,H,Nuno Espírito Santo,Pepe Mel,0.0000,0.0000,1.0000,66.2338,73.7762,5.5392,21.1025,12.7434,0.2925,25.0000,13.6364,5.7941,0.4808,41.3333,51.3621,16.0000,0.0000,24.0000,1.6840,0.1534,1.6840,0.1534
3825591,2015-09-19,La Liga,2015/2016,4.0000,Real Betis,Valencia,A,Pepe Mel,Nuno Espírito Santo,0.0000,0.0000,1.0000,33.7662,26.2238,3.0119,20.5517,16.9960,0.4495,0.0000,3.4091,16.5000,0.1814,37.8378,43.8990,5.0000,0.0000,3.0000,0.1534,1.6840,0.1534,1.6840
3825592,2015-09-19,La Liga,2015/2016,4.0000,Real Sociedad,Espanyol,H,David Moyes,Sergio,2.0000,3.0000,0.0000,52.4972,65.6716,4.0784,20.8866,14.4231,0.3192,0.0000,10.0000,10.9667,0.3224,57.2464,47.6862,10.0000,0.0000,10.0000,1.5101,1.8529,1.5101,1.0694
3825592,2015-09-19,La Liga,2015/2016,4.0000,Espanyol,Real Sociedad,A,Sergio,David Moyes,3.0000,2.0000,3.0000,47.5028,34.3284,4.2088,20.4438,12.5326,0.3439,11.1111,6.7416,14.4762,0.2622,29.8387,48.8423,11.0000,0.0000,18.0000,1.8529,1.5101,1.0694,1.5101
3825593,2015-09-19,La Liga,2015/2016,4.0000,Eibar,Atlético Madrid,H,José Luis Mendilibar,Diego Simeone,0.0000,2.0000,0.0000,42.5164,42.2481,5.2418,22.3921,17.4004,0.3459,0.0000,8.6331,15.0606,0.2546,42.6966,54.9550,18.0000,0.0000,9.0000,0.3234,1.4986,0.3234,1.4986
3825593,2015-09-19,La Liga,2015/2016,4.0000,Atlético Madrid,Eibar,A,Diego Simeone,José Luis Mendilibar,2.0000,0.0000,3.0000,57.4836,57.7519,5.5812,19.4775,11.0260,0.3070,40.0000,9.0395,13.7407,0.1973,35.2941,48.3278,13.0000,0.0000,14.0000,1.4986,0.3234,1.4986,0.3234
266490,2015-09-20,La Liga,2015/2016,4.0000,Barcelona,Levante UD,H,Luis Enrique,Lucas Alcaraz,4.0000,1.0000,3.0000,68.4615,82.7362,6.2925,20.3287,13.4933,0.1943,50.0000,6.4982,10.0769,0.3384,64.8649,64.3897,18.0000,2.0000,20.0000,3.5304,0.7209,1.9634,0.7209
266490,2015-09-20,La Liga,2015/2016,4.0000,Levante UD,Barcelona,A,Lucas Alcaraz,Luis Enrique,1.0000,4.0000,0.0000,31.5385,17.2638,2.9468,20.3918,13.7184,0.3956,16.6667,9.0909,18.6000,0.3736,22.1805,39.2480,6.0000,1.0000,11.0000,0.7209,3.5304,0.7209,1.9634
3825594,2015-09-20,La Liga,2015/2016,4.0000,Sevilla,Celta Vigo,H,Unai Emery,Eduardo Berizzo,1.0000,2.0000,0.0000,44.9024,50.2370,3.9457,22.3860,14.6006,0.4224,33.3333,9.0909,10.3429,0.3051,41.9355,49.7623,13.0000,2.0000,13.0000,1.0993,0.7964,1.0993,0.7964
3825594,2015-09-20,La Liga,2015/2016,4.0000,Celta Vigo,Sevilla,A,Eduardo Berizzo,Unai Emery,2.0000,1.0000,3.0000,55.0976,49.7630,5.3218,23.9863,16.4147,0.2788,0.0000,5.4264,7.5135,0.3744,42.5806,46.7783,13.0000,0.0000,15.0000,0.7964,1.0993,0.7964,1.0993
3825595,2015-09-20,La Liga,2015/2016,4.0000,Villarreal,Athletic Club,H,Marcelino,Ernesto Valverde,3.0000,1.0000,3.0000,46.3524,61.1940,3.7474,20.5555,13.2022,0.4717,0.0000,7.4830,8.8049,0.2845,54.4118,50.2702,14.0000,1.0000,14.0000,1.5536,0.9827,0.7701,0.9827
3825595,2015-09-20,La Liga,2015/2016,4.0000,Athletic Club,Villarreal,A,Ernesto Valverde,Marcelino,1.0000,3.0000,0.0000,53.6476,38.8060,3.9423,22.4729,19.2683,0.3922,0.0000,9.6491,13.2632,0.3995,40.0000,43.5709,6.0000,1.0000,10.0000,0.9827,1.5536,0.9827,0.7701
3825596,2015-09-20,La Liga,2015/2016,4.0000,RC Deportivo La Coruña,Sporting Gijón,H,Víctor Sánchez,Abelardo,2.0000,3.0000,0.0000,62.2199,76.4000,4.4957,21.7009,14.3133,0.3197,100.0000,10.6977,9.0000,0.3531,53.6000,56.1894,25.0000,0.0000,20.0000,1.0584,0.9527,1.0584,0.9527
3825596,2015-09-20,La Liga,2015/2016,4.0000,Sporting Gijón,RC Deportivo La Coruña,A,Abelardo,Víctor Sánchez,3.0000,2.0000,3.0000,37.7801,23.6000,3.7901,20.7214,13.0293,0.4319,0.0000,12.8571,10.7419,0.2624,32.0261,44.3154,8.0000,0.0000,5.0000,0.9527,1.0584,0.9527,1.0584
3825597,2015-09-20,La Liga,2015/2016,4.0000,Las Palmas,Rayo Vallecano,H,Paco Herrera,Paco Jémez,0.0000,1.0000,0.0000,50.1152,39.2857,3.0763,20.6190,15.4270,0.4367,0.0000,4.2553,10.4286,0.3949,39.7661,49.6291,5.0000,0.0000,8.0000,0.7667,1.3359,0.7667,1.3359
3825597,2015-09-20,La Liga,2015/2016,4.0000,Rayo Vallecano,Las Palmas,A,Paco Jémez,Paco Herrera,1.0000,0.0000,3.0000,49.8848,60.7143,3.8182,22.0553,17.4603,0.4653,50.0000,11.6279,9.5714,0.2805,42.6230,48.1618,11.0000,2.0000,17.0000,1.3359,0.7667,1.3359,0.7667
3825598,2015-09-22,La Liga,2015/2016,5.0000,Atlético Madrid,Getafe,H,Diego Simeone,Fran Escribá,2.0000,0.0000,3.0000,53.4975,66.0714,5.5169,19.0729,12.2200,0.2646,16.6667,7.7720,6.9592,0.3369,45.2830,56.4051,15.0000,0.0000,11.0000,1.0936,0.4790,1.0936,0.4790
3825598,2015-09-22,La Liga,2015/2016,5.0000,Getafe,Atlético Madrid,A,Fran Escribá,Diego Simeone,0.0000,2.0000,0.0000,46.5025,33.9286,4.6111,21.7144,14.2169,0.3325,0.0000,4.5872,10.4194,0.2652,31.9444,44.7420,11.0000,0.0000,6.0000,0.4790,1.0936,0.4790,1.0936
3825599,2015-09-22,La Liga,2015/2016,5.0000,Espanyol,Valencia,H,Sergio,Nuno Espírito Santo,1.0000,0.0000,3.0000,48.5472,64.1176,3.3663,21.0439,16.4706,0.3490,14.2857,7.6271,9.3056,0.3882,51.5152,54.4125,14.0000,0.0000,19.0000,1.7539,0.6496,1.7539,0.6496
3825599,2015-09-22,La Liga,2015/2016,5.0000,Valencia,Espanyol,A,Nuno Espírito Santo,Sergio,0.0000,1.0000,0.0000,51.4528,35.8824,3.7347,20.6467,12.0219,0.3440,10.0000,5.9524,7.5000,0.3915,34.3949,47.2500,6.0000,1.0000,10.0000,0.6496,1.7539,0.6496,1.7539
3825892,2015-09-22,La Liga,2015/2016,5.0000,Granada,Real Sociedad,H,José Ramón Sandoval,David Moyes,0.0000,3.0000,0.0000,50.2831,55.7214,3.0331,21.4460,16.8937,0.4745,50.0000,9.5238,10.1290,0.2369,45.1923,52.6917,10.0000,1.0000,11.0000,0.4605,2.1891,0.4605,2.1891
3825892,2015-09-22,La Liga,2015/2016,5.0000,Real Sociedad,Granada,A,David Moyes,José Ramón Sandoval,3.0000,0.0000,3.0000,49.7169,44.2786,3.3509,20.4726,14.9215,0.5119,14.2857,3.4783,9.1613,0.3108,33.3333,43.5725,5.0000,1.0000,8.0000,2.1891,0.4605,2.1891,0.4605
266467,2015-09-23,La Liga,2015/2016,5.0000,Celta Vigo,Barcelona,H,Eduardo Berizzo,Luis Enrique,4.0000,1.0000,3.0000,44.4683,49.2891,4.5732,22.1692,15.4667,0.3626,0.0000,7.1429,10.8788,0.3482,32.2222,46.4549,9.0000,3.0000,19.0000,2.1075,1.9425,2.1075,1.9425
266467,2015-09-23,La Liga,2015/2016,5.0000,Barcelona,Celta Vigo,A,Luis Enrique,Eduardo Berizzo,1.0000,4.0000,0.0000,55.5317,50.7109,4.4412,18.6681,8.1678,0.3372,30.7692,3.7879,14.6842,0.3333,53.6232,46.1131,11.0000,0.0000,18.0000,1.9425,2.1075,1.9425,2.1075
3825600,2015-09-23,La Liga,2015/2016,5.0000,Málaga,Villarreal,H,Javi Gracia,Marcelino,0.0000,1.0000,0.0000,59.1729,66.3755,4.9208,21.5208,15.6942,0.4179,0.0000,9.2896,8.7812,0.2416,44.0860,56.4261,17.0000,0.0000,15.0000,0.8384,0.9098,0.8384,0.9098
3825600,2015-09-23,La Liga,2015/2016,5.0000,Villarreal,Málaga,A,Marcelino,Javi Gracia,1.0000,0.0000,3.0000,40.8271,33.6245,3.2178,21.0001,15.6923,0.5177,9.0909,8.2474,12.8889,0.3441,37.5000,45.0336,5.0000,2.0000,9.0000,0.9098,0.8384,0.9098,0.8384
3825601,2015-09-23,La Liga,2015/2016,5.0000,Rayo Vallecano,Sporting Gijón,H,Paco Jémez,Abelardo,2.0000,1.0000,3.0000,61.5826,74.7368,4.8119,22.2940,15.4321,0.3421,83.3333,14.3678,8.7586,0.3642,59.0164,53.5371,12.0000,3.0000,18.0000,3.2197,0.5451,2.4362,0.5451
3825601,2015-09-23,La Liga,2015/2016,5.0000,Sporting Gijón,Rayo Vallecano,A,Abelardo,Paco Jémez,1.0000,2.0000,0.0000,38.4174,25.2632,2.8817,22.7634,17.5373,0.5009,5.8824,5.1282,9.7222,0.3315,38.7640,42.4438,4.0000,0.0000,6.0000,0.5451,3.2197,0.5451,2.4362
3825602,2015-09-23,La Liga,2015/2016,5.0000,Athletic Club,Real Madrid,H,Ernesto Valverde,Rafael Benítez,1.0000,2.0000,0.0000,43.9479,52.4194,4.7333,20.4799,11.2676,0.3243,30.7692,12.0805,11.7179,0.2558,48.0519,56.6696,15.0000,0.0000,13.0000,1.4830,2.6345,1.4830,2.6345
3825602,2015-09-23,La Liga,2015/2016,5.0000,Real Madrid,Athletic Club,A,Rafael Benítez,Ernesto Valverde,2.0000,1.0000,3.0000,56.0521,47.5806,5.8211,18.7627,11.5732,0.2530,16.6667,8.2707,13.0435,0.1970,25.8065,44.6809,10.0000,2.0000,22.0000,2.6345,1.4830,2.6345,1.4830
3825848,2015-09-23,La Liga,2015/2016,5.0000,Levante UD,Eibar,H,Lucas Alcaraz,José Luis Mendilibar,2.0000,2.0000,1.0000,57.5824,58.4615,3.8870,22.0517,15.2125,0.3115,40.0000,13.6986,9.8519,0.3290,42.5197,51.3912,13.0000,0.0000,12.0000,0.7354,0.9857,0.7354,0.9857
3825848,2015-09-23,La Liga,2015/2016,5.0000,Eibar,Levante UD,A,José Luis Mendilibar,Lucas Alcaraz,2.0000,2.0000,1.0000,42.4176,41.5385,3.5761,21.8600,19.7568,0.4031,0.0000,9.8039,8.6279,0.3130,35.9756,49.7504,9.0000,1.0000,10.0000,0.9857,0.7354,0.9857,0.7354
3825895,2015-09-23,La Liga,2015/2016,5.0000,Las Palmas,Sevilla,H,Paco Herrera,Unai Emery,2.0000,0.0000,3.0000,44.7046,38.9831,3.2381,19.9496,12.6471,0.4735,0.0000,8.4211,19.4444,0.3185,34.1772,43.7757,11.0000,0.0000,12.0000,1.0756,1.7828,1.0756,1.7828
3825895,2015-09-23,La Liga,2015/2016,5.0000,Sevilla,Las Palmas,A,Unai Emery,Paco Herrera,0.0000,2.0000,0.0000,55.2954,61.0169,4.6915,20.8906,12.6984,0.4033,20.0000,9.2715,8.0857,0.2943,39.8305,56.7300,18.0000,0.0000,16.0000,1.7828,1.0756,1.7828,1.0756
3825603,2015-09-24,La Liga,2015/2016,5.0000,Real Betis,RC Deportivo La Coruña,H,Pepe Mel,Víctor Sánchez,1.0000,2.0000,0.0000,59.8081,54.2373,4.7905,20.9489,13.1213,0.3293,12.5000,9.2437,9.5926,0.3687,42.4460,47.8899,10.0000,1.0000,9.0000,1.0923,0.3253,1.0923,0.3253
3825603,2015-09-24,La Liga,2015/2016,5.0000,RC Deportivo La Coruña,Real Betis,A,Víctor Sánchez,Pepe Mel,2.0000,1.0000,3.0000,40.1919,45.7627,3.8000,23.4413,19.8142,0.3949,0.0000,7.5472,12.5000,0.3137,39.7727,44.7333,4.0000,0.0000,9.0000,0.3253,1.0923,0.3253,1.0923
3825604,2015-09-25,La Liga,2015/2016,6.0000,Valencia,Granada,H,Nuno Espírito Santo,José Ramón Sandoval,1.0000,0.0000,3.0000,47.4407,56.1644,2.6810,20.3933,12.2186,0.3490,10.0000,13.8211,10.5357,0.3397,41.2587,47.7074,13.0000,1.0000,12.0000,1.3648,0.9919,1.3648,0.9919
3825604,2015-09-25,La Liga,2015/2016,6.0000,Granada,Valencia,A,José Ramón Sandoval,Nuno Espírito Santo,0.0000,1.0000,0.0000,52.5593,43.8356,3.8542,19.0496,11.8919,0.3986,57.1429,9.0909,4.9111,0.3421,45.3846,53.3493,22.0000,0.0000,18.0000,0.9919,1.3648,0.9919,1.3648
267611,2015-09-26,La Liga,2015/2016,6.0000,Barcelona,Las Palmas,H,Luis Enrique,Paco Herrera,2.0000,1.0000,3.0000,65.7343,66.1111,6.3854,20.8411,12.5612,0.2549,66.6667,9.5541,6.6486,0.3994,49.6350,50.9402,8.0000,1.0000,16.0000,2.0918,0.6913,1.3083,0.6913
267611,2015-09-26,La Liga,2015/2016,6.0000,Las Palmas,Barcelona,A,Paco Herrera,Luis Enrique,1.0000,2.0000,0.0000,34.2657,33.8889,3.4000,19.8415,12.8028,0.4293,7.6923,5.0000,14.1765,0.2234,50.3401,47.0392,9.0000,0.0000,10.0000,0.6913,2.0918,0.6913,1.3083
3825605,2015-09-26,La Liga,2015/2016,6.0000,Sevilla,Rayo Vallecano,H,Unai Emery,Paco Jémez,3.0000,2.0000,3.0000,49.8906,52.8384,4.0938,21.7330,15.0127,0.3428,0.0000,13.0137,9.2059,0.3624,49.3976,54.3327,9.0000,0.0000,18.0000,2.0927,0.6592,2.0927,0.6592
3825605,2015-09-26,La Liga,2015/2016,6.0000,Rayo Vallecano,Sevilla,A,Paco Jémez,Unai Emery,2.0000,3.0000,0.0000,50.1094,47.1616,3.8962,22.0232,15.2542,0.3157,16.6667,13.3858,9.0000,0.2478,43.3628,51.1479,12.0000,1.0000,18.0000,0.6592,2.0927,0.6592,2.0927
3825606,2015-09-26,La Liga,2015/2016,6.0000,Real Madrid,Málaga,H,Rafael Benítez,Javi Gracia,0.0000,0.0000,1.0000,69.4095,82.7381,5.9196,20.6482,12.5189,0.2763,71.4286,11.8971,7.5484,0.1962,46.7742,58.8525,18.0000,1.0000,31.0000,3.3539,0.6725,3.3539,0.6725
3825606,2015-09-26,La Liga,2015/2016,6.0000,Málaga,Real Madrid,A,Javi Gracia,Rafael Benítez,0.0000,0.0000,1.0000,30.5905,17.2619,2.7500,21.6401,15.5303,0.4818,13.6364,9.5890,20.0588,0.1660,26.8908,44.2214,11.0000,0.0000,12.0000,0.6725,3.3539,0.6725,3.3539
3825607,2015-09-26,La Liga,2015/2016,6.0000,Villarreal,Atlético Madrid,H,Marcelino,Diego Simeone,1.0000,0.0000,3.0000,48.7676,30.6383,5.2041,21.8816,14.3137,0.3185,20.0000,5.3191,11.7188,0.3660,30.0469,38.4431,9.0000,0.0000,5.0000,0.6689,0.6046,0.6689,0.6046
3825607,2015-09-26,La Liga,2015/2016,6.0000,Atlético Madrid,Villarreal,A,Diego Simeone,Marcelino,0.0000,1.0000,0.0000,51.2324,69.3617,5.1078,20.1972,12.8599,0.3411,0.0000,9.1371,10.5952,0.3105,56.9767,59.2744,18.0000,1.0000,10.0000,0.6046,0.6689,0.6046,0.6689
3825608,2015-09-26,La Liga,2015/2016,6.0000,Eibar,Celta Vigo,H,José Luis Mendilibar,Eduardo Berizzo,1.0000,1.0000,1.0000,35.0505,36.5741,3.4713,21.1002,16.8874,0.5388,0.0000,6.3636,11.0952,0.2659,40.3509,46.9923,11.0000,1.0000,11.0000,1.4777,1.2943,1.4777,1.2943
3825608,2015-09-26,La Liga,2015/2016,6.0000,Celta Vigo,Eibar,A,Eduardo Berizzo,José Luis Mendilibar,1.0000,1.0000,1.0000,64.9495,63.4259,5.0174,20.7800,11.7851,0.3540,75.0000,7.9755,6.9118,0.4207,36.3014,53.6102,9.0000,1.0000,9.0000,1.2943,1.4777,1.2943,1.4777
3825609,2015-09-27,La Liga,2015/2016,6.0000,Real Sociedad,Athletic Club,H,David Moyes,Ernesto Valverde,0.0000,0.0000,1.0000,47.1508,51.7588,3.4808,22.3910,17.9558,0.4501,0.0000,10.8527,9.7941,0.2875,36.7647,47.3847,11.0000,0.0000,15.0000,1.2415,0.6111,1.2415,0.6111
3825609,2015-09-27,La Liga,2015/2016,6.0000,Athletic Club,Real Sociedad,A,Ernesto Valverde,David Moyes,0.0000,0.0000,1.0000,52.8492,48.2412,3.6106,22.2989,17.6471,0.4319,0.0000,13.6364,8.1389,0.4336,45.3552,57.4167,15.0000,0.0000,10.0000,0.6111,1.2415,0.6111,1.2415
3825610,2015-09-27,La Liga,2015/2016,6.0000,Sporting Gijón,Real Betis,H,Abelardo,Pepe Mel,1.0000,2.0000,0.0000,55.6762,52.3622,5.3895,21.0975,12.5000,0.2902,27.2727,11.7647,8.0857,0.3007,33.3333,50.6640,13.0000,0.0000,19.0000,1.6679,1.4019,1.6679,1.4019
3825610,2015-09-27,La Liga,2015/2016,6.0000,Real Betis,Sporting Gijón,A,Pepe Mel,Abelardo,2.0000,1.0000,3.0000,44.3238,47.6378,4.1354,19.5808,12.0907,0.3495,0.0000,5.1852,23.8750,0.2571,37.9310,47.8852,8.0000,0.0000,13.0000,1.4019,1.6679,1.4019,1.6679
3825611,2015-09-27,La Liga,2015/2016,6.0000,RC Deportivo La Coruña,Espanyol,H,Víctor Sánchez,Sergio,3.0000,0.0000,3.0000,48.7882,61.6327,4.2100,22.2158,17.3397,0.2987,0.0000,8.3871,14.0400,0.2716,37.8788,48.1224,18.0000,0.0000,14.0000,1.8527,0.5104,1.8527,0.5104
3825611,2015-09-27,La Liga,2015/2016,6.0000,Espanyol,RC Deportivo La Coruña,A,Sergio,Víctor Sánchez,0.0000,3.0000,0.0000,51.2118,38.3673,4.2079,21.3358,13.8824,0.2776,20.0000,11.8182,13.5714,0.2635,31.9672,46.1233,9.0000,0.0000,7.0000,0.5104,1.8527,0.5104,1.8527
3825612,2015-09-27,La Liga,2015/2016,6.0000,Getafe,Levante UD,H,Fran Escribá,Lucas Alcaraz,3.0000,0.0000,3.0000,58.0042,64.2241,4.4732,23.0655,18.7625,0.3511,0.0000,10.6383,10.9630,0.3639,54.4218,53.1436,15.0000,1.0000,15.0000,1.1284,0.5023,1.1284,0.5023
3825612,2015-09-27,La Liga,2015/2016,6.0000,Levante UD,Getafe,A,Lucas Alcaraz,Fran Escribá,0.0000,3.0000,0.0000,41.9958,35.7759,3.7053,21.4494,17.6136,0.4663,0.0000,7.5472,22.9375,0.2133,36.9748,38.2367,3.0000,0.0000,10.0000,0.5023,1.1284,0.5023,1.1284
3825613,2015-10-02,La Liga,2015/2016,7.0000,Celta Vigo,Getafe,H,Eduardo Berizzo,Fran Escribá,0.0000,0.0000,1.0000,66.5570,66.0377,5.2170,21.2001,10.6691,0.3212,44.4444,8.9172,4.9524,0.5836,42.6966,53.0306,16.0000,0.0000,18.0000,1.4734,1.5182,1.4734,1.5182
3825613,2015-10-02,La Liga,2015/2016,7.0000,Getafe,Celta Vigo,A,Fran Escribá,Eduardo Berizzo,0.0000,0.0000,1.0000,33.4430,33.9623,2.6489,20.6521,13.2530,0.5604,0.0000,7.0707,12.3143,0.2109,42.9688,47.9203,13.0000,2.0000,9.0000,1.5182,1.4734,1.5182,1.4734
3825614,2015-10-03,La Liga,2015/2016,7.0000,Granada,RC Deportivo La Coruña,H,José Ramón Sandoval,Víctor Sánchez,1.0000,1.0000,1.0000,52.4855,40.0000,3.2288,21.4001,15.7480,0.4245,21.4286,8.9286,9.5600,0.3844,33.5443,49.2295,14.0000,0.0000,10.0000,0.6141,1.0044,0.6141,1.0044
3825614,2015-10-03,La Liga,2015/2016,7.0000,RC Deportivo La Coruña,Granada,A,Víctor Sánchez,José Ramón Sandoval,1.0000,1.0000,1.0000,47.5145,60.0000,3.2150,21.4058,14.8256,0.4563,0.0000,4.3478,10.8333,0.3260,38.5135,54.1350,10.0000,0.0000,14.0000,1.0044,0.6141,1.0044,0.6141
3825615,2015-10-03,La Liga,2015/2016,7.0000,Espanyol,Sporting Gijón,H,Sergio,Abelardo,1.0000,2.0000,0.0000,54.6602,71.9149,4.7850,19.9901,9.7656,0.3233,0.0000,10.2941,8.7619,0.3683,52.9070,58.4461,18.0000,0.0000,12.0000,1.5964,1.4803,0.8129,1.4803
3825615,2015-10-03,La Liga,2015/2016,7.0000,Sporting Gijón,Espanyol,A,Abelardo,Sergio,2.0000,1.0000,3.0000,45.3398,28.0851,3.8868,20.7921,10.9223,0.2881,0.0000,8.1395,8.8000,0.3091,38.5057,49.2540,18.0000,2.0000,12.0000,1.4803,1.5964,1.4803,0.8129
3825616,2015-10-03,La Liga,2015/2016,7.0000,Málaga,Real Sociedad,H,Javi Gracia,David Moyes,3.0000,1.0000,3.0000,37.0217,36.2500,3.2500,21.4177,14.7436,0.4295,0.0000,6.1404,11.4706,0.2627,36.2500,50.0753,9.0000,0.0000,11.0000,1.5702,1.1878,1.5702,1.1878
3825616,2015-10-03,La Liga,2015/2016,7.0000,Real Sociedad,Málaga,A,David Moyes,Javi Gracia,1.0000,3.0000,0.0000,62.9783,63.7500,5.2762,20.1995,14.6209,0.3010,0.0000,10.4396,9.0000,0.3520,39.6825,48.7918,10.0000,0.0000,13.0000,1.1878,1.5702,1.1878,1.5702
3825617,2015-10-03,La Liga,2015/2016,7.0000,Sevilla,Barcelona,H,Unai Emery,Luis Enrique,2.0000,1.0000,3.0000,37.1336,34.8592,2.8190,20.5223,12.8378,0.4396,0.0000,6.0870,11.4667,0.3368,35.3846,47.5598,13.0000,2.0000,12.0000,1.3014,3.4057,1.3014,2.6222
3825617,2015-10-03,La Liga,2015/2016,7.0000,Barcelona,Sevilla,A,Luis Enrique,Unai Emery,1.0000,2.0000,0.0000,62.8664,65.1408,4.3109,19.0192,7.7973,0.2892,50.0000,6.6327,9.0833,0.2632,42.2222,53.4857,15.0000,0.0000,28.0000,3.4057,1.3014,2.6222,1.3014
3825618,2015-10-03,La Liga,2015/2016,7.0000,Las Palmas,Eibar,H,Paco Herrera,José Luis Mendilibar,0.0000,2.0000,0.0000,61.7296,58.4314,5.9479,18.8246,10.1576,0.3105,0.0000,8.0000,9.8000,0.3740,42.3611,51.8256,22.0000,0.0000,18.0000,1.2518,1.3775,1.2518,1.3775
3825618,2015-10-03,La Liga,2015/2016,7.0000,Eibar,Las Palmas,A,José Luis Mendilibar,Paco Herrera,2.0000,0.0000,3.0000,38.2704,41.5686,4.2099,20.9523,15.5425,0.4593,0.0000,5.7971,8.5957,0.3559,35.2941,47.0200,11.0000,1.0000,9.0000,1.3775,1.2518,1.3775,1.2518
3825619,2015-10-04,La Liga,2015/2016,7.0000,Levante UD,Villarreal,H,Lucas Alcaraz,Marcelino,1.0000,0.0000,3.0000,46.3687,59.2920,3.6837,22.1816,17.1745,0.3757,0.0000,12.7389,11.1875,0.2292,48.1818,55.2949,17.0000,0.0000,14.0000,0.6717,0.1516,0.6717,0.1516
3825619,2015-10-04,La Liga,2015/2016,7.0000,Villarreal,Levante UD,A,Marcelino,Lucas Alcaraz,0.0000,1.0000,0.0000,53.6313,40.7080,5.2317,21.8881,16.5501,0.3384,0.0000,3.9062,8.7500,0.3133,37.6923,45.0486,9.0000,0.0000,3.0000,0.1516,0.6717,0.1516,0.6717
3825620,2015-10-04,La Liga,2015/2016,7.0000,Rayo Vallecano,Real Betis,H,Paco Jémez,Pepe Mel,0.0000,2.0000,0.0000,65.7143,73.2283,4.0889,21.1529,14.3116,0.3095,0.0000,11.3122,4.9783,0.4660,46.3576,56.1836,20.0000,0.0000,23.0000,0.9750,1.9804,0.9750,1.9804
3825620,2015-10-04,La Liga,2015/2016,7.0000,Real Betis,Rayo Vallecano,A,Pepe Mel,Paco Jémez,2.0000,0.0000,3.0000,34.2857,26.7717,2.8495,24.0934,22.2642,0.5594,0.0000,3.0928,11.5484,0.2770,24.4186,44.9725,11.0000,2.0000,9.0000,1.9804,0.9750,1.9804,0.9750
3825621,2015-10-04,La Liga,2015/2016,7.0000,Atlético Madrid,Real Madrid,H,Diego Simeone,Rafael Benítez,1.0000,1.0000,1.0000,46.7544,53.9623,4.7822,17.9101,8.6957,0.3311,33.3333,9.3168,11.8889,0.2817,47.9532,52.7209,13.0000,0.0000,18.0000,2.8664,0.4929,2.0829,0.4929
3825621,2015-10-04,La Liga,2015/2016,7.0000,Real Madrid,Atlético Madrid,A,Rafael Benítez,Diego Simeone,1.0000,1.0000,1.0000,53.2456,46.0377,6.1429,21.3931,14.8479,0.2621,11.1111,9.5890,10.3939,0.2589,29.7101,43.8096,4.0000,1.0000,9.0000,0.4929,2.8664,0.4929,2.0829
3825622,2015-10-04,La Liga,2015/2016,7.0000,Athletic Club,Valencia,H,Ernesto Valverde,Nuno Espírito Santo,3.0000,1.0000,3.0000,51.2245,62.1891,4.5455,22.6905,16.6667,0.3501,16.6667,11.7647,11.4688,0.2113,40.5941,52.5019,10.0000,0.0000,16.0000,1.9893,0.5788,1.9893,0.5788
3825622,2015-10-04,La Liga,2015/2016,7.0000,Valencia,Athletic Club,A,Nuno Espírito Santo,Ernesto Valverde,1.0000,3.0000,0.0000,48.7755,37.8109,5.1310,20.9080,15.3132,0.3332,20.0000,12.1212,14.5652,0.2171,33.0275,43.6856,7.0000,0.0000,10.0000,0.5788,1.9893,0.5788,1.9893
3825623,2015-10-17,La Liga,2015/2016,8.0000,Valencia,Málaga,H,Nuno Espírito Santo,Javi Gracia,3.0000,0.0000,3.0000,49.8913,42.2886,4.1458,19.8651,13.3166,0.3237,0.0000,9.0909,8.4412,0.4946,36.8421,46.7822,11.0000,0.0000,7.0000,1.6014,1.6187,0.8179,0.8352
3825623,2015-10-17,La Liga,2015/2016,8.0000,Málaga,Valencia,A,Javi Gracia,Nuno Espírito Santo,0.0000,3.0000,0.0000,50.1087,57.7114,3.4474,17.4361,9.6692,0.4033,40.0000,6.1538,7.3043,0.3377,46.4516,51.2942,11.0000,0.0000,10.0000,1.6187,1.6014,0.8352,0.8179
3825624,2015-10-17,La Liga,2015/2016,8.0000,Eibar,Sevilla,H,José Luis Mendilibar,Unai Emery,1.0000,1.0000,1.0000,42.2222,37.0732,2.8505,22.1477,18.6885,0.4763,0.0000,7.5269,11.6897,0.3360,40.9639,45.2008,11.0000,1.0000,14.0000,0.7235,1.7867,0.7235,1.7867
3825624,2015-10-17,La Liga,2015/2016,8.0000,Sevilla,Eibar,A,Unai Emery,José Luis Mendilibar,1.0000,1.0000,1.0000,57.7778,62.9268,3.6356,22.3829,16.5501,0.4355,11.1111,7.8313,10.3600,0.3296,52.9412,55.4174,20.0000,0.0000,15.0000,1.7867,0.7235,1.7867,0.7235
3825625,2015-10-17,La Liga,2015/2016,8.0000,Real Madrid,Levante UD,H,Rafael Benítez,Lucas Alcaraz,3.0000,0.0000,3.0000,57.3724,63.0952,5.7374,20.7650,11.9718,0.3011,33.3333,12.9534,9.7059,0.2572,43.9655,51.1796,7.0000,2.0000,21.0000,1.4531,1.4965,1.4531,1.4965
3825625,2015-10-17,La Liga,2015/2016,8.0000,Levante UD,Real Madrid,A,Lucas Alcaraz,Rafael Benítez,0.0000,3.0000,0.0000,42.6276,36.9048,3.8800,20.7364,13.6598,0.3581,23.5294,9.0090,22.5882,0.1993,28.9256,45.0646,11.0000,1.0000,17.0000,1.4965,1.4531,1.4965,1.4531
3825626,2015-10-17,La Liga,2015/2016,8.0000,Real Betis,Espanyol,H,Pepe Mel,Sergio,1.0000,3.0000,0.0000,58.8235,71.0383,4.1545,18.6877,9.1904,0.3761,0.0000,8.1871,5.9167,0.4368,45.9119,58.7703,21.0000,0.0000,21.0000,1.8799,1.4065,1.8799,1.4065
3825626,2015-10-17,La Liga,2015/2016,8.0000,Espanyol,Real Betis,A,Sergio,Pepe Mel,3.0000,1.0000,3.0000,41.1765,28.9617,2.9712,21.2581,14.5631,0.4495,11.1111,6.9444,7.9512,0.2962,29.8701,46.8452,8.0000,0.0000,12.0000,1.4065,1.8799,1.4065,1.8799
3825627,2015-10-17,La Liga,2015/2016,8.0000,Barcelona,Rayo Vallecano,H,Luis Enrique,Paco Jémez,5.0000,2.0000,3.0000,44.6809,34.9515,3.7545,19.2587,10.8959,0.3154,18.1818,7.0707,12.1875,0.3007,48.8372,47.8819,13.0000,1.0000,14.0000,4.6764,2.4733,3.1094,2.4733
3825627,2015-10-17,La Liga,2015/2016,8.0000,Rayo Vallecano,Barcelona,A,Paco Jémez,Luis Enrique,2.0000,5.0000,0.0000,55.3191,65.0485,4.8241,19.6366,13.6276,0.2795,60.0000,6.5359,10.7879,0.3528,59.5092,58.9849,23.0000,0.0000,22.0000,2.4733,4.6764,2.4733,3.1094
3825628,2015-10-18,La Liga,2015/2016,8.0000,Getafe,Las Palmas,H,Fran Escribá,Paco Herrera,4.0000,0.0000,3.0000,41.4729,43.3036,4.0745,19.5303,12.0104,0.3311,0.0000,6.7797,12.7188,0.1589,44.7917,47.0358,5.0000,0.0000,14.0000,2.7960,0.5421,2.7960,0.5421
3825628,2015-10-18,La Liga,2015/2016,8.0000,Las Palmas,Getafe,A,Paco Herrera,Fran Escribá,0.0000,4.0000,0.0000,58.5271,56.6964,5.1284,18.0237,7.3345,0.2380,0.0000,6.4103,8.8824,0.3364,44.4444,52.2486,9.0000,0.0000,16.0000,0.5421,2.7960,0.5421,2.7960
3825629,2015-10-18,La Liga,2015/2016,8.0000,Villarreal,Celta Vigo,H,Marcelino,Eduardo Berizzo,1.0000,2.0000,0.0000,32.5919,28.6260,3.2472,20.8636,11.7647,0.4491,0.0000,7.8431,16.5385,0.1636,42.1053,52.6200,15.0000,0.0000,12.0000,0.9547,1.5868,0.9547,1.5868
3825629,2015-10-18,La Liga,2015/2016,8.0000,Celta Vigo,Villarreal,A,Eduardo Berizzo,Marcelino,2.0000,1.0000,3.0000,67.4081,71.3740,6.6162,19.4517,10.6870,0.2533,0.0000,3.2407,9.1200,0.4214,46.4789,48.1716,10.0000,0.0000,13.0000,1.5868,0.9547,1.5868,0.9547
3825630,2015-10-18,La Liga,2015/2016,8.0000,RC Deportivo La Coruña,Athletic Club,H,Víctor Sánchez,Ernesto Valverde,2.0000,2.0000,1.0000,55.9039,51.9231,4.7778,22.1498,16.2791,0.3598,12.5000,8.9655,8.1667,0.3649,46.7532,49.4353,14.0000,0.0000,17.0000,1.3205,0.6069,1.3205,0.6069
3825630,2015-10-18,La Liga,2015/2016,8.0000,Athletic Club,RC Deportivo La Coruña,A,Ernesto Valverde,Víctor Sánchez,2.0000,2.0000,1.0000,44.0961,48.0769,4.1573,20.8658,12.4324,0.5200,12.5000,7.6336,10.9412,0.2112,41.5929,52.7306,12.0000,1.0000,7.0000,0.6069,1.3205,0.6069,1.3205
3825631,2015-10-18,La Liga,2015/2016,8.0000,Real Sociedad,Atlético Madrid,H,David Moyes,Diego Simeone,0.0000,2.0000,0.0000,57.4324,65.1079,5.7053,20.8884,11.6236,0.3086,25.0000,8.0402,10.3929,0.2698,31.0924,54.9173,14.0000,0.0000,11.0000,0.6397,1.5757,0.6397,1.5757
3825631,2015-10-18,La Liga,2015/2016,8.0000,Atlético Madrid,Real Sociedad,A,Diego Simeone,David Moyes,2.0000,0.0000,3.0000,42.5676,34.8921,4.2527,19.1399,12.1447,0.3675,12.5000,2.3256,15.5217,0.3059,31.8681,45.3176,11.0000,0.0000,7.0000,1.5757,0.6397,1.5757,0.6397
3825632,2015-10-19,La Liga,2015/2016,8.0000,Sporting Gijón,Granada,H,Abelardo,José Ramón Sandoval,3.0000,3.0000,1.0000,66.4720,73.0337,4.4000,21.2543,14.4269,0.3305,10.0000,12.0805,6.2286,0.3868,35.1351,50.6315,14.0000,0.0000,15.0000,0.8932,1.9816,0.8932,1.9816
3825632,2015-10-19,La Liga,2015/2016,8.0000,Granada,Sporting Gijón,A,José Ramón Sandoval,Abelardo,3.0000,3.0000,1.0000,33.5280,26.9663,2.9877,25.7588,23.9669,0.5415,0.0000,9.8765,11.2778,0.2390,30.8824,47.0650,8.0000,5.0000,14.0000,1.9816,0.8932,1.9816,0.8932
3825633,2015-10-23,La Liga,2015/2016,9.0000,Rayo Vallecano,Espanyol,H,Paco Jémez,Sergio,3.0000,0.0000,3.0000,66.3441,82.6347,5.3396,23.2753,16.6078,0.2437,33.3333,8.6705,8.2121,0.2620,54.8780,55.0522,9.0000,1.0000,13.0000,2.2500,1.3099,1.4665,0.5264
3825633,2015-10-23,La Liga,2015/2016,9.0000,Espanyol,Rayo Vallecano,A,Sergio,Paco Jémez,0.0000,3.0000,0.0000,33.6559,17.3653,2.4851,24.7920,23.1076,0.4803,0.0000,6.6667,19.3636,0.1621,24.0000,42.2747,5.0000,1.0000,9.0000,1.3099,2.2500,0.5264,1.4665
3825634,2015-10-24,La Liga,2015/2016,9.0000,Granada,Real Betis,H,José Ramón Sandoval,Pepe Mel,1.0000,1.0000,1.0000,39.9103,40.6780,3.3261,24.5310,20.9150,0.5328,0.0000,8.6957,11.2647,0.4179,34.3750,51.8275,16.0000,1.0000,17.0000,1.3824,1.1493,1.3824,0.3658
3825634,2015-10-24,La Liga,2015/2016,9.0000,Real Betis,Granada,A,Pepe Mel,José Ramón Sandoval,1.0000,1.0000,1.0000,60.0897,59.3220,4.5825,20.8086,13.9831,0.4049,0.0000,4.6512,8.7931,0.4382,36.5385,47.9580,11.0000,0.0000,8.0000,1.1493,1.3824,0.3658,1.3824
3825635,2015-10-24,La Liga,2015/2016,9.0000,Celta Vigo,Real Madrid,H,Eduardo Berizzo,Rafael Benítez,1.0000,3.0000,0.0000,50.8364,49.0421,5.0700,20.4405,10.8481,0.3541,25.0000,5.6250,10.8182,0.3440,42.8571,49.2492,14.0000,0.0000,17.0000,1.5985,2.0952,1.5985,2.0952
3825635,2015-10-24,La Liga,2015/2016,9.0000,Real Madrid,Celta Vigo,A,Rafael Benítez,Eduardo Berizzo,3.0000,1.0000,3.0000,49.1636,50.9579,5.0316,19.4019,12.1339,0.3488,7.6923,7.1429,12.1000,0.1865,42.1569,46.0800,6.0000,1.0000,14.0000,2.0952,1.5985,2.0952,1.5985
3825636,2015-10-24,La Liga,2015/2016,9.0000,Málaga,RC Deportivo La Coruña,H,Javi Gracia,Víctor Sánchez,2.0000,0.0000,3.0000,49.6592,56.8966,4.1667,21.8623,15.5556,0.4080,33.3333,11.1940,15.1923,0.1412,60.2740,49.9596,10.0000,1.0000,9.0000,0.5155,0.6503,0.5155,0.6503
3825636,2015-10-24,La Liga,2015/2016,9.0000,RC Deportivo La Coruña,Málaga,A,Víctor Sánchez,Javi Gracia,0.0000,2.0000,0.0000,50.3408,43.1034,3.8908,22.3381,17.9266,0.3903,0.0000,5.9322,11.2727,0.3098,41.1392,48.0648,3.0000,0.0000,10.0000,0.6503,0.5155,0.6503,0.5155
3825874,2015-10-24,La Liga,2015/2016,9.0000,Sevilla,Getafe,H,Unai Emery,Fran Escribá,5.0000,0.0000,3.0000,56.5463,64.4860,5.8875,20.4183,9.5541,0.2869,71.4286,15.4762,8.7500,0.2182,52.3810,55.5190,22.0000,1.0000,22.0000,4.0750,0.2919,1.7245,0.2919
3825874,2015-10-24,La Liga,2015/2016,9.0000,Getafe,Sevilla,A,Fran Escribá,Unai Emery,0.0000,5.0000,0.0000,43.4537,35.5140,3.9059,20.3336,13.5542,0.3259,0.0000,11.3636,17.2105,0.2954,30.4054,41.0283,8.0000,0.0000,6.0000,0.2919,4.0750,0.2919,1.7245
3825637,2015-10-25,La Liga,2015/2016,9.0000,Barcelona,Eibar,H,Luis Enrique,José Luis Mendilibar,3.0000,1.0000,3.0000,66.5957,67.0391,4.8729,19.3518,9.7391,0.2950,60.0000,7.0513,6.4412,0.3471,49.5413,52.1938,14.0000,0.0000,14.0000,1.7111,0.7779,1.7111,0.7779
3825637,2015-10-25,La Liga,2015/2016,9.0000,Eibar,Barcelona,A,José Luis Mendilibar,Luis Enrique,1.0000,3.0000,0.0000,33.4043,32.9609,2.4950,20.8316,17.8571,0.4506,0.0000,5.0633,13.5758,0.2316,42.7586,49.9008,5.0000,0.0000,7.0000,0.7779,1.7111,0.7779,1.7111
3825638,2015-10-25,La Liga,2015/2016,9.0000,Atlético Madrid,Valencia,H,Diego Simeone,Nuno Espírito Santo,2.0000,1.0000,3.0000,49.6907,79.2746,4.1442,18.2848,10.9049,0.3788,0.0000,7.5145,6.6667,0.2951,60.4167,58.9315,11.0000,0.0000,16.0000,1.9911,0.8659,1.9911,0.0824
3825638,2015-10-25,La Liga,2015/2016,9.0000,Valencia,Atlético Madrid,A,Nuno Espírito Santo,Diego Simeone,1.0000,2.0000,0.0000,50.3093,20.7254,4.0476,21.3132,16.2353,0.3318,16.6667,1.7857,11.5417,0.3672,26.5537,42.8910,7.0000,0.0000,7.0000,0.8659,1.9911,0.0824,1.9911
3825639,2015-10-25,La Liga,2015/2016,9.0000,Las Palmas,Villarreal,H,Quique Setién,Marcelino,0.0000,0.0000,1.0000,58.2303,47.2973,5.0093,19.8139,10.7209,0.2445,25.0000,5.0420,14.0000,0.3257,34.2657,47.1900,13.0000,0.0000,7.0000,0.2989,0.3178,0.2989,0.3178
3825639,2015-10-25,La Liga,2015/2016,9.0000,Villarreal,Las Palmas,A,Marcelino,Quique Setién,0.0000,0.0000,1.0000,41.7697,52.7027,3.9792,20.3289,11.5183,0.4479,0.0000,2.0979,13.0857,0.3072,49.4681,53.9588,8.0000,1.0000,5.0000,0.3178,0.2989,0.3178,0.2989
3825640,2015-10-25,La Liga,2015/2016,9.0000,Levante UD,Real Sociedad,H,Lucas Alcaraz,David Moyes,0.0000,4.0000,0.0000,57.1776,58.4416,3.5487,22.0622,17.7057,0.4354,12.5000,9.8039,7.5333,0.3438,47.9339,57.5991,17.0000,0.0000,13.0000,0.9976,3.4123,0.9976,3.4123
3825640,2015-10-25,La Liga,2015/2016,9.0000,Real Sociedad,Levante UD,A,David Moyes,Lucas Alcaraz,4.0000,0.0000,3.0000,42.8224,41.5584,3.1413,20.9804,18.3391,0.4454,0.0000,6.0345,9.4194,0.3596,40.2367,47.5560,10.0000,0.0000,13.0000,3.4123,0.9976,3.4123,0.9976
3825641,2015-10-26,La Liga,2015/2016,9.0000,Athletic Club,Sporting Gijón,H,Ernesto Valverde,Abelardo,3.0000,0.0000,3.0000,51.1111,55.8011,4.8617,21.0785,14.4420,0.4044,0.0000,9.4203,14.0000,0.3450,46.1078,49.5448,12.0000,1.0000,20.0000,2.8906,0.1817,2.1071,0.1817
3825641,2015-10-26,La Liga,2015/2016,9.0000,Sporting Gijón,Athletic Club,A,Abelardo,Ernesto Valverde,0.0000,3.0000,0.0000,48.8889,44.1989,4.4632,21.1760,13.6792,0.3715,0.0000,11.4035,13.3571,0.2194,49.5495,47.0800,5.0000,0.0000,6.0000,0.1817,2.8906,0.1817,2.1071
3825642,2015-10-30,La Liga,2015/2016,10.0000,RC Deportivo La Coruña,Atlético Madrid,H,Víctor Sánchez,Diego Simeone,1.0000,1.0000,1.0000,44.5773,47.2222,5.6310,25.0306,21.3531,0.3363,14.2857,6.7568,18.0000,0.2743,36.5169,46.0649,9.0000,0.0000,7.0000,0.6794,1.3716,0.6794,1.3716
3825642,2015-10-30,La Liga,2015/2016,10.0000,Atlético Madrid,RC Deportivo La Coruña,A,Diego Simeone,Víctor Sánchez,1.0000,1.0000,1.0000,55.4227,52.7778,6.8409,20.9024,11.7940,0.3180,28.5714,7.3826,10.0286,0.2605,34.5588,50.9687,19.0000,1.0000,12.0000,1.3716,0.6794,1.3716,0.6794
3825643,2015-10-31,La Liga,2015/2016,10.0000,Real Madrid,Las Palmas,H,Rafael Benítez,Quique Setién,3.0000,1.0000,3.0000,53.4146,61.4108,5.9709,20.2976,9.5935,0.2374,33.3333,11.3095,9.7500,0.2391,48.9051,59.3881,23.0000,1.0000,17.0000,2.5127,0.9231,2.5127,0.9231
3825643,2015-10-31,La Liga,2015/2016,10.0000,Las Palmas,Real Madrid,A,Quique Setién,Rafael Benítez,1.0000,3.0000,0.0000,46.5854,38.5892,5.4583,17.5259,5.9160,0.2496,0.0000,7.3394,22.9000,0.2344,32.4675,43.0960,7.0000,0.0000,8.0000,0.9231,2.5127,0.9231,2.5127
3825644,2015-10-31,La Liga,2015/2016,10.0000,Real Sociedad,Celta Vigo,H,David Moyes,Eduardo Berizzo,2.0000,3.0000,0.0000,42.3163,50.0000,2.9091,20.7694,15.3125,0.4776,0.0000,11.4286,14.9583,0.3340,34.1040,47.8935,17.0000,0.0000,21.0000,1.3752,1.2252,1.3752,1.2252
3825644,2015-10-31,La Liga,2015/2016,10.0000,Celta Vigo,Real Sociedad,A,Eduardo Berizzo,David Moyes,3.0000,2.0000,3.0000,57.6837,50.0000,5.1099,21.2781,13.9785,0.3683,11.1111,7.1429,7.2188,0.4026,33.9869,49.6744,15.0000,2.0000,16.0000,1.2252,1.3752,1.2252,1.3752
3825645,2015-10-31,La Liga,2015/2016,10.0000,Getafe,Barcelona,H,Fran Escribá,Luis Enrique,0.0000,2.0000,0.0000,30.6177,17.6056,3.3483,22.0697,17.1141,0.4146,0.0000,8.5714,23.2500,0.1781,25.3623,37.0807,3.0000,0.0000,6.0000,0.2432,1.9832,0.2432,1.9832
3825645,2015-10-31,La Liga,2015/2016,10.0000,Barcelona,Getafe,A,Luis Enrique,Fran Escribá,2.0000,0.0000,3.0000,69.3823,82.3944,7.0286,17.9212,7.7236,0.2388,75.0000,9.4340,9.0667,0.3889,60.9023,61.4620,23.0000,0.0000,15.0000,1.9832,0.2432,1.9832,0.2432
3825646,2015-10-31,La Liga,2015/2016,10.0000,Villarreal,Sevilla,H,Marcelino,Unai Emery,2.0000,1.0000,3.0000,51.4950,56.7568,5.2949,20.6618,12.8329,0.3049,16.6667,6.2937,10.5333,0.2169,34.7368,52.8186,10.0000,0.0000,12.0000,1.2118,0.6724,1.2118,0.6724
3825646,2015-10-31,La Liga,2015/2016,10.0000,Sevilla,Villarreal,A,Unai Emery,Marcelino,1.0000,2.0000,0.0000,48.5050,43.2432,4.3182,22.2933,15.0000,0.3385,25.0000,8.2645,11.6923,0.2688,43.2000,50.2044,9.0000,0.0000,6.0000,0.6724,1.2118,0.6724,1.2118
3825647,2015-10-31,La Liga,2015/2016,10.0000,Valencia,Levante UD,H,Nuno Espírito Santo,Rubí,3.0000,0.0000,3.0000,58.2143,56.0209,3.8304,20.4325,13.2867,0.2938,0.0000,16.8142,9.1538,0.4473,31.2102,44.3098,11.0000,2.0000,14.0000,2.5717,0.8431,1.7882,0.8431
3825647,2015-10-31,La Liga,2015/2016,10.0000,Levante UD,Valencia,A,Rubí,Nuno Espírito Santo,0.0000,3.0000,0.0000,41.7857,43.9791,2.5364,22.6831,17.5627,0.4258,0.0000,9.3750,9.4865,0.2147,55.2381,52.4637,14.0000,0.0000,10.0000,0.8431,2.5717,0.8431,1.7882
3825648,2015-11-01,La Liga,2015/2016,10.0000,Eibar,Rayo Vallecano,H,José Luis Mendilibar,Paco Jémez,1.0000,0.0000,3.0000,37.8556,44.0594,3.1196,25.5261,25.0871,0.5466,0.0000,10.4000,9.3778,0.3398,58.5492,56.1930,15.0000,0.0000,11.0000,1.4227,0.4342,1.4227,0.4342
3825648,2015-11-01,La Liga,2015/2016,10.0000,Rayo Vallecano,Eibar,A,Paco Jémez,José Luis Mendilibar,0.0000,1.0000,0.0000,62.1444,55.9406,4.4144,21.6556,16.7347,0.4150,25.0000,7.5862,12.7647,0.4162,34.0278,40.2290,5.0000,0.0000,6.0000,0.4342,1.4227,0.4342,1.4227
3825649,2015-11-01,La Liga,2015/2016,10.0000,Sporting Gijón,Málaga,H,Abelardo,Javi Gracia,1.0000,0.0000,3.0000,36.3248,31.7972,3.0515,22.8927,16.5541,0.4546,0.0000,5.2083,11.9375,0.2349,31.4286,49.4271,8.0000,1.0000,9.0000,1.1563,0.6861,1.1563,0.6861
3825649,2015-11-01,La Liga,2015/2016,10.0000,Málaga,Sporting Gijón,A,Javi Gracia,Abelardo,0.0000,1.0000,0.0000,63.6752,68.2028,5.8602,17.9083,9.7248,0.3874,33.3333,6.1538,9.0000,0.2853,51.5464,53.9475,16.0000,0.0000,13.0000,0.6861,1.1563,0.6861,1.1563
3825650,2015-11-01,La Liga,2015/2016,10.0000,Real Betis,Athletic Club,H,Pepe Mel,Ernesto Valverde,1.0000,3.0000,0.0000,53.4707,48.4848,3.6638,19.9613,12.9412,0.4038,9.0909,2.1277,6.9487,0.3706,42.1384,50.3104,10.0000,1.0000,11.0000,1.3035,3.1350,0.5200,3.1350
3825650,2015-11-01,La Liga,2015/2016,10.0000,Athletic Club,Real Betis,A,Ernesto Valverde,Pepe Mel,3.0000,1.0000,3.0000,46.5293,51.5152,3.5810,21.6928,17.2872,0.4063,0.0000,10.6383,8.3333,0.3002,38.5135,46.0428,12.0000,3.0000,23.0000,3.1350,1.3035,3.1350,0.5200
3825651,2015-11-01,La Liga,2015/2016,10.0000,Espanyol,Granada,H,Sergio,José Ramón Sandoval,1.0000,1.0000,1.0000,56.1842,59.4937,3.5534,22.0688,16.1202,0.4390,0.0000,9.4828,7.8387,0.3604,49.1667,52.3936,10.0000,0.0000,9.0000,1.9732,0.7503,1.9732,0.7503
3825651,2015-11-01,La Liga,2015/2016,10.0000,Granada,Espanyol,A,José Ramón Sandoval,Sergio,1.0000,1.0000,1.0000,43.8158,40.5063,2.8351,22.9710,18.5455,0.4938,0.0000,6.7416,6.6667,0.4075,46.5517,53.1236,6.0000,2.0000,10.0000,0.7503,1.9732,0.7503,1.9732
3825652,2015-11-06,La Liga,2015/2016,11.0000,Las Palmas,Real Sociedad,H,Quique Setién,David Moyes,2.0000,0.0000,3.0000,46.9388,32.7014,3.7685,20.5281,13.5135,0.3714,9.0909,7.9545,12.0385,0.3750,22.0513,42.0431,2.0000,1.0000,9.0000,0.9753,0.7542,0.9753,0.7542
3825652,2015-11-06,La Liga,2015/2016,11.0000,Real Sociedad,Las Palmas,A,David Moyes,Quique Setién,0.0000,2.0000,0.0000,53.0612,67.2986,4.3178,21.5677,15.1515,0.3483,33.3333,14.8352,7.0588,0.1957,45.5556,60.9519,18.0000,0.0000,11.0000,0.7542,0.9753,0.7542,0.9753
3825653,2015-11-07,La Liga,2015/2016,11.0000,Eibar,Getafe,H,José Luis Mendilibar,Fran Escribá,3.0000,1.0000,3.0000,44.6903,50.4673,3.6327,22.0356,17.6966,0.4547,0.0000,11.5942,9.6216,0.3140,43.3121,50.3760,15.0000,0.0000,16.0000,2.2433,0.5658,1.4598,0.5658
3825653,2015-11-07,La Liga,2015/2016,11.0000,Getafe,Eibar,A,Fran Escribá,José Luis Mendilibar,1.0000,3.0000,0.0000,55.3097,49.5327,3.7778,21.6626,14.9321,0.3934,0.0000,10.8696,9.7143,0.3144,50.3937,49.0462,14.0000,0.0000,9.0000,0.5658,2.2433,0.5658,1.4598
3825654,2015-11-07,La Liga,2015/2016,11.0000,Celta Vigo,Valencia,H,Eduardo Berizzo,Nuno Espírito Santo,1.0000,5.0000,0.0000,58.6930,65.9574,3.9143,20.2261,10.9489,0.3583,50.0000,7.2993,7.4545,0.4716,39.2405,55.3694,18.0000,0.0000,17.0000,1.3571,1.6566,1.3571,1.6566
3825654,2015-11-07,La Liga,2015/2016,11.0000,Valencia,Celta Vigo,A,Nuno Espírito Santo,Eduardo Berizzo,5.0000,1.0000,3.0000,41.3070,34.0426,3.0000,20.8605,17.9211,0.4644,8.3333,7.0588,9.3824,0.3445,35.3659,45.1636,5.0000,0.0000,9.0000,1.6566,1.3571,1.6566,1.3571
3825655,2015-11-07,La Liga,2015/2016,11.0000,Rayo Vallecano,Granada,H,Paco Jémez,José Ramón Sandoval,2.0000,1.0000,3.0000,40.5562,46.7836,2.9082,22.9317,18.5965,0.4679,0.0000,5.9406,17.8571,0.2593,36.8421,49.8674,12.0000,0.0000,7.0000,1.0654,0.6073,1.0654,0.6073
3825655,2015-11-07,La Liga,2015/2016,11.0000,Granada,Rayo Vallecano,A,José Ramón Sandoval,Paco Jémez,1.0000,2.0000,0.0000,59.4438,53.2164,4.9780,23.1383,18.9845,0.4117,60.0000,7.9710,13.5556,0.2914,46.0784,44.5282,7.0000,0.0000,8.0000,0.6073,1.0654,0.6073,1.0654
3825656,2015-11-07,La Liga,2015/2016,11.0000,Levante UD,RC Deportivo La Coruña,H,Rubí,Víctor Sánchez,1.0000,1.0000,1.0000,54.0453,61.9512,4.6316,21.7915,15.2273,0.3949,28.5714,10.4575,12.2000,0.3122,46.6165,52.5505,16.0000,0.0000,17.0000,1.5299,0.5639,1.5299,0.5639
3825656,2015-11-07,La Liga,2015/2016,11.0000,RC Deportivo La Coruña,Levante UD,A,Víctor Sánchez,Rubí,1.0000,1.0000,1.0000,45.9547,38.0488,4.0215,23.1890,17.3797,0.3718,0.0000,7.6923,13.7917,0.1936,29.8969,45.1248,9.0000,0.0000,9.0000,0.5639,1.5299,0.5639,1.5299
3825657,2015-11-07,La Liga,2015/2016,11.0000,Málaga,Real Betis,H,Javi Gracia,Pepe Mel,0.0000,1.0000,0.0000,56.8287,67.9612,4.3980,20.7883,13.6891,0.3489,0.0000,10.7784,6.1087,0.4182,53.2051,58.0087,18.0000,0.0000,12.0000,0.8053,0.7929,0.8053,0.7929
3825657,2015-11-07,La Liga,2015/2016,11.0000,Real Betis,Málaga,A,Pepe Mel,Javi Gracia,1.0000,0.0000,3.0000,43.1713,32.0388,3.7326,20.2987,14.0187,0.4482,0.0000,7.0588,12.2800,0.2749,31.1111,42.2368,5.0000,1.0000,7.0000,0.7929,0.8053,0.7929,0.8053
3825658,2015-11-08,La Liga,2015/2016,11.0000,Atlético Madrid,Sporting Gijón,H,Diego Simeone,Abelardo,1.0000,0.0000,3.0000,69.8207,91.0345,6.1250,19.0491,9.8901,0.3731,28.5714,10.6796,5.8222,0.4158,61.1111,60.2132,21.0000,1.0000,15.0000,1.3544,0.4532,1.3544,0.4532
3825658,2015-11-08,La Liga,2015/2016,11.0000,Sporting Gijón,Atlético Madrid,A,Abelardo,Diego Simeone,0.0000,1.0000,0.0000,30.1793,8.9655,3.1358,27.9492,29.9213,0.6168,0.0000,6.8966,16.8182,0.0870,24.5902,38.6561,3.0000,1.0000,9.0000,0.4532,1.3544,0.4532,1.3544
3825659,2015-11-08,La Liga,2015/2016,11.0000,Athletic Club,Espanyol,H,Ernesto Valverde,Sergio,2.0000,1.0000,3.0000,44.8953,56.4626,2.6408,22.7438,18.0147,0.5026,0.0000,9.4828,6.4510,0.3895,52.4390,57.1744,15.0000,0.0000,8.0000,0.5185,0.4611,0.5185,0.4611
3825659,2015-11-08,La Liga,2015/2016,11.0000,Espanyol,Athletic Club,A,Sergio,Ernesto Valverde,1.0000,2.0000,0.0000,55.1047,43.5374,3.8105,21.1322,13.5359,0.3707,14.2857,5.0633,6.7273,0.3644,36.8000,45.8355,4.0000,0.0000,5.0000,0.4611,0.5185,0.4611,0.5185
3825660,2015-11-08,La Liga,2015/2016,11.0000,Barcelona,Villarreal,H,Luis Enrique,Marcelino,3.0000,0.0000,3.0000,63.1434,76.1905,6.2871,18.7532,7.5591,0.2384,75.0000,3.3898,9.0303,0.3017,61.9835,55.9032,16.0000,2.0000,20.0000,2.8698,0.3260,2.0863,0.3260
3825660,2015-11-08,La Liga,2015/2016,11.0000,Villarreal,Barcelona,A,Marcelino,Luis Enrique,0.0000,3.0000,0.0000,36.8566,23.8095,3.7849,19.8990,11.6477,0.3819,27.2727,2.1277,13.6552,0.1776,36.0656,46.3010,6.0000,0.0000,5.0000,0.3260,2.8698,0.3260,2.0863
3825661,2015-11-08,La Liga,2015/2016,11.0000,Sevilla,Real Madrid,H,Unai Emery,Rafael Benítez,3.0000,2.0000,3.0000,45.0135,42.5676,5.0543,20.3769,11.3978,0.2999,33.3333,12.7660,20.2778,0.2516,31.1688,47.2663,13.0000,0.0000,15.0000,1.9980,1.6335,1.9980,1.6335
3825661,2015-11-08,La Liga,2015/2016,11.0000,Real Madrid,Sevilla,A,Rafael Benítez,Unai Emery,2.0000,3.0000,0.0000,54.9865,57.4324,6.3146,19.3348,9.2527,0.2585,12.5000,8.5859,12.0345,0.2156,52.7778,49.5093,10.0000,0.0000,28.0000,1.6335,1.9980,1.6335,1.9980
266424,2015-11-21,La Liga,2015/2016,12.0000,Real Madrid,Barcelona,H,Rafael Benítez,Luis Enrique,0.0000,4.0000,0.0000,42.0052,49.7925,4.3400,20.3755,13.1336,0.3156,22.2222,6.5217,15.4516,0.2325,48.0769,49.7379,8.0000,0.0000,13.0000,1.3431,2.4794,1.3431,2.4794
266424,2015-11-21,La Liga,2015/2016,12.0000,Barcelona,Real Madrid,A,Luis Enrique,Rafael Benítez,4.0000,0.0000,3.0000,57.9948,50.2075,6.1650,18.2663,9.2913,0.1827,50.0000,5.9701,15.1905,0.2325,44.2478,50.3386,8.0000,0.0000,18.0000,2.4794,1.3431,2.4794,1.3431
3825662,2015-11-21,La Liga,2015/2016,12.0000,RC Deportivo La Coruña,Celta Vigo,H,Víctor Sánchez,Eduardo Berizzo,2.0000,0.0000,3.0000,39.6843,34.4828,3.3548,22.0645,17.3077,0.4900,0.0000,5.2632,9.2439,0.3308,41.2429,44.7503,7.0000,1.0000,5.0000,1.0777,1.1353,1.0777,0.3518
3825662,2015-11-21,La Liga,2015/2016,12.0000,Celta Vigo,RC Deportivo La Coruña,A,Eduardo Berizzo,Víctor Sánchez,0.0000,2.0000,0.0000,60.3157,65.5172,4.5673,20.0313,10.7368,0.4120,16.6667,6.4516,7.7576,0.4148,50.0000,50.8313,16.0000,0.0000,7.0000,1.1353,1.0777,0.3518,1.0777
3825663,2015-11-21,La Liga,2015/2016,12.0000,Espanyol,Málaga,H,Sergio,Javi Gracia,2.0000,0.0000,3.0000,41.3043,36.8201,3.6279,22.1536,16.6667,0.4102,16.6667,10.0000,10.8571,0.2807,38.1944,44.5906,11.0000,1.0000,8.0000,0.8745,1.1695,0.8745,1.1695
3825663,2015-11-21,La Liga,2015/2016,12.0000,Málaga,Espanyol,A,Javi Gracia,Sergio,0.0000,2.0000,0.0000,58.6957,63.1799,4.5300,19.4898,12.3620,0.3813,28.5714,6.0440,6.7105,0.3573,56.5891,55.3607,17.0000,0.0000,15.0000,1.1695,0.8745,1.1695,0.8745
3825664,2015-11-21,La Liga,2015/2016,12.0000,Real Sociedad,Sevilla,H,Eusebio Sacristán,Unai Emery,2.0000,0.0000,3.0000,59.3985,62.6761,4.1833,20.0762,13.1474,0.2917,0.0000,7.5377,12.5500,0.3360,42.5197,47.7843,13.0000,0.0000,14.0000,0.9950,1.0973,0.9950,1.0973
3825664,2015-11-21,La Liga,2015/2016,12.0000,Sevilla,Real Sociedad,A,Unai Emery,Eusebio Sacristán,0.0000,2.0000,0.0000,40.6015,37.3239,3.5161,23.1495,20.7951,0.4423,25.0000,13.5593,13.3200,0.2857,49.3671,52.1990,17.0000,0.0000,13.0000,1.0973,0.9950,1.0973,0.9950
3825888,2015-11-21,La Liga,2015/2016,12.0000,Valencia,Las Palmas,H,Nuno Espírito Santo,Quique Setién,1.0000,1.0000,1.0000,38.5366,31.1377,4.0341,21.0218,13.8028,0.3840,0.0000,12.0482,10.3556,0.3762,41.3502,47.5870,7.0000,0.0000,9.0000,1.5161,1.6347,1.5161,1.6347
3825888,2015-11-21,La Liga,2015/2016,12.0000,Las Palmas,Valencia,A,Quique Setién,Nuno Espírito Santo,1.0000,1.0000,1.0000,61.4634,68.8623,5.2294,19.0447,10.1754,0.2258,50.0000,5.5118,9.0588,0.3772,53.6913,56.2054,19.0000,1.0000,18.0000,1.6347,1.5161,1.6347,1.5161
3825665,2015-11-22,La Liga,2015/2016,12.0000,Granada,Athletic Club,H,José Ramón Sandoval,Ernesto Valverde,2.0000,0.0000,3.0000,32.7526,29.8851,2.4124,23.6660,24.7863,0.5774,0.0000,6.6667,11.3333,0.1813,37.1429,46.8176,12.0000,1.0000,8.0000,0.6076,1.1698,0.6076,1.1698
3825665,2015-11-22,La Liga,2015/2016,12.0000,Athletic Club,Granada,A,Ernesto Valverde,José Ramón Sandoval,0.0000,2.0000,0.0000,67.2474,70.1149,4.2991,22.4138,16.6998,0.3785,37.5000,9.9338,7.4138,0.4362,45.5285,53.2717,16.0000,0.0000,12.0000,1.1698,0.6076,1.1698,0.6076
3825666,2015-11-22,La Liga,2015/2016,12.0000,Real Betis,Atlético Madrid,H,Pepe Mel,Diego Simeone,0.0000,1.0000,0.0000,44.0708,39.3443,4.2736,21.2125,15.2318,0.3768,14.2857,7.3333,16.9130,0.2041,44.1860,45.2949,9.0000,0.0000,7.0000,0.2913,2.0647,0.2913,2.0647
3825666,2015-11-22,La Liga,2015/2016,12.0000,Atlético Madrid,Real Betis,A,Diego Simeone,Pepe Mel,1.0000,0.0000,3.0000,55.9292,60.6557,6.2128,16.6463,7.5342,0.2820,0.0000,6.2500,10.4688,0.3414,42.3529,51.9234,14.0000,1.0000,11.0000,2.0647,0.2913,2.0647,0.2913
3825667,2015-11-22,La Liga,2015/2016,12.0000,Villarreal,Eibar,H,Marcelino,José Luis Mendilibar,1.0000,1.0000,1.0000,57.1582,51.6746,4.1754,20.8784,11.9748,0.4128,22.2222,8.1081,9.5185,0.2814,40.1786,51.7675,19.0000,0.0000,12.0000,1.7150,2.6637,1.7150,1.8802
3825667,2015-11-22,La Liga,2015/2016,12.0000,Eibar,Villarreal,A,José Luis Mendilibar,Marcelino,1.0000,1.0000,1.0000,42.8418,48.3254,3.3333,23.0138,17.1429,0.5274,0.0000,12.4088,12.0938,0.2919,41.2903,48.8605,16.0000,2.0000,17.0000,2.6637,1.7150,1.8802,1.7150
3825668,2015-11-22,La Liga,2015/2016,12.0000,Sporting Gijón,Levante UD,H,Abelardo,Rubí,0.0000,3.0000,0.0000,52.3404,53.7383,5.3855,21.6813,14.9888,0.4216,37.5000,12.1019,11.8800,0.4107,42.9348,53.8064,13.0000,0.0000,14.0000,2.4046,2.2970,1.6211,2.2970
3825668,2015-11-22,La Liga,2015/2016,12.0000,Levante UD,Sporting Gijón,A,Rubí,Abelardo,3.0000,0.0000,3.0000,47.6596,46.2617,4.9146,20.6399,12.9032,0.3842,0.0000,7.9365,17.2000,0.1972,41.2371,43.9435,11.0000,0.0000,13.0000,2.2970,2.4046,2.2970,1.6211
3825669,2015-11-23,La Liga,2015/2016,12.0000,Getafe,Rayo Vallecano,H,Fran Escribá,Paco Jémez,1.0000,1.0000,1.0000,39.5076,43.4066,2.6538,22.5185,17.7536,0.4917,0.0000,13.8614,11.1515,0.4244,44.7489,51.2780,17.0000,0.0000,15.0000,0.6586,1.7225,0.6586,0.9390
3825669,2015-11-23,La Liga,2015/2016,12.0000,Rayo Vallecano,Getafe,A,Paco Jémez,Fran Escribá,1.0000,1.0000,1.0000,60.4924,56.5934,3.0616,19.5127,12.0805,0.3381,36.3636,13.7097,7.7667,0.4718,47.7987,53.2823,10.0000,0.0000,8.0000,1.7225,0.6586,0.9390,0.6586
3825670,2015-11-27,La Liga,2015/2016,13.0000,Levante UD,Real Betis,H,Rubí,Pepe Mel,0.0000,1.0000,0.0000,56.3107,61.8421,4.6040,21.2503,14.8387,0.3578,50.0000,9.4972,11.6667,0.3531,41.2587,53.5337,17.0000,0.0000,14.0000,1.4309,0.8619,1.4309,0.8619
3825670,2015-11-27,La Liga,2015/2016,13.0000,Real Betis,Levante UD,A,Pepe Mel,Rubí,1.0000,0.0000,3.0000,43.6893,38.1579,4.2024,19.9945,14.4476,0.3844,0.0000,7.6923,12.2308,0.2337,38.5246,47.2860,13.0000,0.0000,11.0000,0.8619,1.4309,0.8619,1.4309
266885,2015-11-28,La Liga,2015/2016,13.0000,Barcelona,Real Sociedad,H,Luis Enrique,Eusebio Sacristán,4.0000,0.0000,3.0000,55.8708,48.7562,5.5745,19.8662,13.1679,0.2780,66.6667,8.9431,14.7273,0.1796,46.9136,44.1870,12.0000,1.0000,12.0000,2.4900,0.6088,2.4900,0.6088
266885,2015-11-28,La Liga,2015/2016,13.0000,Real Sociedad,Barcelona,A,Eusebio Sacristán,Luis Enrique,0.0000,4.0000,0.0000,44.1292,51.2438,4.3956,18.2364,8.7500,0.3162,11.1111,11.1111,12.4286,0.3573,52.4510,50.6678,17.0000,1.0000,10.0000,0.6088,2.4900,0.6088,2.4900
3825671,2015-11-28,La Liga,2015/2016,13.0000,Celta Vigo,Sporting Gijón,H,Eduardo Berizzo,Abelardo,2.0000,1.0000,3.0000,58.3000,52.5000,6.7375,21.3437,11.8738,0.2848,33.3333,5.2239,11.1200,0.3357,37.1429,44.5325,12.0000,3.0000,6.0000,1.5483,0.8213,1.5483,0.8213
3825671,2015-11-28,La Liga,2015/2016,13.0000,Sporting Gijón,Celta Vigo,A,Abelardo,Eduardo Berizzo,1.0000,2.0000,0.0000,41.7000,47.5000,3.8421,22.8551,17.2603,0.4488,0.0000,6.6667,12.3056,0.2196,48.4375,53.8500,19.0000,1.0000,8.0000,0.8213,1.5483,0.8213,1.5483
3825672,2015-11-28,La Liga,2015/2016,13.0000,Málaga,Granada,H,Javi Gracia,José Ramón Sandoval,2.0000,2.0000,1.0000,43.8596,48.1818,2.7113,21.7013,16.3498,0.5023,14.2857,14.0496,10.7600,0.1923,27.5000,43.9814,5.0000,0.0000,12.0000,1.7469,0.5475,1.7469,0.5475
3825672,2015-11-28,La Liga,2015/2016,13.0000,Granada,Málaga,A,José Ramón Sandoval,Javi Gracia,2.0000,2.0000,1.0000,56.1404,51.8182,3.5196,24.1221,21.4485,0.3848,22.2222,8.6957,5.7429,0.3692,48.3333,52.8523,12.0000,1.0000,11.0000,0.5475,1.7469,0.5475,1.7469
3825673,2015-11-28,La Liga,2015/2016,13.0000,Las Palmas,RC Deportivo La Coruña,H,Quique Setién,Víctor Sánchez,0.0000,2.0000,0.0000,66.0952,67.1533,6.4343,18.7001,9.4192,0.2586,16.6667,5.1020,10.2727,0.2331,32.5301,46.0729,8.0000,0.0000,8.0000,0.4255,2.0562,0.4255,2.0562
3825673,2015-11-28,La Liga,2015/2016,13.0000,RC Deportivo La Coruña,Las Palmas,A,Víctor Sánchez,Quique Setién,2.0000,0.0000,3.0000,33.9048,32.8467,3.2316,23.7346,18.5668,0.3839,0.0000,6.4220,19.3043,0.1715,42.8571,53.7430,18.0000,2.0000,10.0000,2.0562,0.4255,2.0562,0.4255
3825674,2015-11-28,La Liga,2015/2016,13.0000,Atlético Madrid,Espanyol,H,Diego Simeone,Sergio,1.0000,0.0000,3.0000,51.4228,77.9279,3.8584,15.8255,6.8807,0.3397,0.0000,3.4091,10.8333,0.2197,46.6667,57.2879,16.0000,0.0000,21.0000,1.8474,0.2060,1.8474,0.2060
3825674,2015-11-28,La Liga,2015/2016,13.0000,Espanyol,Atlético Madrid,A,Sergio,Diego Simeone,0.0000,1.0000,0.0000,48.5772,22.0721,4.1569,21.2817,12.7358,0.3476,33.3333,4.8193,8.3636,0.4625,36.3248,45.7780,6.0000,0.0000,4.0000,0.2060,1.8474,0.2060,1.8474
3825675,2015-11-29,La Liga,2015/2016,13.0000,Rayo Vallecano,Athletic Club,H,Paco Jémez,Ernesto Valverde,0.0000,3.0000,0.0000,65.2174,66.4804,4.2320,21.5552,14.7448,0.3819,55.5556,14.5570,8.6296,0.3719,40.3361,48.7559,13.0000,0.0000,15.0000,1.6073,2.2599,1.6073,1.4764
3825675,2015-11-29,La Liga,2015/2016,13.0000,Athletic Club,Rayo Vallecano,A,Ernesto Valverde,Paco Jémez,3.0000,0.0000,3.0000,34.7826,33.5196,3.1023,23.7024,21.2454,0.5949,0.0000,11.9565,10.6341,0.3250,49.2308,44.4115,7.0000,1.0000,10.0000,2.2599,1.6073,1.4764,1.6073
3825676,2015-11-29,La Liga,2015/2016,13.0000,Getafe,Villarreal,H,Fran Escribá,Marcelino,2.0000,0.0000,3.0000,41.2811,41.4141,3.0208,20.3757,15.1724,0.4087,0.0000,7.7670,10.0294,0.3616,39.1061,48.5000,12.0000,1.0000,12.0000,1.4797,0.4330,1.4797,0.4330
3825676,2015-11-29,La Liga,2015/2016,13.0000,Villarreal,Getafe,A,Marcelino,Fran Escribá,0.0000,2.0000,0.0000,58.7189,58.5859,4.3168,19.8123,11.4679,0.3718,33.3333,11.7647,9.0000,0.4167,48.2759,52.4921,11.0000,0.0000,7.0000,0.4330,1.4797,0.4330,1.4797
3825677,2015-11-29,La Liga,2015/2016,13.0000,Sevilla,Valencia,H,Unai Emery,Nuno Espírito Santo,1.0000,0.0000,3.0000,61.0375,84.5494,4.9208,19.8172,9.0543,0.2842,100.0000,13.8614,6.1915,0.3796,61.1940,64.9083,15.0000,0.0000,16.0000,1.5434,0.0000,1.5434,0.0000
3825677,2015-11-29,La Liga,2015/2016,13.0000,Valencia,Sevilla,A,Nuno Espírito Santo,Unai Emery,0.0000,1.0000,0.0000,38.9625,15.4506,3.1720,20.8910,13.2203,0.3598,7.6923,11.6279,13.8696,0.2712,30.0000,36.4750,5.0000,0.0000,0.0000,0.0000,1.5434,0.0000,1.5434
3825678,2015-11-29,La Liga,2015/2016,13.0000,Eibar,Real Madrid,H,José Luis Mendilibar,Rafael Benítez,0.0000,2.0000,0.0000,40.3614,52.5510,3.2736,21.5876,18.4438,0.4363,0.0000,10.0000,8.6111,0.3013,58.1006,57.4522,12.0000,0.0000,8.0000,0.3354,2.4637,0.3354,1.6802
3825678,2015-11-29,La Liga,2015/2016,13.0000,Real Madrid,Eibar,A,Rafael Benítez,José Luis Mendilibar,2.0000,0.0000,3.0000,59.6386,47.4490,4.5339,19.8598,12.5234,0.3184,40.0000,5.3571,23.3636,0.3557,34.9650,41.1594,6.0000,1.0000,17.0000,2.4637,0.3354,1.6802,0.3354
267274,2015-12-05,La Liga,2015/2016,14.0000,Valencia,Barcelona,H,Voro,Luis Enrique,1.0000,1.0000,1.0000,30.0092,21.1864,3.4444,20.0245,12.5448,0.4472,10.0000,6.9444,16.6207,0.3061,34.0517,41.5817,6.0000,1.0000,10.0000,0.4771,1.3261,0.4771,1.3261
267274,2015-12-05,La Liga,2015/2016,14.0000,Barcelona,Valencia,A,Luis Enrique,Voro,1.0000,1.0000,1.0000,69.9908,78.8136,7.7935,17.3914,6.2762,0.2219,50.0000,4.0909,7.3714,0.3569,61.2069,59.3574,18.0000,0.0000,16.0000,1.3261,0.4771,1.3261,0.4771
3825679,2015-12-05,La Liga,2015/2016,14.0000,Real Betis,Celta Vigo,H,Pepe Mel,Eduardo Berizzo,1.0000,1.0000,1.0000,60.6421,81.8182,4.3922,20.2150,12.5000,0.3807,20.0000,9.4444,7.4865,0.3958,55.7252,63.0155,29.0000,1.0000,28.0000,2.4633,0.4859,2.4633,0.4859
3825679,2015-12-05,La Liga,2015/2016,14.0000,Celta Vigo,Real Betis,A,Eduardo Berizzo,Pepe Mel,1.0000,1.0000,1.0000,39.3579,18.1818,3.4444,22.5141,17.5627,0.4520,5.0000,0.0000,10.9286,0.2804,27.2727,42.8685,7.0000,0.0000,5.0000,0.4859,2.4633,0.4859,2.4633
3825680,2015-12-05,La Liga,2015/2016,14.0000,RC Deportivo La Coruña,Sevilla,H,Víctor Sánchez,Unai Emery,1.0000,1.0000,1.0000,42.4406,35.7798,2.6720,24.8502,21.8563,0.4712,6.2500,7.9208,15.1304,0.2908,46.4516,40.1737,7.0000,0.0000,8.0000,0.7768,1.1278,0.7768,1.1278
3825680,2015-12-05,La Liga,2015/2016,14.0000,Sevilla,RC Deportivo La Coruña,A,Unai Emery,Víctor Sánchez,1.0000,1.0000,1.0000,57.5594,64.2202,4.4860,21.5753,14.1667,0.3854,20.0000,12.7168,11.3600,0.3155,44.3548,49.3379,8.0000,0.0000,9.0000,1.1278,0.7768,1.1278,0.7768
3825681,2015-12-05,La Liga,2015/2016,14.0000,Real Madrid,Getafe,H,Rafael Benítez,Fran Escribá,4.0000,1.0000,3.0000,61.5519,68.4874,7.5795,17.4000,7.1964,0.2484,40.0000,7.0352,10.9667,0.2948,43.8462,48.2389,8.0000,1.0000,16.0000,1.3834,0.2896,1.3834,0.2896
3825681,2015-12-05,La Liga,2015/2016,14.0000,Getafe,Real Madrid,A,Fran Escribá,Rafael Benítez,1.0000,4.0000,0.0000,38.4481,31.5126,3.7264,19.7058,11.8987,0.3234,0.0000,5.3763,13.3529,0.2309,35.5828,46.8186,5.0000,0.0000,7.0000,0.2896,1.3834,0.2896,1.3834
3825682,2015-12-05,La Liga,2015/2016,14.0000,Granada,Atlético Madrid,H,José Ramón Sandoval,Diego Simeone,0.0000,2.0000,0.0000,44.1797,36.9231,4.6774,22.0814,16.5517,0.3287,57.1429,11.9658,13.3333,0.2365,40.9722,50.8434,15.0000,0.0000,18.0000,0.8790,1.3480,0.8790,1.3480
3825682,2015-12-05,La Liga,2015/2016,14.0000,Atlético Madrid,Granada,A,Diego Simeone,José Ramón Sandoval,2.0000,0.0000,3.0000,55.8203,63.0769,5.9570,18.3934,10.1083,0.3076,25.0000,6.0440,8.7250,0.3361,43.8272,50.5218,9.0000,0.0000,13.0000,1.3480,0.8790,1.3480,0.8790
3825683,2015-12-06,La Liga,2015/2016,14.0000,Real Sociedad,Eibar,H,Eusebio Sacristán,José Luis Mendilibar,2.0000,1.0000,3.0000,63.7061,64.7343,5.0971,19.6093,10.8571,0.3180,11.1111,11.4865,10.1304,0.3565,38.9831,48.2690,7.0000,1.0000,10.0000,2.1119,0.6877,2.1119,0.6877
3825683,2015-12-06,La Liga,2015/2016,14.0000,Eibar,Real Sociedad,A,José Luis Mendilibar,Eusebio Sacristán,1.0000,2.0000,0.0000,36.2939,35.2657,2.6635,24.1634,21.6606,0.5106,0.0000,9.5238,13.3333,0.3305,53.1250,49.1933,9.0000,0.0000,6.0000,0.6877,2.1119,0.6877,2.1119
3825684,2015-12-06,La Liga,2015/2016,14.0000,Villarreal,Rayo Vallecano,H,Marcelino,Paco Jémez,2.0000,1.0000,3.0000,45.7241,48.3254,3.0550,22.4089,15.9159,0.4609,25.0000,12.1739,7.9524,0.4181,42.2111,48.6380,13.0000,0.0000,14.0000,1.5362,0.2110,1.5362,0.2110
3825684,2015-12-06,La Liga,2015/2016,14.0000,Rayo Vallecano,Villarreal,A,Paco Jémez,Marcelino,1.0000,2.0000,0.0000,54.2759,51.6746,3.7523,22.0391,18.0929,0.3637,28.5714,14.5038,7.2973,0.3367,55.5556,51.9974,15.0000,0.0000,8.0000,0.2110,1.5362,0.2110,1.5362
3825685,2015-12-06,La Liga,2015/2016,14.0000,Sporting Gijón,Las Palmas,H,Abelardo,Quique Setién,3.0000,1.0000,3.0000,34.7969,35.2941,2.8125,24.3960,21.8519,0.5116,0.0000,12.5000,12.8750,0.2542,49.0066,51.0160,15.0000,3.0000,22.0000,3.0101,0.5409,3.0101,0.5409
3825685,2015-12-06,La Liga,2015/2016,14.0000,Las Palmas,Sporting Gijón,A,Quique Setién,Abelardo,1.0000,3.0000,0.0000,65.2031,64.7059,6.2414,19.8287,10.1289,0.2226,16.6667,4.8951,8.2800,0.2397,31.5789,48.4140,8.0000,0.0000,12.0000,0.5409,3.0101,0.5409,3.0101
3825686,2015-12-06,La Liga,2015/2016,14.0000,Athletic Club,Málaga,H,Ernesto Valverde,Javi Gracia,0.0000,0.0000,1.0000,44.5578,46.1957,3.2727,22.0443,17.2840,0.4191,0.0000,5.0505,10.7188,0.3006,47.6190,51.1800,12.0000,0.0000,11.0000,0.6495,0.5637,0.6495,0.5637
3825686,2015-12-06,La Liga,2015/2016,14.0000,Málaga,Athletic Club,A,Javi Gracia,Ernesto Valverde,0.0000,0.0000,1.0000,55.4422,53.8043,5.0227,21.9452,15.3846,0.4062,62.5000,5.3333,9.0345,0.2926,48.6957,46.8692,7.0000,1.0000,7.0000,0.5637,0.6495,0.5637,0.6495
3825687,2015-12-07,La Liga,2015/2016,14.0000,Espanyol,Levante UD,H,Sergio,Rubí,1.0000,1.0000,1.0000,53.6974,52.4664,4.0288,22.7939,16.2291,0.3316,25.0000,17.5182,8.1935,0.2899,33.0508,51.3820,19.0000,0.0000,9.0000,0.9398,0.9900,0.9398,0.9900
3825687,2015-12-07,La Liga,2015/2016,14.0000,Levante UD,Espanyol,A,Rubí,Sergio,1.0000,1.0000,1.0000,46.3026,47.5336,3.8065,19.3680,12.1469,0.4396,0.0000,8.3333,9.0571,0.4343,43.4146,53.0261,12.0000,0.0000,12.0000,0.9900,0.9398,0.9900,0.9398
3825688,2015-12-11,La Liga,2015/2016,15.0000,Getafe,Real Sociedad,H,Fran Escribá,Eusebio Sacristán,1.0000,1.0000,1.0000,38.3436,42.6724,3.0971,21.9473,19.4357,0.3945,0.0000,6.1947,12.7273,0.2139,35.6589,47.1990,7.0000,0.0000,9.0000,0.4597,1.5940,0.4597,1.5940
3825688,2015-12-11,La Liga,2015/2016,15.0000,Real Sociedad,Getafe,A,Eusebio Sacristán,Fran Escribá,1.0000,1.0000,1.0000,61.6564,57.3276,4.2441,18.4074,10.2041,0.2822,33.3333,5.5556,12.0476,0.3547,36.8421,51.9516,14.0000,0.0000,10.0000,1.5940,0.4597,1.5940,0.4597
266961,2015-12-12,La Liga,2015/2016,15.0000,Barcelona,RC Deportivo La Coruña,H,Luis Enrique,Víctor Sánchez,2.0000,2.0000,1.0000,67.8172,77.5309,6.5588,18.4047,8.8191,0.2306,75.0000,5.9701,9.8696,0.4261,50.3401,59.6312,12.0000,2.0000,19.0000,1.0406,0.9866,1.0406,0.9866
266961,2015-12-12,La Liga,2015/2016,15.0000,RC Deportivo La Coruña,Barcelona,A,Víctor Sánchez,Luis Enrique,2.0000,2.0000,1.0000,32.1828,22.4691,3.8481,22.5023,16.1184,0.4607,22.2222,5.1724,10.2188,0.3260,24.0506,37.9308,2.0000,0.0000,12.0000,0.9866,1.0406,0.9866,1.0406
3825689,2015-12-12,La Liga,2015/2016,15.0000,Celta Vigo,Espanyol,H,Eduardo Berizzo,Sergio,1.0000,0.0000,3.0000,52.3596,53.4759,4.0800,21.6893,14.9510,0.4156,0.0000,3.9062,11.0714,0.3561,37.7483,47.2375,11.0000,3.0000,15.0000,1.1911,0.2231,1.1911,0.2231
3825689,2015-12-12,La Liga,2015/2016,15.0000,Espanyol,Celta Vigo,A,Sergio,Eduardo Berizzo,0.0000,1.0000,0.0000,47.6404,46.5241,4.0652,21.2750,14.4385,0.4346,25.0000,9.4017,7.4186,0.3906,43.4066,54.1776,16.0000,0.0000,6.0000,0.2231,1.1911,0.2231,1.1911
3825690,2015-12-12,La Liga,2015/2016,15.0000,Las Palmas,Real Betis,H,Quique Setién,Pepe Mel,1.0000,0.0000,3.0000,64.6110,74.7934,5.0902,18.4404,9.5008,0.2819,0.0000,4.6632,10.1429,0.2815,55.2381,57.4879,9.0000,0.0000,16.0000,1.2261,0.4576,1.2261,0.4576
3825690,2015-12-12,La Liga,2015/2016,15.0000,Real Betis,Las Palmas,A,Pepe Mel,Quique Setién,0.0000,1.0000,0.0000,35.3890,25.2066,3.4000,21.0884,15.4799,0.5258,11.1111,7.8431,19.0870,0.1571,21.4953,42.3055,3.0000,0.0000,8.0000,0.4576,1.2261,0.4576,1.2261
3825691,2015-12-12,La Liga,2015/2016,15.0000,Levante UD,Granada,H,Rubí,José Ramón Sandoval,1.0000,2.0000,0.0000,49.3534,63.0058,3.4911,21.9849,16.8798,0.4800,100.0000,11.2583,6.6429,0.3553,38.9222,53.7577,12.0000,0.0000,7.0000,0.4283,0.7643,0.4283,0.7643
3825691,2015-12-12,La Liga,2015/2016,15.0000,Granada,Levante UD,A,José Ramón Sandoval,Rubí,2.0000,1.0000,3.0000,50.6466,36.9942,3.2640,20.7424,15.9314,0.4531,20.0000,6.0606,7.8049,0.3799,44.2529,52.7737,7.0000,1.0000,8.0000,0.7643,0.4283,0.7643,0.4283
3825692,2015-12-12,La Liga,2015/2016,15.0000,Sevilla,Sporting Gijón,H,Unai Emery,Abelardo,2.0000,0.0000,3.0000,70.9544,84.3137,6.0381,19.3824,8.8328,0.3136,66.6667,12.0482,6.3143,0.5143,59.7222,58.0066,24.0000,3.0000,18.0000,2.0134,0.1016,1.2299,0.1016
3825692,2015-12-12,La Liga,2015/2016,15.0000,Sporting Gijón,Sevilla,A,Abelardo,Unai Emery,0.0000,2.0000,0.0000,29.0456,15.6863,2.6364,23.4311,21.5517,0.5255,0.0000,12.2807,20.1905,0.1915,32.8244,38.5655,8.0000,0.0000,4.0000,0.1016,2.0134,0.1016,1.2299
3825693,2015-12-13,La Liga,2015/2016,15.0000,Atlético Madrid,Athletic Club,H,Diego Simeone,Ernesto Valverde,2.0000,1.0000,3.0000,47.0698,54.5833,3.5920,18.5448,11.5813,0.3954,14.2857,7.5862,17.6250,0.2373,47.4074,52.9363,16.0000,0.0000,8.0000,0.3970,1.3172,0.3970,1.3172
3825693,2015-12-13,La Liga,2015/2016,15.0000,Athletic Club,Atlético Madrid,A,Ernesto Valverde,Diego Simeone,1.0000,2.0000,0.0000,52.9302,45.4167,5.0588,22.4167,15.1163,0.3581,14.2857,5.1948,8.9211,0.3478,30.6818,53.1067,18.0000,0.0000,10.0000,1.3172,0.3970,1.3172,0.3970
3825694,2015-12-13,La Liga,2015/2016,15.0000,Eibar,Valencia,H,José Luis Mendilibar,Gary Neville,1.0000,1.0000,1.0000,51.5643,64.6067,3.8235,23.7145,21.0256,0.3996,0.0000,12.5874,8.6842,0.2177,50.5495,51.8114,15.0000,1.0000,14.0000,2.6145,0.3857,1.8310,0.3857
3825694,2015-12-13,La Liga,2015/2016,15.0000,Valencia,Eibar,A,Gary Neville,José Luis Mendilibar,1.0000,1.0000,1.0000,48.4357,35.3933,3.5049,21.1765,16.0665,0.4346,11.1111,6.0976,9.0000,0.3708,36.3636,42.4241,5.0000,0.0000,6.0000,0.3857,2.6145,0.3857,1.8310
3825695,2015-12-13,La Liga,2015/2016,15.0000,Villarreal,Real Madrid,H,Marcelino,Rafael Benítez,1.0000,0.0000,3.0000,34.7907,25.0847,3.8690,20.0902,11.6923,0.4140,5.5556,2.0833,18.1818,0.0799,32.1429,40.0869,5.0000,0.0000,7.0000,0.9377,1.4878,0.9377,1.4878
3825695,2015-12-13,La Liga,2015/2016,15.0000,Real Madrid,Villarreal,A,Rafael Benítez,Marcelino,0.0000,1.0000,0.0000,65.2093,74.9153,5.9908,21.6697,16.6922,0.2995,28.5714,11.1940,7.9143,0.3824,53.8462,57.5551,25.0000,2.0000,20.0000,1.4878,0.9377,1.4878,0.9377
3825696,2015-12-13,La Liga,2015/2016,15.0000,Rayo Vallecano,Málaga,H,Paco Jémez,Javi Gracia,1.0000,2.0000,0.0000,51.1571,46.4602,3.1404,23.8213,24.5810,0.5579,0.0000,15.7025,10.0800,0.3616,26.8966,43.7977,14.0000,1.0000,13.0000,1.0086,1.0540,1.0086,1.0540
3825696,2015-12-13,La Liga,2015/2016,15.0000,Málaga,Rayo Vallecano,A,Javi Gracia,Paco Jémez,2.0000,1.0000,3.0000,48.8429,53.5398,2.7203,25.0411,26.1682,0.5905,11.7647,7.4534,9.3438,0.2381,39.0000,49.6647,13.0000,1.0000,15.0000,1.0540,1.0086,1.0540,1.0086
3825697,2015-12-19,La Liga,2015/2016,16.0000,Valencia,Getafe,H,Gary Neville,Fran Escribá,2.0000,2.0000,1.0000,61.0278,62.4242,4.4211,20.5665,12.3016,0.3373,0.0000,13.2353,7.0263,0.4423,46.5839,51.1190,8.0000,0.0000,12.0000,1.3050,0.5082,1.3050,0.5082
3825697,2015-12-19,La Liga,2015/2016,16.0000,Getafe,Valencia,A,Fran Escribá,Gary Neville,2.0000,2.0000,1.0000,38.9722,37.5758,3.4255,21.1453,15.2174,0.4483,14.2857,3.5294,10.3171,0.3193,30.2198,47.3980,17.0000,1.0000,9.0000,0.5082,1.3050,0.5082,1.3050
3825698,2015-12-19,La Liga,2015/2016,16.0000,RC Deportivo La Coruña,Eibar,H,Víctor Sánchez,José Luis Mendilibar,2.0000,0.0000,3.0000,49.7382,51.4815,4.3438,20.5872,15.3477,0.3929,0.0000,10.6918,12.9130,0.1812,28.7356,46.2714,8.0000,0.0000,14.0000,1.7804,0.6615,0.9969,0.6615
3825698,2015-12-19,La Liga,2015/2016,16.0000,Eibar,RC Deportivo La Coruña,A,José Luis Mendilibar,Víctor Sánchez,0.0000,2.0000,0.0000,50.2618,48.5185,4.9080,22.1712,17.0960,0.3786,7.1429,9.6386,9.4375,0.2716,49.6124,51.5479,17.0000,0.0000,13.0000,0.6615,1.7804,0.6615,0.9969
3825699,2015-12-19,La Liga,2015/2016,16.0000,Real Betis,Sevilla,H,Pepe Mel,Unai Emery,0.0000,0.0000,1.0000,46.1022,60.5769,3.2614,18.5158,12.5436,0.4149,0.0000,7.5758,6.6364,0.3865,53.5484,53.4392,14.0000,4.0000,13.0000,0.3298,1.0952,0.3298,1.0952
3825699,2015-12-19,La Liga,2015/2016,16.0000,Sevilla,Real Betis,A,Unai Emery,Pepe Mel,0.0000,0.0000,1.0000,53.8978,39.4231,3.1714,21.8909,18.0180,0.3966,28.5714,6.8182,6.6786,0.3965,25.0000,47.7059,7.0000,0.0000,9.0000,1.0952,0.3298,1.0952,0.3298
3825891,2015-12-19,La Liga,2015/2016,16.0000,Espanyol,Las Palmas,H,Constantin Gâlcă,Quique Setién,1.0000,0.0000,3.0000,47.9701,51.0345,4.1562,21.2180,15.2882,0.3340,0.0000,13.0000,8.0208,0.3737,47.2527,56.9708,12.0000,1.0000,13.0000,1.5310,1.1689,1.5310,1.1689
3825891,2015-12-19,La Liga,2015/2016,16.0000,Las Palmas,Espanyol,A,Quique Setién,Constantin Gâlcă,0.0000,1.0000,0.0000,52.0299,48.9655,4.2200,20.0310,14.4550,0.2957,0.0000,6.3158,8.3333,0.3029,48.5294,53.5607,10.0000,0.0000,9.0000,1.1689,1.5310,1.1689,1.5310
3825700,2015-12-20,La Liga,2015/2016,16.0000,Real Madrid,Rayo Vallecano,H,Rafael Benítez,Paco Jémez,10.0000,2.0000,3.0000,49.6482,66.2651,4.6122,20.3884,10.8407,0.3134,66.6667,9.8446,10.8333,0.3234,50.6173,54.8557,18.0000,0.0000,30.0000,5.1432,0.6426,4.3597,0.6426
3825700,2015-12-20,La Liga,2015/2016,16.0000,Rayo Vallecano,Real Madrid,A,Paco Jémez,Rafael Benítez,2.0000,10.0000,0.0000,50.3518,33.7349,3.9182,17.2983,8.8167,0.2776,38.4615,11.4943,12.1739,0.3381,28.7425,45.7723,9.0000,0.0000,9.0000,0.6426,5.1432,0.6426,4.3597
3825701,2015-12-20,La Liga,2015/2016,16.0000,Málaga,Atlético Madrid,H,Javi Gracia,Diego Simeone,1.0000,0.0000,3.0000,59.6691,74.4186,5.1154,22.5998,18.6090,0.3575,25.0000,6.8627,8.4571,0.3103,56.1983,57.3129,21.0000,0.0000,17.0000,1.1174,0.5853,1.1174,0.5853
3825701,2015-12-20,La Liga,2015/2016,16.0000,Atlético Madrid,Málaga,A,Diego Simeone,Javi Gracia,0.0000,1.0000,0.0000,40.3309,25.5814,3.3500,18.3807,13.7313,0.4896,0.0000,8.5366,11.5625,0.3120,33.8889,42.7193,7.0000,0.0000,6.0000,0.5853,1.1174,0.5853,1.1174
3825702,2015-12-20,La Liga,2015/2016,16.0000,Real Sociedad,Villarreal,H,Eusebio Sacristán,Marcelino,0.0000,2.0000,0.0000,65.1226,76.9481,5.3443,18.0458,6.7485,0.2837,37.5000,7.8125,14.7368,0.3438,46.9697,56.7094,19.0000,0.0000,17.0000,1.1530,0.9996,1.1530,0.9996
3825702,2015-12-20,La Liga,2015/2016,16.0000,Villarreal,Real Sociedad,A,Marcelino,Eusebio Sacristán,2.0000,0.0000,3.0000,34.8774,23.0519,3.5870,19.9020,11.8182,0.3724,6.2500,5.0000,11.3684,0.1381,37.3737,45.8901,6.0000,1.0000,7.0000,0.9996,1.1530,0.9996,1.1530
3825703,2015-12-20,La Liga,2015/2016,16.0000,Athletic Club,Levante UD,H,Ernesto Valverde,Rubí,2.0000,0.0000,3.0000,53.3991,72.2513,3.8482,21.8266,16.0093,0.3928,16.6667,8.4848,7.3617,0.5224,56.3063,57.3675,17.0000,1.0000,19.0000,2.1116,0.3194,2.1116,0.3194
3825703,2015-12-20,La Liga,2015/2016,16.0000,Levante UD,Athletic Club,A,Rubí,Ernesto Valverde,0.0000,2.0000,0.0000,46.6009,27.7487,3.6634,22.6191,18.6486,0.3826,30.7692,4.7619,10.5172,0.3758,38.7978,44.2178,8.0000,0.0000,6.0000,0.3194,2.1116,0.3194,2.1116
3825704,2015-12-20,La Liga,2015/2016,16.0000,Granada,Celta Vigo,H,José Ramón Sandoval,Eduardo Berizzo,0.0000,2.0000,0.0000,49.5060,54.1667,3.4954,20.9270,14.1732,0.3951,12.5000,10.1852,10.2121,0.3130,47.9167,54.6324,9.0000,0.0000,11.0000,0.3340,2.1400,0.3340,2.1400
3825704,2015-12-20,La Liga,2015/2016,16.0000,Celta Vigo,Granada,A,Eduardo Berizzo,José Ramón Sandoval,2.0000,0.0000,3.0000,50.4940,45.8333,4.0300,20.2401,11.6625,0.3724,8.3333,2.9126,9.1389,0.3215,31.7241,43.5688,7.0000,1.0000,10.0000,2.1400,0.3340,2.1400,0.3340
267327,2015-12-30,La Liga,2015/2016,17.0000,Barcelona,Real Betis,H,Luis Enrique,Pepe Mel,4.0000,0.0000,3.0000,62.7572,61.4679,6.9390,18.4304,8.4359,0.2609,42.8571,3.6810,7.8438,0.3591,50.7692,48.6867,4.0000,1.0000,16.0000,3.4583,1.2000,2.6748,1.2000
267327,2015-12-30,La Liga,2015/2016,17.0000,Real Betis,Barcelona,A,Pepe Mel,Luis Enrique,0.0000,4.0000,0.0000,37.2428,38.5321,3.8193,19.3409,13.2492,0.3065,0.0000,5.9406,15.3571,0.2820,38.9535,48.8096,13.0000,0.0000,13.0000,1.2000,3.4583,1.2000,2.6748
3825705,2015-12-30,La Liga,2015/2016,17.0000,Eibar,Sporting Gijón,H,José Luis Mendilibar,Abelardo,2.0000,0.0000,3.0000,53.7179,49.1979,3.2252,23.4534,19.5531,0.4137,0.0000,9.9174,6.5000,0.5263,37.8947,54.1216,13.0000,0.0000,15.0000,1.1221,0.4718,1.1221,0.4718
3825705,2015-12-30,La Liga,2015/2016,17.0000,Sporting Gijón,Eibar,A,Abelardo,José Luis Mendilibar,0.0000,2.0000,0.0000,46.2821,50.8021,2.7596,22.3410,19.1638,0.5057,9.0909,14.7826,15.9474,0.2768,37.9310,50.0202,15.0000,0.0000,6.0000,0.4718,1.1221,0.4718,1.1221
3825706,2015-12-30,La Liga,2015/2016,17.0000,Celta Vigo,Athletic Club,H,Eduardo Berizzo,Ernesto Valverde,0.0000,1.0000,0.0000,64.8649,62.0000,4.9250,21.4544,12.5212,0.3369,12.5000,7.3333,7.2059,0.3675,48.8372,48.7157,9.0000,0.0000,7.0000,0.4478,1.1755,0.4478,1.1755
3825706,2015-12-30,La Liga,2015/2016,17.0000,Athletic Club,Celta Vigo,A,Ernesto Valverde,Eduardo Berizzo,1.0000,0.0000,3.0000,35.1351,38.0000,3.1959,22.5191,17.4194,0.5435,0.0000,6.5421,9.8000,0.4074,42.0455,47.1635,10.0000,1.0000,13.0000,1.1755,0.4478,1.1755,0.4478
3825707,2015-12-30,La Liga,2015/2016,17.0000,Las Palmas,Granada,H,Quique Setién,José Ramón Sandoval,4.0000,1.0000,3.0000,62.5000,72.8916,4.3684,20.1730,12.8514,0.2864,25.0000,9.2308,12.4286,0.2222,43.4211,51.6390,12.0000,0.0000,7.0000,1.4309,0.7615,0.6474,0.7615
3825707,2015-12-30,La Liga,2015/2016,17.0000,Granada,Las Palmas,A,José Ramón Sandoval,Quique Setién,1.0000,4.0000,0.0000,37.5000,27.1084,3.6235,23.6957,20.1299,0.4272,25.0000,5.7471,11.7353,0.3018,31.3953,46.7757,16.0000,2.0000,12.0000,0.7615,1.4309,0.7615,0.6474
3825708,2015-12-30,La Liga,2015/2016,17.0000,Levante UD,Málaga,H,Rubí,Javi Gracia,0.0000,1.0000,0.0000,45.3502,39.0041,3.0000,22.2337,16.9591,0.4613,33.3333,12.1739,9.0968,0.3172,45.0331,55.4373,13.0000,0.0000,7.0000,0.3243,1.5709,0.3243,1.5709
3825708,2015-12-30,La Liga,2015/2016,17.0000,Málaga,Levante UD,A,Javi Gracia,Rubí,1.0000,0.0000,3.0000,54.6498,60.9959,3.8257,20.4005,13.6691,0.4022,33.3333,10.2857,8.4545,0.3392,43.2836,52.4658,18.0000,1.0000,10.0000,1.5709,0.3243,1.5709,0.3243
3825709,2015-12-30,La Liga,2015/2016,17.0000,Sevilla,Espanyol,H,Unai Emery,Constantin Gâlcă,2.0000,0.0000,3.0000,43.7321,40.8088,4.4731,18.9442,10.8173,0.3697,0.0000,14.5038,12.1333,0.2993,35.2273,47.8302,15.0000,3.0000,16.0000,2.3122,0.8911,2.3122,0.8911
3825709,2015-12-30,La Liga,2015/2016,17.0000,Espanyol,Sevilla,A,Constantin Gâlcă,Unai Emery,0.0000,2.0000,0.0000,56.2679,59.1912,4.0224,18.7356,10.2041,0.2636,10.0000,8.3832,10.4516,0.2473,46.9027,51.4072,15.0000,0.0000,12.0000,0.8911,2.3122,0.8911,2.3122
3825710,2015-12-30,La Liga,2015/2016,17.0000,Real Madrid,Real Sociedad,H,Rafael Benítez,Eusebio Sacristán,3.0000,1.0000,3.0000,50.0000,48.1203,4.2807,20.1773,13.9344,0.3136,27.2727,15.2174,12.3929,0.2500,33.0882,49.3152,11.0000,1.0000,23.0000,3.1666,0.6584,1.5996,0.6584
3825710,2015-12-30,La Liga,2015/2016,17.0000,Real Sociedad,Real Madrid,A,Eusebio Sacristán,Rafael Benítez,1.0000,3.0000,0.0000,50.0000,51.8797,5.5667,19.4254,11.1776,0.2641,16.6667,6.9620,17.3636,0.3290,50.8380,48.3640,6.0000,1.0000,13.0000,0.6584,3.1666,0.6584,1.5996
3825711,2015-12-30,La Liga,2015/2016,17.0000,Rayo Vallecano,Atlético Madrid,H,Paco Jémez,Diego Simeone,0.0000,2.0000,0.0000,58.1477,45.0617,3.8125,23.0740,19.9063,0.4240,23.5294,7.2072,7.1176,0.3782,41.4815,49.0917,6.0000,1.0000,10.0000,0.5173,2.1075,0.5173,2.1075
3825711,2015-12-30,La Liga,2015/2016,17.0000,Atlético Madrid,Rayo Vallecano,A,Diego Simeone,Paco Jémez,2.0000,0.0000,3.0000,41.8523,54.9383,2.7778,23.3547,20.3333,0.5174,12.5000,5.3571,11.0857,0.3185,55.0633,54.5783,12.0000,0.0000,19.0000,2.1075,0.5173,2.1075,0.5173
3825712,2015-12-30,La Liga,2015/2016,17.0000,Getafe,RC Deportivo La Coruña,H,Fran Escribá,Víctor Sánchez,0.0000,0.0000,1.0000,51.0369,55.4054,3.2458,22.4242,17.4935,0.3919,0.0000,9.2199,12.7391,0.4541,46.1140,53.9767,20.0000,1.0000,14.0000,0.9566,0.3028,0.9566,0.3028
3825712,2015-12-30,La Liga,2015/2016,17.0000,RC Deportivo La Coruña,Getafe,A,Víctor Sánchez,Fran Escribá,0.0000,0.0000,1.0000,48.9631,44.5946,3.9684,22.7930,17.7719,0.3733,0.0000,9.8485,9.2903,0.3589,35.8491,48.4537,13.0000,1.0000,10.0000,0.3028,0.9566,0.3028,0.9566
3825713,2015-12-31,La Liga,2015/2016,17.0000,Villarreal,Valencia,H,Marcelino,Gary Neville,1.0000,0.0000,3.0000,51.3333,53.6842,4.4946,19.1768,9.5694,0.2847,0.0000,6.9231,7.4390,0.2945,48.0620,49.7795,10.0000,0.0000,9.0000,0.3490,0.5333,0.3490,0.5333
3825713,2015-12-31,La Liga,2015/2016,17.0000,Valencia,Villarreal,A,Gary Neville,Marcelino,0.0000,1.0000,0.0000,48.6667,46.3158,3.4906,22.0757,15.1351,0.3435,16.6667,11.5385,8.6667,0.1948,34.4444,47.3244,7.0000,0.0000,6.0000,0.5333,0.3490,0.5333,0.3490
266670,2016-01-02,La Liga,2015/2016,18.0000,Espanyol,Barcelona,H,Constantin Gâlcă,Luis Enrique,0.0000,0.0000,1.0000,29.2629,31.9328,2.7250,19.4491,15.1376,0.5454,22.2222,6.4516,8.7609,0.3686,35.4430,49.7310,5.0000,0.0000,4.0000,0.2255,1.0105,0.2255,1.0105
266670,2016-01-02,La Liga,2015/2016,18.0000,Barcelona,Espanyol,A,Luis Enrique,Constantin Gâlcă,0.0000,0.0000,1.0000,70.7371,68.0672,6.0729,18.9212,9.0909,0.2341,71.4286,4.2328,5.0303,0.5526,42.8571,54.8535,13.0000,0.0000,10.0000,1.0105,0.2255,1.0105,0.2255
3825714,2016-01-02,La Liga,2015/2016,18.0000,Atlético Madrid,Levante UD,H,Diego Simeone,Rubí,1.0000,0.0000,3.0000,56.1672,75.1020,4.7115,20.2451,13.0612,0.3412,25.0000,9.1346,10.4242,0.3186,45.2555,54.9090,22.0000,0.0000,16.0000,1.1720,0.5834,1.1720,0.5834
3825714,2016-01-02,La Liga,2015/2016,18.0000,Levante UD,Atlético Madrid,A,Rubí,Diego Simeone,0.0000,1.0000,0.0000,43.8328,24.8980,4.2135,21.2020,14.6667,0.4210,37.5000,7.9545,12.6400,0.2305,51.9685,46.7875,12.0000,0.0000,9.0000,0.5834,1.1720,0.5834,1.1720
3825715,2016-01-02,La Liga,2015/2016,18.0000,Málaga,Celta Vigo,H,Javi Gracia,Eduardo Berizzo,2.0000,0.0000,3.0000,47.9775,60.4651,3.8763,19.0436,11.4362,0.4300,0.0000,8.4967,7.9767,0.3218,54.3624,56.0339,15.0000,1.0000,14.0000,2.6395,0.8188,1.8560,0.8188
3825715,2016-01-02,La Liga,2015/2016,18.0000,Celta Vigo,Málaga,A,Eduardo Berizzo,Javi Gracia,0.0000,2.0000,0.0000,52.0225,39.5349,4.0500,20.7839,14.8148,0.3728,25.0000,2.7027,8.4062,0.2623,25.8929,40.7000,7.0000,2.0000,8.0000,0.8188,2.6395,0.8188,1.8560
3825716,2016-01-03,La Liga,2015/2016,18.0000,Rayo Vallecano,Real Sociedad,H,Paco Jémez,Eusebio Sacristán,2.0000,2.0000,1.0000,45.6298,50.9317,2.7048,23.2307,21.1268,0.5303,35.7143,12.7451,15.9474,0.4184,35.5932,46.0856,12.0000,0.0000,13.0000,1.0034,0.8446,1.0034,0.8446
3825716,2016-01-03,La Liga,2015/2016,18.0000,Real Sociedad,Rayo Vallecano,A,Eusebio Sacristán,Paco Jémez,2.0000,2.0000,1.0000,54.3702,49.0683,3.3925,22.8528,19.0083,0.4689,0.0000,5.7692,9.2963,0.3070,55.0459,53.8523,7.0000,1.0000,15.0000,0.8446,1.0034,0.8446,1.0034
3825717,2016-01-03,La Liga,2015/2016,18.0000,Granada,Sevilla,H,Diego Mainz García / José Ramón Sandoval,Unai Emery,2.0000,1.0000,3.0000,39.7172,26.6355,3.0000,25.1736,24.4186,0.4396,16.6667,6.4935,11.4400,0.2751,37.2093,46.7520,11.0000,1.0000,9.0000,0.8744,2.3896,0.8744,2.3896
3825717,2016-01-03,La Liga,2015/2016,18.0000,Sevilla,Granada,A,Unai Emery,Diego Mainz García / José Ramón Sandoval,1.0000,2.0000,0.0000,60.2828,73.3645,3.7905,19.7859,11.3065,0.3797,70.0000,9.0909,9.6522,0.2557,44.3038,53.2606,10.0000,0.0000,16.0000,2.3896,0.8744,2.3896,0.8744
3825718,2016-01-03,La Liga,2015/2016,18.0000,Valencia,Real Madrid,H,Gary Neville,Rafael Benítez,2.0000,2.0000,1.0000,47.8303,42.5926,4.2788,19.5030,10.3371,0.2875,42.8571,4.4248,11.4375,0.2551,44.2029,47.6143,7.0000,1.0000,12.0000,2.6168,1.1467,1.8333,1.1467
3825718,2016-01-03,La Liga,2015/2016,18.0000,Real Madrid,Valencia,A,Rafael Benítez,Gary Neville,2.0000,2.0000,1.0000,52.1697,57.4074,5.5506,18.9383,10.5263,0.2730,16.6667,9.5890,9.3158,0.2117,35.2381,49.9824,13.0000,0.0000,17.0000,1.1467,2.6168,1.1467,1.8333
3825719,2016-01-03,La Liga,2015/2016,18.0000,Athletic Club,Las Palmas,H,Ernesto Valverde,Quique Setién,2.0000,2.0000,1.0000,40.6814,52.5641,3.8495,23.5506,18.4358,0.4235,25.0000,12.2807,8.6727,0.3429,48.7685,58.0914,24.0000,0.0000,15.0000,2.1309,0.7776,1.3474,0.7776
3825719,2016-01-03,La Liga,2015/2016,18.0000,Las Palmas,Athletic Club,A,Quique Setién,Ernesto Valverde,2.0000,2.0000,1.0000,59.3186,47.4359,4.4783,19.7120,10.6796,0.2994,30.0000,10.1266,9.3871,0.3251,43.9394,45.5200,9.0000,0.0000,12.0000,0.7776,2.1309,0.7776,1.3474
3825720,2016-01-03,La Liga,2015/2016,18.0000,Real Betis,Eibar,H,Pepe Mel,José Luis Mendilibar,0.0000,4.0000,0.0000,59.6739,67.9612,4.7864,19.6882,13.7931,0.3332,50.0000,10.1796,7.1282,0.4097,41.4474,54.7574,17.0000,1.0000,11.0000,1.6141,0.9489,1.6141,0.9489
3825720,2016-01-03,La Liga,2015/2016,18.0000,Eibar,Real Betis,A,José Luis Mendilibar,Pepe Mel,4.0000,0.0000,3.0000,40.3261,32.0388,3.3895,21.0559,14.5963,0.4427,0.0000,7.9545,10.9091,0.2750,35.0993,47.5546,10.0000,0.0000,6.0000,0.9489,1.6141,0.9489,1.6141
3825721,2016-01-03,La Liga,2015/2016,18.0000,RC Deportivo La Coruña,Villarreal,H,Víctor Sánchez,Marcelino,1.0000,2.0000,0.0000,53.8385,62.0853,4.4860,23.9691,18.7500,0.3450,20.0000,7.0175,10.0000,0.3153,54.1096,53.3113,13.0000,0.0000,11.0000,0.9741,1.3213,0.9741,0.5378
3825721,2016-01-03,La Liga,2015/2016,18.0000,Villarreal,RC Deportivo La Coruña,A,Marcelino,Víctor Sánchez,2.0000,1.0000,3.0000,46.1615,37.9147,4.1414,19.6305,10.2439,0.4332,0.0000,5.7143,15.0000,0.1463,37.9747,45.1193,8.0000,1.0000,6.0000,1.3213,0.9741,0.5378,0.9741
3825722,2016-01-04,La Liga,2015/2016,18.0000,Sporting Gijón,Getafe,H,Abelardo,Fran Escribá,1.0000,2.0000,0.0000,46.0984,42.2727,3.5851,21.0645,13.6499,0.4380,0.0000,14.1667,10.4815,0.2628,37.2881,48.6827,19.0000,1.0000,17.0000,1.3640,1.9832,1.3640,1.1997
3825722,2016-01-04,La Liga,2015/2016,18.0000,Getafe,Sporting Gijón,A,Fran Escribá,Abelardo,2.0000,1.0000,3.0000,53.9016,57.7273,3.8812,20.4585,14.7959,0.3655,0.0000,9.2105,7.3824,0.3333,40.6250,48.6915,17.0000,1.0000,11.0000,1.9832,1.3640,1.1997,1.3640
266620,2016-01-09,La Liga,2015/2016,19.0000,Barcelona,Granada,H,Luis Enrique,José Ramón Sandoval,4.0000,0.0000,3.0000,65.8723,73.9130,5.7273,16.9244,8.4127,0.2414,28.5714,3.8647,9.6923,0.5363,42.7083,57.9538,16.0000,0.0000,17.0000,3.2089,0.3747,3.2089,0.3747
266620,2016-01-09,La Liga,2015/2016,19.0000,Granada,Barcelona,A,José Ramón Sandoval,Luis Enrique,0.0000,4.0000,0.0000,34.1277,26.0870,3.3587,20.6758,17.4757,0.3524,27.2727,9.3023,13.7097,0.3473,38.3333,46.4140,7.0000,0.0000,8.0000,0.3747,3.2089,0.3747,3.2089
3825723,2016-01-09,La Liga,2015/2016,19.0000,Levante UD,Rayo Vallecano,H,Rubí,Paco Jémez,2.0000,1.0000,3.0000,43.9242,40.2516,3.0275,23.9379,20.9091,0.4948,28.5714,6.0000,12.2258,0.2545,45.3125,48.2041,7.0000,2.0000,10.0000,0.7966,0.3274,0.7966,0.3274
3825723,2016-01-09,La Liga,2015/2016,19.0000,Rayo Vallecano,Levante UD,A,Paco Jémez,Rubí,1.0000,2.0000,0.0000,56.0758,59.7484,3.5041,21.0225,15.5452,0.4387,33.3333,14.7826,8.4167,0.4010,47.4684,51.4697,15.0000,0.0000,10.0000,0.3274,0.7966,0.3274,0.7966
3825724,2016-01-09,La Liga,2015/2016,19.0000,Real Madrid,RC Deportivo La Coruña,H,Zinédine Zidane,Víctor Sánchez,5.0000,0.0000,3.0000,51.7606,49.2647,4.6695,18.5426,9.0744,0.2748,54.5455,11.6129,11.0625,0.2226,35.2459,50.1933,12.0000,0.0000,23.0000,2.5223,0.9054,2.5223,0.9054
3825724,2016-01-09,La Liga,2015/2016,19.0000,RC Deportivo La Coruña,Real Madrid,A,Víctor Sánchez,Zinédine Zidane,0.0000,5.0000,0.0000,48.2394,50.7353,3.8889,20.2810,14.8980,0.2755,20.0000,10.1351,13.3548,0.1599,47.8723,51.4657,11.0000,1.0000,18.0000,0.9054,2.5223,0.9054,2.5223
3825725,2016-01-09,La Liga,2015/2016,19.0000,Getafe,Real Betis,H,Fran Escribá,Pepe Mel,1.0000,0.0000,3.0000,52.9206,53.4137,4.0825,20.3183,13.8889,0.3578,0.0000,8.5526,7.6970,0.4293,41.6185,54.5927,15.0000,0.0000,9.0000,0.7357,0.6680,0.7357,0.6680
3825725,2016-01-09,La Liga,2015/2016,19.0000,Real Betis,Getafe,A,Pepe Mel,Fran Escribá,0.0000,1.0000,0.0000,47.0794,46.5863,3.8889,19.4443,11.4286,0.3811,0.0000,11.6279,7.3421,0.2119,37.5000,48.0591,14.0000,0.0000,11.0000,0.6680,0.7357,0.6680,0.7357
3825726,2016-01-09,La Liga,2015/2016,19.0000,Sevilla,Athletic Club,H,Unai Emery,Ernesto Valverde,2.0000,0.0000,3.0000,48.9733,38.6047,4.4947,20.8427,12.6464,0.3201,22.2222,3.9604,13.0833,0.3119,27.0968,46.0495,8.0000,0.0000,4.0000,1.2473,0.8923,0.4638,0.8923
3825726,2016-01-09,La Liga,2015/2016,19.0000,Athletic Club,Sevilla,A,Ernesto Valverde,Unai Emery,0.0000,2.0000,0.0000,51.0267,61.3953,4.8587,20.1321,10.9620,0.3406,0.0000,10.5263,7.9130,0.3522,55.3571,55.8816,20.0000,2.0000,12.0000,0.8923,1.2473,0.8923,0.4638
3825727,2016-01-10,La Liga,2015/2016,19.0000,Eibar,Espanyol,H,José Luis Mendilibar,Constantin Gâlcă,2.0000,1.0000,3.0000,53.0201,72.6027,3.2640,22.1075,17.8922,0.4175,0.0000,11.7318,9.7273,0.3024,53.5433,55.5974,17.0000,1.0000,20.0000,2.3990,0.3763,1.6155,0.3763
3825727,2016-01-10,La Liga,2015/2016,19.0000,Espanyol,Eibar,A,Constantin Gâlcă,José Luis Mendilibar,1.0000,2.0000,0.0000,46.9799,27.3973,3.7653,21.8422,17.3442,0.4616,8.3333,10.8911,10.7600,0.2785,36.3636,40.0612,6.0000,0.0000,7.0000,0.3763,2.3990,0.3763,1.6155
3825728,2016-01-10,La Liga,2015/2016,19.0000,Celta Vigo,Atlético Madrid,H,Eduardo Berizzo,Diego Simeone,0.0000,2.0000,0.0000,55.8418,47.0990,5.0648,21.6126,13.1627,0.3383,45.4545,9.0361,7.1316,0.4021,35.7513,50.0241,9.0000,0.0000,6.0000,0.2487,1.3168,0.2487,1.3168
3825728,2016-01-10,La Liga,2015/2016,19.0000,Atlético Madrid,Celta Vigo,A,Diego Simeone,Eduardo Berizzo,2.0000,0.0000,3.0000,44.1582,52.9010,4.5579,17.9785,10.3926,0.4309,0.0000,6.2147,11.4865,0.3048,44.3243,46.2163,13.0000,1.0000,10.0000,1.3168,0.2487,1.3168,0.2487
3825729,2016-01-10,La Liga,2015/2016,19.0000,Villarreal,Sporting Gijón,H,Marcelino,Abelardo,2.0000,0.0000,3.0000,47.9087,34.4681,5.3647,20.8340,13.5965,0.3578,0.0000,5.1724,11.2581,0.2792,49.0196,42.3802,6.0000,1.0000,7.0000,1.2625,0.7033,1.2625,0.7033
3825729,2016-01-10,La Liga,2015/2016,19.0000,Sporting Gijón,Villarreal,A,Abelardo,Marcelino,0.0000,2.0000,0.0000,52.0913,65.5319,4.9000,21.3413,15.5102,0.3393,12.5000,13.5802,8.7674,0.3194,48.4472,55.5375,15.0000,0.0000,12.0000,0.7033,1.2625,0.7033,1.2625
3825730,2016-01-10,La Liga,2015/2016,19.0000,Real Sociedad,Valencia,H,Eusebio Sacristán,Gary Neville,2.0000,0.0000,3.0000,50.3525,68.5841,4.0648,19.6579,12.7563,0.3187,36.3636,13.7931,8.5319,0.2596,61.7188,61.6827,18.0000,0.0000,24.0000,2.9407,0.6748,2.9407,0.6748
3825730,2016-01-10,La Liga,2015/2016,19.0000,Valencia,Real Sociedad,A,Gary Neville,Eusebio Sacristán,0.0000,2.0000,0.0000,49.6475,31.4159,4.0459,20.6847,15.1927,0.3776,10.0000,6.5217,11.5926,0.3220,34.7826,43.3170,7.0000,0.0000,10.0000,0.6748,2.9407,0.6748,2.9407
3825731,2016-01-10,La Liga,2015/2016,19.0000,Las Palmas,Málaga,H,Quique Setién,Javi Gracia,1.0000,1.0000,1.0000,58.3085,51.7413,5.9011,19.9028,12.6629,0.2547,33.3333,6.5574,8.4286,0.3986,40.1198,48.1165,4.0000,0.0000,5.0000,0.3505,1.3497,0.3505,1.3497
3825731,2016-01-10,La Liga,2015/2016,19.0000,Málaga,Las Palmas,A,Javi Gracia,Quique Setién,1.0000,1.0000,1.0000,41.6915,48.2587,3.7449,20.7965,14.1689,0.4250,28.5714,10.8333,10.8250,0.3549,46.1538,51.6764,14.0000,0.0000,11.0000,1.3497,0.3505,1.3497,0.3505
3825732,2016-01-16,La Liga,2015/2016,20.0000,Celta Vigo,Levante UD,H,Eduardo Berizzo,Rubí,4.0000,3.0000,3.0000,57.8362,56.0606,3.7537,21.0624,13.1213,0.3563,0.0000,7.0423,7.4250,0.4317,41.1111,52.1308,9.0000,0.0000,13.0000,2.0933,1.1417,2.0933,1.1417
3825732,2016-01-16,La Liga,2015/2016,20.0000,Levante UD,Celta Vigo,A,Rubí,Eduardo Berizzo,3.0000,4.0000,0.0000,42.1638,43.9394,3.6600,20.8393,14.4809,0.5171,33.3333,10.2190,11.8000,0.2937,51.1905,49.6053,15.0000,1.0000,16.0000,1.1417,2.0933,1.1417,2.0933
3825733,2016-01-16,La Liga,2015/2016,20.0000,Sevilla,Málaga,H,Unai Emery,Javi Gracia,2.0000,1.0000,3.0000,54.4931,39.8907,4.7333,21.0314,14.7887,0.3638,0.0000,10.5769,10.4583,0.4481,32.7684,45.6933,7.0000,1.0000,8.0000,1.0290,1.1898,1.0290,1.1898
3825733,2016-01-16,La Liga,2015/2016,20.0000,Málaga,Sevilla,A,Javi Gracia,Unai Emery,1.0000,2.0000,0.0000,45.5069,60.1093,3.6170,20.6726,14.1176,0.4539,42.8571,7.8125,7.0189,0.3319,61.7834,60.5341,21.0000,0.0000,14.0000,1.1898,1.0290,1.1898,1.0290
3825734,2016-01-16,La Liga,2015/2016,20.0000,Real Sociedad,RC Deportivo La Coruña,H,Eusebio Sacristán,Víctor Sánchez,1.0000,1.0000,1.0000,63.3962,83.7500,5.4336,19.4894,9.4463,0.2887,50.0000,8.1851,11.0741,0.4716,61.2022,55.3757,16.0000,1.0000,16.0000,2.9235,1.4242,2.1400,1.4242
3825734,2016-01-16,La Liga,2015/2016,20.0000,RC Deportivo La Coruña,Real Sociedad,A,Víctor Sánchez,Eusebio Sacristán,1.0000,1.0000,1.0000,36.6038,16.2500,3.6774,22.9535,19.0058,0.4259,12.5000,10.6667,17.8000,0.3318,28.2511,39.2696,10.0000,1.0000,7.0000,1.4242,2.9235,1.4242,2.1400
3825735,2016-01-16,La Liga,2015/2016,20.0000,Villarreal,Real Betis,H,Marcelino,Juan Merino,0.0000,0.0000,1.0000,49.6900,51.2315,5.6374,19.2754,10.7212,0.3410,40.0000,7.6389,12.1111,0.2729,41.9355,49.5051,11.0000,0.0000,9.0000,0.7939,0.5586,0.7939,0.5586
3825735,2016-01-16,La Liga,2015/2016,20.0000,Real Betis,Villarreal,A,Juan Merino,Marcelino,0.0000,0.0000,1.0000,50.3100,48.7685,5.0990,20.3715,14.7573,0.3240,0.0000,10.0000,11.9394,0.2799,38.2166,56.0232,16.0000,0.0000,15.0000,0.5586,0.7939,0.5586,0.7939
266149,2016-01-17,La Liga,2015/2016,20.0000,Barcelona,Athletic Club,H,Luis Enrique,Ernesto Valverde,6.0000,0.0000,3.0000,76.0550,87.8205,10.1081,20.5646,12.7005,0.2203,100.0000,5.7325,11.5000,0.2869,55.7143,53.1440,15.0000,1.0000,20.0000,2.8182,1.0888,2.0347,1.0888
266149,2016-01-17,La Liga,2015/2016,20.0000,Athletic Club,Barcelona,A,Ernesto Valverde,Luis Enrique,0.0000,6.0000,0.0000,23.9450,12.1795,3.0303,23.6467,23.0000,0.4728,0.0000,6.5574,41.0000,0.1819,27.6596,44.8928,11.0000,0.0000,9.0000,1.0888,2.8182,1.0888,2.0347
3825736,2016-01-17,La Liga,2015/2016,20.0000,Valencia,Rayo Vallecano,H,Gary Neville,Paco Jémez,2.0000,2.0000,1.0000,52.2777,48.4043,3.1395,22.7314,19.0123,0.4170,0.0000,13.6000,8.6944,0.4682,45.1456,48.1154,9.0000,0.0000,13.0000,0.9695,1.6947,0.9695,1.6947
3825736,2016-01-17,La Liga,2015/2016,20.0000,Rayo Vallecano,Valencia,A,Paco Jémez,Gary Neville,2.0000,2.0000,1.0000,47.7223,51.5957,3.3509,20.9965,14.6597,0.3737,16.6667,10.1852,7.3778,0.4025,46.3918,48.2904,15.0000,2.0000,18.0000,1.6947,0.9695,1.6947,0.9695
3825737,2016-01-17,La Liga,2015/2016,20.0000,Getafe,Espanyol,H,Fran Escribá,Constantin Gâlcă,3.0000,1.0000,3.0000,37.3166,43.8596,3.4494,22.1720,17.2638,0.4069,0.0000,9.0000,18.3200,0.3094,47.0270,48.4970,12.0000,0.0000,19.0000,1.8696,1.3371,1.8696,1.3371
3825737,2016-01-17,La Liga,2015/2016,20.0000,Espanyol,Getafe,A,Constantin Gâlcă,Fran Escribá,1.0000,3.0000,0.0000,62.6834,56.1404,5.0370,21.7554,13.7868,0.2926,50.0000,4.0000,7.3056,0.3483,46.7742,49.8082,7.0000,1.0000,13.0000,1.3371,1.8696,1.3371,1.8696
3825738,2016-01-17,La Liga,2015/2016,20.0000,Las Palmas,Atlético Madrid,H,Quique Setién,Diego Simeone,0.0000,3.0000,0.0000,58.6522,47.0149,6.0000,19.5956,9.0343,0.2075,40.0000,6.2500,11.5769,0.2233,42.3423,46.8358,14.0000,0.0000,11.0000,0.5019,1.9866,0.5019,1.9866
3825738,2016-01-17,La Liga,2015/2016,20.0000,Atlético Madrid,Las Palmas,A,Diego Simeone,Quique Setién,3.0000,0.0000,3.0000,41.3478,52.9851,5.1477,17.8073,9.9338,0.3505,0.0000,4.8193,9.1552,0.2851,42.2886,54.1637,12.0000,2.0000,11.0000,1.9866,0.5019,1.9866,0.5019
3825739,2016-01-17,La Liga,2015/2016,20.0000,Real Madrid,Sporting Gijón,H,Zinédine Zidane,Abelardo,5.0000,1.0000,3.0000,66.7799,74.1667,7.6598,19.2948,8.8829,0.1895,16.6667,9.9010,9.5484,0.3120,44.2623,52.7045,8.0000,0.0000,17.0000,2.2210,0.6574,2.2210,0.6574
3825739,2016-01-17,La Liga,2015/2016,20.0000,Sporting Gijón,Real Madrid,A,Abelardo,Zinédine Zidane,1.0000,5.0000,0.0000,33.2201,25.8333,3.4444,19.6075,12.3167,0.3657,0.0000,10.6667,19.6071,0.2583,24.1379,48.1110,5.0000,0.0000,9.0000,0.6574,2.2210,0.6574,2.2210
3825740,2016-01-18,La Liga,2015/2016,20.0000,Eibar,Granada,H,José Luis Mendilibar,José Ramón Sandoval,5.0000,1.0000,3.0000,55.1681,62.8049,3.6095,22.6570,18.2058,0.3879,0.0000,10.5634,9.5517,0.3278,51.6949,53.0624,9.0000,0.0000,12.0000,1.7142,0.9642,1.7142,0.9642
3825740,2016-01-18,La Liga,2015/2016,20.0000,Granada,Eibar,A,José Ramón Sandoval,José Luis Mendilibar,1.0000,5.0000,0.0000,44.8319,37.1951,3.7561,22.1994,19.8052,0.4891,0.0000,10.8434,10.4138,0.3183,40.4255,42.5729,6.0000,0.0000,4.0000,0.9642,1.7142,0.9642,1.7142
3825741,2016-01-22,La Liga,2015/2016,21.0000,Sporting Gijón,Real Sociedad,H,Abelardo,Eusebio Sacristán,5.0000,1.0000,3.0000,43.2870,37.9913,3.4946,20.6643,15.0769,0.4102,0.0000,12.8713,10.5862,0.3327,38.6503,43.7380,7.0000,1.0000,13.0000,4.6759,1.3246,4.6759,1.3246
3825741,2016-01-22,La Liga,2015/2016,21.0000,Real Sociedad,Sporting Gijón,A,Eusebio Sacristán,Abelardo,1.0000,5.0000,0.0000,56.7130,62.0087,4.4742,21.7182,14.2857,0.3075,25.0000,13.6905,6.6667,0.3690,50.0000,54.9228,13.0000,1.0000,9.0000,1.3246,4.6759,1.3246,4.6759
265894,2016-01-23,La Liga,2015/2016,21.0000,Málaga,Barcelona,H,Javi Gracia,Luis Enrique,1.0000,2.0000,0.0000,34.4676,40.4762,3.3333,20.6257,16.2963,0.4837,33.3333,11.1111,15.5769,0.2446,45.2055,50.6611,12.0000,0.0000,14.0000,1.0945,2.1319,1.0945,2.1319
265894,2016-01-23,La Liga,2015/2016,21.0000,Barcelona,Málaga,A,Luis Enrique,Javi Gracia,2.0000,1.0000,3.0000,65.5324,59.5238,4.3360,21.0716,14.9446,0.1903,40.0000,6.1069,9.9524,0.2707,54.1176,53.6911,7.0000,1.0000,11.0000,2.1319,1.0945,2.1319,1.0945
3825742,2016-01-23,La Liga,2015/2016,21.0000,Granada,Getafe,H,José Ramón Sandoval,Fran Escribá,3.0000,2.0000,3.0000,49.8889,56.6845,3.9200,21.3042,16.8367,0.3846,0.0000,12.5000,7.6444,0.3836,49.1329,55.3312,14.0000,2.0000,20.0000,2.3053,1.9284,2.3053,1.9284
3825742,2016-01-23,La Liga,2015/2016,21.0000,Getafe,Granada,A,Fran Escribá,José Ramón Sandoval,2.0000,3.0000,0.0000,50.1111,43.3155,3.2881,21.9854,15.7216,0.3540,36.3636,7.7670,10.1667,0.4432,41.2060,47.9664,9.0000,0.0000,9.0000,1.9284,2.3053,1.9284,2.3053
3825743,2016-01-23,La Liga,2015/2016,21.0000,Rayo Vallecano,Celta Vigo,H,Paco Jémez,Eduardo Berizzo,3.0000,0.0000,3.0000,55.4318,65.1007,3.0459,21.6067,14.4578,0.4287,40.0000,10.8108,6.6486,0.5062,47.5309,54.0496,18.0000,1.0000,26.0000,3.1139,0.1815,3.1139,0.1815
3825743,2016-01-23,La Liga,2015/2016,21.0000,Celta Vigo,Rayo Vallecano,A,Eduardo Berizzo,Paco Jémez,0.0000,3.0000,0.0000,44.5682,34.8993,2.4381,25.3867,23.4375,0.5393,0.0000,1.1905,10.8462,0.3116,41.9355,42.8825,7.0000,0.0000,3.0000,0.1815,3.1139,0.1815,3.1139
3825744,2016-01-23,La Liga,2015/2016,21.0000,Espanyol,Villarreal,H,Constantin Gâlcă,Marcelino,2.0000,2.0000,1.0000,44.8205,36.7647,4.5814,22.3395,15.2284,0.3181,0.0000,7.0000,13.5556,0.2825,38.8158,46.4204,11.0000,0.0000,11.0000,1.0577,1.0703,1.0577,1.0703
3825744,2016-01-23,La Liga,2015/2016,21.0000,Villarreal,Espanyol,A,Marcelino,Constantin Gâlcă,2.0000,2.0000,1.0000,55.1795,63.2353,5.1579,20.8628,11.2245,0.3407,50.0000,5.0000,10.0000,0.3112,54.4118,50.5681,11.0000,0.0000,14.0000,1.0703,1.0577,1.0703,1.0577
3825745,2016-01-24,La Liga,2015/2016,21.0000,RC Deportivo La Coruña,Valencia,H,Víctor Sánchez,Gary Neville,1.0000,1.0000,1.0000,48.5249,60.4563,4.4787,21.3538,12.5891,0.3393,0.0000,5.0562,12.7241,0.3024,40.5229,49.2402,11.0000,0.0000,8.0000,1.1016,0.9732,1.1016,0.9732
3825745,2016-01-24,La Liga,2015/2016,21.0000,Valencia,RC Deportivo La Coruña,A,Gary Neville,Víctor Sánchez,1.0000,1.0000,1.0000,51.4751,39.5437,4.1215,21.3176,13.8322,0.4196,10.0000,9.1603,18.4000,0.2075,25.2525,48.3636,13.0000,1.0000,10.0000,0.9732,1.1016,0.9732,1.1016
3825746,2016-01-24,La Liga,2015/2016,21.0000,Real Betis,Real Madrid,H,Juan Merino,Zinédine Zidane,1.0000,1.0000,1.0000,35.1224,16.3866,3.5161,20.0100,14.3731,0.4144,0.0000,9.2593,10.6000,0.3222,26.5766,41.9671,2.0000,2.0000,5.0000,0.3802,3.3096,0.3802,3.3096
3825746,2016-01-24,La Liga,2015/2016,21.0000,Real Madrid,Real Betis,A,Zinédine Zidane,Juan Merino,1.0000,1.0000,1.0000,64.8776,83.6134,6.2970,18.6295,11.3208,0.3152,100.0000,11.3636,9.3636,0.2976,47.7477,56.2883,17.0000,1.0000,20.0000,3.3096,0.3802,3.3096,0.3802
3825747,2016-01-24,La Liga,2015/2016,21.0000,Athletic Club,Eibar,H,Ernesto Valverde,José Luis Mendilibar,5.0000,2.0000,3.0000,53.9488,57.8035,4.1569,21.2646,16.5094,0.4023,0.0000,6.6116,10.1333,0.3623,45.3333,49.0168,10.0000,0.0000,10.0000,0.9296,2.0222,0.9296,1.2387
3825747,2016-01-24,La Liga,2015/2016,21.0000,Eibar,Athletic Club,A,José Luis Mendilibar,Ernesto Valverde,2.0000,5.0000,0.0000,46.0512,42.1965,3.1607,21.1175,17.5141,0.4686,0.0000,6.8627,14.6957,0.2577,43.2000,45.2195,8.0000,0.0000,9.0000,2.0222,0.9296,1.2387,0.9296
3825748,2016-01-24,La Liga,2015/2016,21.0000,Atlético Madrid,Sevilla,H,Diego Simeone,Unai Emery,0.0000,0.0000,1.0000,68.0730,81.6000,5.1028,19.0887,10.0733,0.3211,50.0000,9.0517,6.4242,0.3786,65.0943,62.5174,21.0000,0.0000,21.0000,1.2606,0.3113,1.2606,0.3113
3825748,2016-01-24,La Liga,2015/2016,21.0000,Sevilla,Atlético Madrid,A,Unai Emery,Diego Simeone,0.0000,0.0000,1.0000,31.9270,18.4000,2.6706,22.1277,19.3833,0.5844,0.0000,9.5890,15.8571,0.2446,25.3425,36.2570,4.0000,0.0000,7.0000,0.3113,1.2606,0.3113,1.2606
3825749,2016-01-25,La Liga,2015/2016,21.0000,Levante UD,Las Palmas,H,Rubí,Quique Setién,3.0000,2.0000,3.0000,30.5000,24.2857,3.4684,22.1803,18.2482,0.4314,20.0000,12.0000,13.8235,0.1986,39.1304,46.5355,12.0000,3.0000,12.0000,1.6901,1.0680,1.6901,1.0680
3825749,2016-01-25,La Liga,2015/2016,21.0000,Las Palmas,Levante UD,A,Quique Setién,Rubí,2.0000,3.0000,0.0000,69.5000,75.7143,5.9720,20.7837,11.2676,0.2110,33.3333,4.3243,10.1818,0.4230,44.1860,57.8494,16.0000,0.0000,13.0000,1.0680,1.6901,1.0680,1.6901
267576,2016-01-30,La Liga,2015/2016,22.0000,Barcelona,Atlético Madrid,H,Luis Enrique,Diego Simeone,2.0000,1.0000,3.0000,70.0097,69.6319,8.3333,19.2084,9.6296,0.1664,60.0000,3.9683,7.7391,0.4026,33.8710,48.2242,12.0000,0.0000,10.0000,0.5707,0.6799,0.5707,0.6799
267576,2016-01-30,La Liga,2015/2016,22.0000,Atlético Madrid,Barcelona,A,Diego Simeone,Luis Enrique,1.0000,2.0000,0.0000,29.9903,30.3681,3.9552,17.4991,9.0566,0.3438,11.1111,6.9307,11.7500,0.2962,30.5164,47.0328,12.0000,0.0000,7.0000,0.6799,0.5707,0.6799,0.5707
3825750,2016-01-30,La Liga,2015/2016,22.0000,Real Sociedad,Real Betis,H,Eusebio Sacristán,Juan Merino,2.0000,1.0000,3.0000,46.9062,53.4247,4.2755,21.2142,13.1265,0.2959,0.0000,9.1603,10.0513,0.4398,57.2650,50.4015,11.0000,1.0000,11.0000,0.5355,1.1505,0.5355,1.1505
3825750,2016-01-30,La Liga,2015/2016,22.0000,Real Betis,Real Sociedad,A,Juan Merino,Eusebio Sacristán,1.0000,2.0000,0.0000,53.0938,46.5753,4.2054,19.3337,11.6773,0.3559,50.0000,5.5556,18.6471,0.2766,28.4615,43.8274,11.0000,0.0000,8.0000,1.1505,0.5355,1.1505,0.5355
3825751,2016-01-30,La Liga,2015/2016,22.0000,Getafe,Athletic Club,H,Fran Escribá,Carlos Gurpegi Nausia / Ernesto Valverde,0.0000,1.0000,0.0000,56.1247,49.3671,4.3725,21.9953,16.1435,0.3612,0.0000,10.5769,12.2174,0.3706,34.2466,44.2674,13.0000,0.0000,11.0000,1.4117,1.4583,1.4117,1.4583
3825751,2016-01-30,La Liga,2015/2016,22.0000,Athletic Club,Getafe,A,Carlos Gurpegi Nausia / Ernesto Valverde,Fran Escribá,1.0000,0.0000,3.0000,43.8753,50.6329,3.7253,21.1710,15.9292,0.5071,0.0000,10.7143,8.0000,0.4028,55.1724,56.6602,13.0000,0.0000,14.0000,1.4583,1.4117,1.4583,1.4117
3825752,2016-01-30,La Liga,2015/2016,22.0000,Eibar,Málaga,H,José Luis Mendilibar,Javi Gracia,1.0000,2.0000,0.0000,57.3864,61.2150,3.5950,24.0245,20.9195,0.4704,0.0000,6.6667,9.6786,0.1893,47.8873,52.1546,12.0000,1.0000,11.0000,0.9282,1.3337,0.9282,1.3337
3825752,2016-01-30,La Liga,2015/2016,22.0000,Málaga,Eibar,A,Javi Gracia,José Luis Mendilibar,2.0000,1.0000,3.0000,42.6136,38.7850,3.0980,21.2152,17.0886,0.5897,0.0000,7.2727,12.4815,0.2594,38.1679,42.2328,7.0000,0.0000,7.0000,1.3337,0.9282,1.3337,0.9282
3825753,2016-01-30,La Liga,2015/2016,22.0000,Villarreal,Granada,H,Marcelino,José Ramón Sandoval,1.0000,0.0000,3.0000,55.7971,56.5217,4.3964,19.8729,10.0410,0.3091,57.1429,11.6071,10.2188,0.2974,45.6693,51.5794,11.0000,0.0000,13.0000,2.2235,0.6812,1.4400,0.6812
3825753,2016-01-30,La Liga,2015/2016,22.0000,Granada,Villarreal,A,José Ramón Sandoval,Marcelino,0.0000,1.0000,0.0000,44.2029,43.4783,3.6117,21.7278,16.6667,0.4108,0.0000,8.6022,12.7500,0.4304,49.1379,50.0902,9.0000,1.0000,8.0000,0.6812,2.2235,0.6812,1.4400
3825754,2016-01-31,La Liga,2015/2016,22.0000,Las Palmas,Celta Vigo,H,Quique Setién,Eduardo Berizzo,2.0000,1.0000,3.0000,57.4468,62.6263,4.4404,20.4555,12.8099,0.3444,25.0000,5.8824,8.1351,0.3300,56.0606,54.3602,9.0000,1.0000,13.0000,1.6955,0.5641,0.9120,0.5641
3825754,2016-01-31,La Liga,2015/2016,22.0000,Celta Vigo,Las Palmas,A,Eduardo Berizzo,Quique Setién,1.0000,2.0000,0.0000,42.5532,37.3737,3.9778,22.5114,17.3184,0.4526,0.0000,7.4766,11.5161,0.3037,28.0488,44.5462,7.0000,0.0000,5.0000,0.5641,1.6955,0.5641,0.9120
3825755,2016-01-31,La Liga,2015/2016,22.0000,Valencia,Sporting Gijón,H,Gary Neville,Abelardo,0.0000,1.0000,0.0000,62.1404,69.7143,4.2703,21.3571,13.5021,0.3546,42.8571,11.8881,6.0244,0.5653,45.6989,51.0226,12.0000,0.0000,18.0000,2.9071,1.4944,2.9071,0.7109
3825755,2016-01-31,La Liga,2015/2016,22.0000,Sporting Gijón,Valencia,A,Abelardo,Gary Neville,1.0000,0.0000,3.0000,37.8596,30.2857,2.5377,21.6711,17.4721,0.5327,0.0000,3.4884,9.2195,0.2796,46.3576,48.8682,9.0000,0.0000,9.0000,1.4944,2.9071,0.7109,2.9071
3825756,2016-01-31,La Liga,2015/2016,22.0000,Sevilla,Levante UD,H,Unai Emery,Rubí,3.0000,1.0000,3.0000,46.8909,45.5253,4.9294,20.5022,10.5012,0.3414,0.0000,14.1791,11.5172,0.1804,37.2340,42.6569,8.0000,1.0000,14.0000,2.2481,0.8225,2.2481,0.8225
3825756,2016-01-31,La Liga,2015/2016,22.0000,Levante UD,Sevilla,A,Rubí,Unai Emery,1.0000,3.0000,0.0000,53.1091,54.4747,4.9175,21.3918,12.3690,0.2705,57.1429,8.3333,17.8333,0.2522,48.2759,49.7844,15.0000,0.0000,22.0000,0.8225,2.2481,0.8225,2.2481
3825757,2016-01-31,La Liga,2015/2016,22.0000,Real Madrid,Espanyol,H,Zinédine Zidane,Constantin Gâlcă,6.0000,0.0000,3.0000,65.8467,70.9302,7.1319,18.6286,10.3236,0.2514,100.0000,9.5238,6.7568,0.4072,40.1361,57.8358,14.0000,0.0000,18.0000,2.3992,1.4793,1.6157,1.4793
3825757,2016-01-31,La Liga,2015/2016,22.0000,Espanyol,Real Madrid,A,Constantin Gâlcă,Zinédine Zidane,0.0000,6.0000,0.0000,34.1533,29.0698,3.6627,19.5891,12.8289,0.3111,0.0000,10.4651,13.0294,0.3103,30.0926,44.4242,5.0000,2.0000,15.0000,1.4793,2.3992,1.4793,1.6157
3825758,2016-02-01,La Liga,2015/2016,22.0000,RC Deportivo La Coruña,Rayo Vallecano,H,Víctor Sánchez,Paco Jémez,2.0000,2.0000,1.0000,54.5554,68.2403,3.4634,23.7602,18.5446,0.4604,0.0000,4.9751,10.0000,0.3116,59.6899,58.7282,22.0000,1.0000,17.0000,1.2377,1.4938,1.2377,1.4938
3825758,2016-02-01,La Liga,2015/2016,22.0000,Rayo Vallecano,RC Deportivo La Coruña,A,Paco Jémez,Víctor Sánchez,2.0000,2.0000,1.0000,45.4446,31.7597,3.2037,21.3236,17.9191,0.4794,13.3333,6.2500,9.6129,0.2797,35.9712,42.8363,4.0000,1.0000,7.0000,1.4938,1.2377,1.4938,1.2377
3825759,2016-02-05,La Liga,2015/2016,23.0000,Málaga,Getafe,H,Javi Gracia,Fran Escribá,3.0000,0.0000,3.0000,43.9806,47.7679,4.6136,18.9337,11.0837,0.4003,0.0000,5.7554,14.2759,0.2981,38.3721,51.6495,15.0000,1.0000,9.0000,1.9799,0.3908,1.9799,0.3908
3825759,2016-02-05,La Liga,2015/2016,23.0000,Getafe,Málaga,A,Fran Escribá,Javi Gracia,0.0000,3.0000,0.0000,56.0194,52.2321,5.2727,19.4007,11.8774,0.2915,0.0000,8.5106,8.7647,0.3422,34.1935,48.0535,9.0000,0.0000,5.0000,0.3908,1.9799,0.3908,1.9799
3825760,2016-02-06,La Liga,2015/2016,23.0000,Atlético Madrid,Eibar,H,Diego Simeone,José Luis Mendilibar,3.0000,1.0000,3.0000,52.6682,55.5556,3.7670,19.2340,13.4021,0.4703,18.1818,5.6000,11.8333,0.3775,37.6623,48.8010,13.0000,1.0000,13.0000,2.1120,0.3575,2.1120,0.3575
3825760,2016-02-06,La Liga,2015/2016,23.0000,Eibar,Atlético Madrid,A,José Luis Mendilibar,Diego Simeone,1.0000,3.0000,0.0000,47.3318,44.4444,3.4200,23.0341,18.7135,0.4540,10.0000,4.4248,12.3704,0.3392,42.2078,43.7056,6.0000,0.0000,6.0000,0.3575,2.1120,0.3575,2.1120
3825761,2016-02-06,La Liga,2015/2016,23.0000,Athletic Club,Villarreal,H,Ernesto Valverde,Marcelino,0.0000,0.0000,1.0000,58.9083,63.0769,4.8868,21.3299,14.4788,0.3460,0.0000,9.3750,8.5143,0.3183,44.0945,54.8038,21.0000,0.0000,10.0000,0.6913,0.3031,0.6913,0.3031
3825761,2016-02-06,La Liga,2015/2016,23.0000,Villarreal,Athletic Club,A,Marcelino,Ernesto Valverde,0.0000,0.0000,1.0000,41.0917,36.9231,3.4948,20.9278,16.2242,0.4723,11.1111,4.7619,16.6667,0.3741,47.6636,45.7333,5.0000,0.0000,2.0000,0.3031,0.6913,0.3031,0.6913
3825762,2016-02-06,La Liga,2015/2016,23.0000,Sporting Gijón,RC Deportivo La Coruña,H,Abelardo,Víctor Sánchez,1.0000,1.0000,1.0000,44.4208,42.7885,3.4476,25.0923,22.0994,0.4952,0.0000,7.4627,12.1000,0.2467,45.7364,45.1121,11.0000,0.0000,11.0000,0.9162,0.2925,0.9162,0.2925
3825762,2016-02-06,La Liga,2015/2016,23.0000,RC Deportivo La Coruña,Sporting Gijón,A,Víctor Sánchez,Abelardo,1.0000,1.0000,1.0000,55.5792,57.2115,4.8646,22.7630,18.6296,0.4003,0.0000,6.6667,12.5217,0.3038,36.2205,47.7485,9.0000,1.0000,5.0000,0.2925,0.9162,0.2925,0.9162
3825763,2016-02-06,La Liga,2015/2016,23.0000,Rayo Vallecano,Las Palmas,H,Paco Jémez,Quique Setién,2.0000,0.0000,3.0000,49.7890,55.7789,3.6140,21.8891,15.5340,0.4009,50.0000,12.7820,10.3889,0.3256,54.1935,54.8296,14.0000,2.0000,19.0000,2.5492,0.4461,2.5492,0.4461
3825763,2016-02-06,La Liga,2015/2016,23.0000,Las Palmas,Rayo Vallecano,A,Quique Setién,Paco Jémez,0.0000,2.0000,0.0000,50.2110,44.2211,3.5739,24.1437,20.9246,0.3839,9.0909,8.1081,10.5806,0.3369,42.1384,45.5637,7.0000,0.0000,9.0000,0.4461,2.5492,0.4461,2.5492
266160,2016-02-07,La Liga,2015/2016,23.0000,Levante UD,Barcelona,H,Rubí,Luis Enrique,0.0000,2.0000,0.0000,32.0248,29.1429,3.0000,23.2729,21.0728,0.4393,36.3636,14.4000,11.5714,0.2416,38.3648,52.8633,15.0000,0.0000,14.0000,0.8459,1.0811,0.8459,1.0811
266160,2016-02-07,La Liga,2015/2016,23.0000,Barcelona,Levante UD,A,Luis Enrique,Rubí,2.0000,0.0000,3.0000,67.9752,70.8571,6.5054,19.3112,10.9091,0.2268,25.0000,6.8702,7.2000,0.5387,29.3413,47.1480,10.0000,1.0000,11.0000,1.0811,0.8459,1.0811,0.8459
3825764,2016-02-07,La Liga,2015/2016,23.0000,Granada,Real Madrid,H,José Ramón Sandoval,Zinédine Zidane,1.0000,2.0000,0.0000,37.6573,44.5946,4.0471,21.4042,16.8605,0.3922,9.0909,4.7244,8.8679,0.3447,46.8468,56.6126,16.0000,2.0000,14.0000,0.8051,1.9558,0.8051,1.9558
3825764,2016-02-07,La Liga,2015/2016,23.0000,Real Madrid,Granada,A,Zinédine Zidane,José Ramón Sandoval,2.0000,1.0000,3.0000,62.3427,55.4054,5.7059,19.1430,10.3093,0.2461,44.4444,9.1549,8.5172,0.4190,36.8098,45.0800,11.0000,0.0000,14.0000,1.9558,0.8051,1.9558,0.8051
3825765,2016-02-07,La Liga,2015/2016,23.0000,Celta Vigo,Sevilla,H,Eduardo Berizzo,Unai Emery,1.0000,1.0000,1.0000,73.2856,76.0563,7.1957,19.6152,9.5166,0.2118,33.3333,6.6372,6.1379,0.5134,40.2985,56.3074,14.0000,0.0000,25.0000,1.6021,0.8284,1.6021,0.8284
3825765,2016-02-07,La Liga,2015/2016,23.0000,Sevilla,Celta Vigo,A,Unai Emery,Eduardo Berizzo,1.0000,1.0000,1.0000,26.7144,23.9437,2.5244,21.2510,20.2899,0.4798,5.8824,14.0845,16.5600,0.1802,36.4341,48.3636,14.0000,0.0000,9.0000,0.8284,1.6021,0.8284,1.6021
3825766,2016-02-07,La Liga,2015/2016,23.0000,Real Betis,Valencia,H,Juan Merino,Gary Neville,1.0000,0.0000,3.0000,44.3787,46.9880,3.1300,19.3100,11.5016,0.4294,20.0000,2.1739,8.7368,0.1915,42.2222,52.1421,4.0000,1.0000,6.0000,1.0319,1.0209,1.0319,1.0209
3825766,2016-02-07,La Liga,2015/2016,23.0000,Valencia,Real Betis,A,Gary Neville,Juan Merino,0.0000,1.0000,0.0000,55.6213,53.0120,4.2577,19.5286,14.5278,0.4588,0.0000,7.6923,7.6944,0.3200,40.0000,49.8068,11.0000,0.0000,7.0000,1.0209,1.0319,1.0209,1.0319
3825767,2016-02-08,La Liga,2015/2016,23.0000,Espanyol,Real Sociedad,H,Constantin Gâlcă,Eusebio Sacristán,0.0000,5.0000,0.0000,63.3264,59.1346,5.9894,20.3514,14.7425,0.3283,20.0000,6.2112,6.8889,0.3239,53.0435,47.9816,8.0000,0.0000,5.0000,0.3156,1.6565,0.3156,1.6565
3825767,2016-02-08,La Liga,2015/2016,23.0000,Real Sociedad,Espanyol,A,Eusebio Sacristán,Constantin Gâlcă,5.0000,0.0000,3.0000,36.6736,40.8654,3.1596,22.7074,21.8855,0.4844,10.0000,3.5714,11.1053,0.2985,38.2514,50.5664,14.0000,3.0000,12.0000,1.6565,0.3156,1.6565,0.3156
3825768,2016-02-12,La Liga,2015/2016,24.0000,Sporting Gijón,Rayo Vallecano,H,Abelardo,Paco Jémez,2.0000,2.0000,1.0000,38.1198,37.5723,3.3763,22.3822,17.8344,0.4249,11.1111,12.1212,14.6452,0.2805,45.2381,49.6480,17.0000,1.0000,11.0000,1.7252,1.5121,1.7252,1.5121
3825768,2016-02-12,La Liga,2015/2016,24.0000,Rayo Vallecano,Sporting Gijón,A,Paco Jémez,Abelardo,2.0000,2.0000,1.0000,61.8802,62.4277,4.4390,20.2494,12.8205,0.3263,42.8571,9.4203,9.3667,0.3523,47.6923,50.2288,15.0000,0.0000,16.0000,1.5121,1.7252,1.5121,1.7252
3825769,2016-02-13,La Liga,2015/2016,24.0000,Villarreal,Málaga,H,Marcelino,Javi Gracia,1.0000,0.0000,3.0000,50.3960,47.7064,4.3491,21.9796,14.0998,0.3784,0.0000,5.3435,11.2258,0.3194,46.8750,51.5415,9.0000,2.0000,12.0000,0.7948,0.4180,0.7948,0.4180
3825769,2016-02-13,La Liga,2015/2016,24.0000,Málaga,Villarreal,A,Javi Gracia,Marcelino,0.0000,1.0000,0.0000,49.6040,52.2936,4.5859,21.8117,16.0793,0.4005,20.0000,6.8750,12.4333,0.2829,54.8611,52.2902,13.0000,0.0000,7.0000,0.4180,0.7948,0.4180,0.7948
3825770,2016-02-13,La Liga,2015/2016,24.0000,Real Madrid,Athletic Club,H,Zinédine Zidane,Ernesto Valverde,4.0000,2.0000,3.0000,60.5505,48.2143,6.9213,18.6837,9.4156,0.2378,30.0000,8.2645,14.7778,0.3326,37.7622,44.9966,11.0000,1.0000,19.0000,1.8690,1.6807,1.8690,1.6807
3825770,2016-02-13,La Liga,2015/2016,24.0000,Athletic Club,Real Madrid,A,Ernesto Valverde,Zinédine Zidane,2.0000,4.0000,0.0000,39.4495,51.7857,3.9588,20.4348,13.2812,0.3128,14.2857,16.6667,18.8148,0.2515,51.8072,53.8000,12.0000,0.0000,11.0000,1.6807,1.8690,1.6807,1.8690
3825771,2016-02-13,La Liga,2015/2016,24.0000,RC Deportivo La Coruña,Real Betis,H,Víctor Sánchez,Juan Merino,2.0000,2.0000,1.0000,55.1237,74.5192,4.1100,22.3610,16.7883,0.4222,0.0000,10.1604,8.3611,0.4383,44.3114,50.8561,17.0000,0.0000,26.0000,3.1412,0.3375,3.1412,0.3375
3825771,2016-02-13,La Liga,2015/2016,24.0000,Real Betis,RC Deportivo La Coruña,A,Juan Merino,Víctor Sánchez,2.0000,2.0000,1.0000,44.8763,25.4808,3.3196,22.8297,19.2547,0.4520,18.1818,6.4935,14.0500,0.2393,28.5714,46.2780,13.0000,1.0000,4.0000,0.3375,3.1412,0.3375,3.1412
3825772,2016-02-13,La Liga,2015/2016,24.0000,Valencia,Espanyol,H,,Constantin Gâlcă,2.0000,1.0000,3.0000,59.1603,61.6438,3.8095,19.0335,11.7500,0.3664,15.3846,10.2564,12.1176,0.3738,35.8333,47.8846,7.0000,0.0000,18.0000,1.3088,3.5281,1.3088,3.5281
3825772,2016-02-13,La Liga,2015/2016,24.0000,Espanyol,Valencia,A,Constantin Gâlcă,,1.0000,2.0000,0.0000,40.8397,38.3562,3.2805,21.8993,18.5874,0.4642,0.0000,9.8039,9.2667,0.2215,35.9223,51.4439,18.0000,0.0000,20.0000,3.5281,1.3088,3.5281,1.3088
266254,2016-02-14,La Liga,2015/2016,24.0000,Barcelona,Celta Vigo,H,Luis Enrique,Eduardo Berizzo,6.0000,1.0000,3.0000,63.3479,73.7968,5.6277,19.8571,12.4764,0.2187,57.1429,2.4845,7.4722,0.5791,55.1546,59.0435,22.0000,1.0000,20.0000,4.1762,1.3399,3.3927,0.5564
266254,2016-02-14,La Liga,2015/2016,24.0000,Celta Vigo,Barcelona,A,Eduardo Berizzo,Luis Enrique,1.0000,6.0000,0.0000,36.6521,26.2032,3.8947,20.3989,12.1622,0.4093,0.0000,2.5974,9.5610,0.3575,34.7826,41.6467,4.0000,1.0000,10.0000,1.3399,4.1762,0.5564,3.3927
3825773,2016-02-14,La Liga,2015/2016,24.0000,Eibar,Levante UD,H,José Luis Mendilibar,Rubí,2.0000,0.0000,3.0000,48.6081,60.7477,3.4348,22.5947,17.9747,0.3987,0.0000,14.5833,11.0000,0.3250,44.2308,52.7212,18.0000,0.0000,17.0000,3.2586,0.6504,3.2586,0.6504
3825773,2016-02-14,La Liga,2015/2016,24.0000,Levante UD,Eibar,A,Rubí,José Luis Mendilibar,0.0000,2.0000,0.0000,51.3919,39.2523,4.2121,21.8199,16.7866,0.3809,40.0000,10.0840,10.3448,0.2665,41.3223,46.6879,9.0000,0.0000,8.0000,0.6504,3.2586,0.6504,3.2586
3825774,2016-02-14,La Liga,2015/2016,24.0000,Getafe,Atlético Madrid,H,Fran Escribá,Diego Simeone,0.0000,1.0000,0.0000,56.7084,54.7170,6.3696,20.2301,12.1160,0.2503,16.6667,5.9880,9.4412,0.4339,40.4762,45.4872,10.0000,0.0000,12.0000,0.4362,0.9357,0.4362,0.9357
3825774,2016-02-14,La Liga,2015/2016,24.0000,Atlético Madrid,Getafe,A,Diego Simeone,Fran Escribá,1.0000,0.0000,3.0000,43.2916,45.2830,5.2118,15.8701,6.7720,0.3080,9.0909,4.8387,12.1714,0.3360,35.6808,53.2786,14.0000,0.0000,6.0000,0.9357,0.4362,0.9357,0.4362
3825775,2016-02-14,La Liga,2015/2016,24.0000,Real Sociedad,Granada,H,Eusebio Sacristán,José Ramón Sandoval,3.0000,0.0000,3.0000,47.3265,46.0465,3.4800,22.2128,17.5287,0.3981,10.0000,11.4035,12.8400,0.3585,37.3494,46.4274,13.0000,0.0000,12.0000,2.4097,1.2103,2.4097,1.2103
3825775,2016-02-14,La Liga,2015/2016,24.0000,Granada,Real Sociedad,A,José Ramón Sandoval,Eusebio Sacristán,0.0000,3.0000,0.0000,52.6735,53.9535,3.0391,22.1334,18.2519,0.4445,42.8571,8.6331,8.5152,0.3293,42.3358,53.6673,15.0000,0.0000,14.0000,1.2103,2.4097,1.2103,2.4097
3825776,2016-02-14,La Liga,2015/2016,24.0000,Sevilla,Las Palmas,H,Unai Emery,Quique Setién,2.0000,0.0000,3.0000,53.6318,68.2171,4.3158,20.8684,12.3984,0.3123,60.0000,12.3711,9.8056,0.3155,50.3401,57.2396,18.0000,0.0000,9.0000,1.5552,0.5745,1.5552,0.5745
3825776,2016-02-14,La Liga,2015/2016,24.0000,Las Palmas,Sevilla,A,Quique Setién,Unai Emery,0.0000,2.0000,0.0000,46.3682,31.7829,4.6292,20.3764,12.1359,0.2923,36.3636,7.7778,13.0833,0.2579,33.0935,42.9289,5.0000,1.0000,11.0000,0.5745,1.5552,0.5745,1.5552
266815,2016-02-17,La Liga,2015/2016,16.0000,Sporting Gijón,Barcelona,H,Abelardo,Luis Enrique,1.0000,3.0000,0.0000,22.4138,14.8148,2.6944,21.6649,16.4948,0.4954,0.0000,1.6393,23.2500,0.3123,29.6443,40.4156,7.0000,0.0000,6.0000,0.5703,2.3628,0.5703,1.5793
266815,2016-02-17,La Liga,2015/2016,16.0000,Barcelona,Sporting Gijón,A,Luis Enrique,Abelardo,3.0000,1.0000,3.0000,77.5862,85.1852,8.3846,18.5826,8.5190,0.2063,66.6667,2.1739,6.5185,0.2949,60.8696,59.0034,12.0000,1.0000,17.0000,2.3628,0.5703,1.5793,0.5703
3825777,2016-02-19,La Liga,2015/2016,25.0000,Levante UD,Getafe,H,Rubí,Fran Escribá,3.0000,0.0000,3.0000,45.1100,43.3628,3.1176,20.7070,18.2390,0.4524,0.0000,6.7308,10.2500,0.2339,40.0000,46.5523,10.0000,1.0000,12.0000,1.8738,1.7414,1.0903,1.7414
3825777,2016-02-19,La Liga,2015/2016,25.0000,Getafe,Levante UD,A,Fran Escribá,Rubí,0.0000,3.0000,0.0000,54.8900,56.6372,3.4685,21.3401,17.6623,0.4069,0.0000,12.3288,7.4848,0.4986,41.3043,49.2059,12.0000,1.0000,14.0000,1.7414,1.8738,1.7414,1.0903
267273,2016-02-20,La Liga,2015/2016,25.0000,Las Palmas,Barcelona,H,Quique Setién,Luis Enrique,1.0000,2.0000,0.0000,46.4851,49.8084,5.4667,18.4990,9.5528,0.2614,0.0000,9.1503,21.3889,0.2266,34.7826,46.7620,14.0000,1.0000,16.0000,1.3524,2.6644,1.3524,2.6644
267273,2016-02-20,La Liga,2015/2016,25.0000,Barcelona,Las Palmas,A,Luis Enrique,Quique Setién,2.0000,1.0000,3.0000,53.5149,50.1916,5.9787,18.3863,8.5409,0.2324,30.0000,6.2112,10.3939,0.3875,44.8780,57.1600,11.0000,0.0000,12.0000,2.6644,1.3524,2.6644,1.3524
3825778,2016-02-20,La Liga,2015/2016,25.0000,Real Betis,Sporting Gijón,H,Juan Merino,Abelardo,1.0000,1.0000,1.0000,56.2077,64.9215,3.7043,20.3538,14.3192,0.3077,50.0000,7.8571,6.7619,0.4304,60.4790,58.3782,14.0000,1.0000,18.0000,1.5816,0.2334,1.5816,0.2334
3825778,2016-02-20,La Liga,2015/2016,25.0000,Sporting Gijón,Real Betis,A,Abelardo,Juan Merino,1.0000,1.0000,1.0000,43.7923,35.0785,3.9080,20.1819,13.2353,0.3940,0.0000,8.1395,8.5385,0.2590,41.0853,44.8420,6.0000,1.0000,5.0000,0.2334,1.5816,0.2334,1.5816
3825779,2016-02-20,La Liga,2015/2016,25.0000,Celta Vigo,Eibar,H,Eduardo Berizzo,José Luis Mendilibar,3.0000,2.0000,3.0000,62.5390,67.7852,4.7345,20.3310,11.2150,0.3345,0.0000,7.1429,8.9355,0.2639,35.7895,53.2245,9.0000,1.0000,14.0000,2.2661,1.3593,2.2661,0.5758
3825779,2016-02-20,La Liga,2015/2016,25.0000,Eibar,Celta Vigo,A,José Luis Mendilibar,Eduardo Berizzo,2.0000,3.0000,0.0000,37.4610,32.2148,3.4889,22.1616,16.2420,0.4946,0.0000,8.8889,12.1579,0.2762,53.0120,48.9714,5.0000,0.0000,7.0000,1.3593,2.2661,0.5758,2.2661
3825780,2016-02-20,La Liga,2015/2016,25.0000,Espanyol,RC Deportivo La Coruña,H,Constantin Gâlcă,Víctor Sánchez,1.0000,0.0000,3.0000,38.9884,44.2922,3.3131,21.6048,17.6829,0.4676,0.0000,12.0000,8.8043,0.2608,44.3709,53.3264,11.0000,0.0000,16.0000,2.4624,0.9434,2.4624,0.9434
3825780,2016-02-20,La Liga,2015/2016,25.0000,RC Deportivo La Coruña,Espanyol,A,Víctor Sánchez,Constantin Gâlcă,0.0000,1.0000,0.0000,61.0116,55.7078,4.8972,21.6986,16.4122,0.3013,33.3333,8.6420,11.0952,0.2757,28.4314,45.1703,13.0000,1.0000,17.0000,0.9434,2.4624,0.9434,2.4624
3825781,2016-02-21,La Liga,2015/2016,25.0000,Rayo Vallecano,Sevilla,H,Paco Jémez,Unai Emery,2.0000,2.0000,1.0000,59.5588,52.8846,3.6460,22.1014,17.4757,0.3756,27.2727,16.1290,7.1667,0.3242,42.9907,51.9319,11.0000,0.0000,14.0000,1.7369,3.8438,1.7369,3.8438
3825781,2016-02-21,La Liga,2015/2016,25.0000,Sevilla,Rayo Vallecano,A,Unai Emery,Paco Jémez,2.0000,2.0000,1.0000,40.4412,47.1154,2.5800,23.1141,19.7674,0.6411,0.0000,10.6195,11.3548,0.2695,42.7481,56.9677,10.0000,0.0000,16.0000,3.8438,1.7369,3.8438,1.7369
3825782,2016-02-21,La Liga,2015/2016,25.0000,Granada,Valencia,H,José Ramón Sandoval,Gary Neville,1.0000,2.0000,0.0000,53.7832,70.6897,4.4340,21.3710,14.4681,0.3448,0.0000,10.8108,8.6136,0.2788,52.3810,59.0759,18.0000,0.0000,15.0000,1.8195,1.4360,1.8195,1.4360
3825782,2016-02-21,La Liga,2015/2016,25.0000,Valencia,Granada,A,Gary Neville,José Ramón Sandoval,2.0000,1.0000,3.0000,46.2168,29.3103,3.7864,20.4667,11.5385,0.3591,18.1818,7.1429,11.6452,0.4163,37.8995,44.3080,6.0000,4.0000,11.0000,1.4360,1.8195,1.4360,1.8195
3825783,2016-02-21,La Liga,2015/2016,25.0000,Athletic Club,Real Sociedad,H,Ernesto Valverde,Eusebio Sacristán,0.0000,1.0000,0.0000,59.3968,65.0538,4.0741,22.7067,19.0909,0.4603,16.6667,10.9677,5.9556,0.3914,45.9854,54.9984,12.0000,0.0000,10.0000,0.7993,0.6329,0.7993,0.6329
3825783,2016-02-21,La Liga,2015/2016,25.0000,Real Sociedad,Athletic Club,A,Eusebio Sacristán,Ernesto Valverde,1.0000,0.0000,3.0000,40.6032,34.9462,2.8300,21.0406,15.9011,0.5589,22.2222,7.5949,10.7812,0.2461,36.5079,43.8991,4.0000,0.0000,9.0000,0.6329,0.7993,0.6329,0.7993
3825784,2016-02-21,La Liga,2015/2016,25.0000,Atlético Madrid,Villarreal,H,Diego Simeone,Marcelino,0.0000,0.0000,1.0000,58.4689,79.9296,5.3725,19.4873,13.8686,0.4004,37.5000,6.8182,9.1053,0.3986,52.6012,60.8914,24.0000,0.0000,12.0000,0.7086,0.3462,0.7086,0.3462
3825784,2016-02-21,La Liga,2015/2016,25.0000,Villarreal,Atlético Madrid,A,Marcelino,Diego Simeone,0.0000,0.0000,1.0000,41.5311,20.0704,3.8218,21.4237,14.7668,0.4557,0.0000,2.2222,12.2963,0.2717,35.5422,41.4079,2.0000,1.0000,5.0000,0.3462,0.7086,0.3462,0.7086
3825785,2016-02-21,La Liga,2015/2016,25.0000,Málaga,Real Madrid,H,,Zinédine Zidane,1.0000,1.0000,1.0000,37.6106,36.8201,3.2418,23.0876,19.3220,0.4484,20.0000,11.8644,10.3714,0.2270,46.8750,50.2008,11.0000,0.0000,11.0000,1.5647,1.5979,1.5647,0.8144
3825785,2016-02-21,La Liga,2015/2016,25.0000,Real Madrid,Málaga,A,Zinédine Zidane,,1.0000,1.0000,1.0000,62.3894,63.1799,4.1040,21.0800,15.5945,0.2943,12.5000,10.9195,9.5652,0.3706,42.0635,47.6432,10.0000,1.0000,14.0000,1.5979,1.5647,0.8144,1.5647
3825786,2016-02-26,La Liga,2015/2016,26.0000,Eibar,Las Palmas,H,José Luis Mendilibar,Quique Setién,0.0000,1.0000,0.0000,49.1753,67.0051,4.3232,21.9010,17.0561,0.4319,0.0000,9.3023,7.5192,0.3225,55.3459,57.5688,23.0000,0.0000,10.0000,0.3103,0.7147,0.3103,0.7147
3825786,2016-02-26,La Liga,2015/2016,26.0000,Las Palmas,Eibar,A,Quique Setién,José Luis Mendilibar,1.0000,0.0000,3.0000,50.8247,32.9949,3.6387,22.4495,17.5520,0.4353,25.0000,9.8901,19.6667,0.3522,31.5476,39.1496,8.0000,0.0000,12.0000,0.7147,0.3103,0.7147,0.3103
3825787,2016-02-27,La Liga,2015/2016,26.0000,Real Madrid,Atlético Madrid,H,Zinédine Zidane,Diego Simeone,0.0000,1.0000,0.0000,66.8211,67.8030,6.1651,20.5406,12.9464,0.2516,40.0000,8.9552,5.2553,0.4972,53.3708,55.5612,17.0000,0.0000,15.0000,0.8039,0.7479,0.8039,0.7479
3825787,2016-02-27,La Liga,2015/2016,26.0000,Atlético Madrid,Real Madrid,A,Diego Simeone,Zinédine Zidane,1.0000,0.0000,3.0000,33.1789,32.1970,2.8725,16.6446,9.2150,0.4921,6.6667,5.2632,15.6000,0.3024,35.7798,44.1975,7.0000,0.0000,10.0000,0.7479,0.8039,0.7479,0.8039
3825788,2016-02-27,La Liga,2015/2016,26.0000,Getafe,Celta Vigo,H,Fran Escribá,Eduardo Berizzo,0.0000,1.0000,0.0000,52.8169,55.7377,4.4667,21.2479,14.1791,0.4002,0.0000,11.1111,8.7000,0.3955,44.6541,52.3347,14.0000,1.0000,14.0000,0.6666,1.0351,0.6666,1.0351
3825788,2016-02-27,La Liga,2015/2016,26.0000,Celta Vigo,Getafe,A,Eduardo Berizzo,Fran Escribá,1.0000,0.0000,3.0000,47.1831,44.2623,3.8132,21.2660,16.1383,0.4335,0.0000,8.9552,9.4000,0.3511,27.2152,48.5145,15.0000,1.0000,9.0000,1.0351,0.6666,1.0351,0.6666
3825789,2016-02-27,La Liga,2015/2016,26.0000,Real Sociedad,Málaga,H,Eusebio Sacristán,Javi Gracia,1.0000,1.0000,1.0000,57.5342,68.3019,3.9730,21.2292,16.3265,0.3389,0.0000,11.6162,8.9310,0.3871,50.6944,57.7642,21.0000,0.0000,11.0000,0.8753,1.2629,0.8753,1.2629
3825789,2016-02-27,La Liga,2015/2016,26.0000,Málaga,Real Sociedad,A,Javi Gracia,Eusebio Sacristán,1.0000,1.0000,1.0000,42.4658,31.6981,3.6629,19.0720,12.2699,0.4608,0.0000,7.3394,14.3000,0.3194,31.6770,43.2762,7.0000,0.0000,8.0000,1.2629,0.8753,1.2629,0.8753
3825790,2016-02-27,La Liga,2015/2016,26.0000,Sporting Gijón,Espanyol,H,Abelardo,Constantin Gâlcă,2.0000,4.0000,0.0000,53.8877,57.5269,4.4545,19.6711,11.1111,0.3917,0.0000,13.0435,10.5862,0.2482,41.5094,50.3718,16.0000,1.0000,14.0000,2.1651,1.1086,2.1651,1.1086
3825790,2016-02-27,La Liga,2015/2016,26.0000,Espanyol,Sporting Gijón,A,Constantin Gâlcă,Abelardo,4.0000,2.0000,3.0000,46.1123,42.4731,3.9684,20.8377,15.1194,0.4186,0.0000,7.2072,8.3659,0.2806,34.2857,49.0622,6.0000,1.0000,12.0000,1.1086,2.1651,1.1086,2.1651
3825791,2016-02-27,La Liga,2015/2016,26.0000,Real Betis,Rayo Vallecano,H,Juan Merino,Paco Jémez,2.0000,2.0000,1.0000,40.4562,51.4793,2.8763,21.5391,20.0717,0.4726,11.1111,13.5922,9.9474,0.3629,45.5556,55.9504,18.0000,1.0000,20.0000,2.1592,0.9929,2.1592,0.9929
3825791,2016-02-27,La Liga,2015/2016,26.0000,Rayo Vallecano,Real Betis,A,Paco Jémez,Juan Merino,2.0000,2.0000,1.0000,59.5438,48.5207,4.5312,20.1607,11.9540,0.3635,16.6667,11.5385,6.4722,0.3917,35.6061,50.2330,14.0000,0.0000,11.0000,0.9929,2.1592,0.9929,2.1592
265839,2016-02-28,La Liga,2015/2016,26.0000,Barcelona,Sevilla,H,Luis Enrique,Unai Emery,2.0000,1.0000,3.0000,67.9887,70.8197,7.7471,17.9054,5.9347,0.2155,50.0000,4.0816,7.8333,0.3746,51.1811,58.3714,18.0000,0.0000,15.0000,2.0567,1.4967,2.0567,1.4967
265839,2016-02-28,La Liga,2015/2016,26.0000,Sevilla,Barcelona,A,Unai Emery,Luis Enrique,1.0000,2.0000,0.0000,32.0113,29.1803,2.9897,19.2827,11.0345,0.4397,14.2857,9.2593,14.9286,0.2278,32.9268,46.9585,13.0000,0.0000,12.0000,1.4967,2.0567,1.4967,2.0567
3825792,2016-02-28,La Liga,2015/2016,26.0000,RC Deportivo La Coruña,Granada,H,Víctor Sánchez,Ricardo Costa / José González,0.0000,1.0000,0.0000,64.8023,82.5243,5.6422,21.3391,14.7967,0.2563,0.0000,12.0690,7.1463,0.3370,47.1545,55.9802,20.0000,0.0000,14.0000,1.0516,1.4382,1.0516,0.6547
3825792,2016-02-28,La Liga,2015/2016,26.0000,Granada,RC Deportivo La Coruña,A,Ricardo Costa / José González,Víctor Sánchez,1.0000,0.0000,3.0000,35.1977,17.4757,3.5333,21.4705,16.9811,0.4746,0.0000,5.5556,17.6000,0.2202,29.0541,41.0583,4.0000,1.0000,10.0000,1.4382,1.0516,0.6547,1.0516
3825793,2016-02-28,La Liga,2015/2016,26.0000,Valencia,Athletic Club,H,Gary Neville,Ernesto Valverde,0.0000,3.0000,0.0000,51.2015,54.6392,4.9020,22.3773,17.0000,0.2710,40.0000,9.2308,18.3333,0.3428,35.9116,46.2448,6.0000,0.0000,9.0000,1.2257,1.5392,1.2257,1.5392
3825793,2016-02-28,La Liga,2015/2016,26.0000,Athletic Club,Valencia,A,Ernesto Valverde,Gary Neville,3.0000,0.0000,3.0000,48.7985,45.3608,4.9286,20.2436,12.0083,0.2732,0.0000,8.3333,10.4615,0.2347,32.3077,46.6740,10.0000,1.0000,13.0000,1.5392,1.2257,1.5392,1.2257
3825794,2016-02-28,La Liga,2015/2016,26.0000,Villarreal,Levante UD,H,Daniele Bonera / Marcelino,Rubí,3.0000,0.0000,3.0000,51.2148,58.0645,5.1720,21.2855,12.8898,0.2380,16.6667,8.6022,12.2424,0.2928,50.3401,48.0582,5.0000,1.0000,9.0000,1.0670,0.6941,1.0670,0.6941
3825794,2016-02-28,La Liga,2015/2016,26.0000,Levante UD,Villarreal,A,Rubí,Daniele Bonera / Marcelino,0.0000,3.0000,0.0000,48.7852,41.9355,4.8387,21.5683,12.4444,0.2597,20.0000,13.6364,11.9091,0.2657,58.5714,48.8626,7.0000,0.0000,8.0000,0.6941,1.0670,0.6941,1.0670
3825795,2016-03-01,La Liga,2015/2016,27.0000,Atlético Madrid,Real Sociedad,H,Diego Simeone,Eusebio Sacristán,3.0000,0.0000,3.0000,52.6227,62.9213,5.9175,16.7280,8.0139,0.2737,0.0000,7.5581,11.7500,0.5143,49.3056,53.1792,11.0000,0.0000,14.0000,2.1808,0.8703,1.3973,0.8703
3825795,2016-03-01,La Liga,2015/2016,27.0000,Real Sociedad,Atlético Madrid,A,Eusebio Sacristán,Diego Simeone,0.0000,3.0000,0.0000,47.3773,37.0787,5.2604,20.9379,14.8515,0.2467,42.8571,6.5574,12.2812,0.3569,34.6847,45.9116,14.0000,0.0000,7.0000,0.8703,2.1808,0.8703,1.3973
3825796,2016-03-01,La Liga,2015/2016,27.0000,Las Palmas,Getafe,H,Quique Setién,Fran Escribá,4.0000,0.0000,3.0000,55.7394,45.9770,6.6184,18.6856,9.1451,0.2276,0.0000,8.0000,9.4062,0.2360,42.5743,51.1711,8.0000,1.0000,12.0000,2.2062,0.5236,1.4227,0.5236
3825796,2016-03-01,La Liga,2015/2016,27.0000,Getafe,Las Palmas,A,Fran Escribá,Quique Setién,0.0000,4.0000,0.0000,44.2606,54.0230,3.8542,20.5486,11.0811,0.2736,16.6667,5.4545,12.4242,0.3061,47.2727,51.7812,15.0000,1.0000,10.0000,0.5236,2.2062,0.5236,1.4227
3825797,2016-03-02,La Liga,2015/2016,27.0000,Athletic Club,RC Deportivo La Coruña,H,Ernesto Valverde,Víctor Sánchez,4.0000,1.0000,3.0000,53.9668,50.5682,4.8899,20.7945,12.0075,0.3302,20.0000,7.2581,11.3750,0.3146,30.5732,50.7706,9.0000,2.0000,13.0000,2.8059,1.1383,2.8059,1.1383
3825797,2016-03-02,La Liga,2015/2016,27.0000,RC Deportivo La Coruña,Athletic Club,A,Víctor Sánchez,Ernesto Valverde,1.0000,4.0000,0.0000,46.0332,49.4318,5.5663,22.6604,18.1818,0.3562,12.5000,8.2645,12.9412,0.3282,39.5833,44.9859,7.0000,0.0000,8.0000,1.1383,2.8059,1.1383,2.8059
3825798,2016-03-02,La Liga,2015/2016,27.0000,Levante UD,Real Madrid,H,Rubí,Zinédine Zidane,1.0000,3.0000,0.0000,47.9386,38.4615,4.3922,20.8697,13.6161,0.3006,66.6667,9.3750,10.7419,0.2818,45.7516,51.1376,11.0000,0.0000,12.0000,1.2113,1.9922,1.2113,1.2087
3825798,2016-03-02,La Liga,2015/2016,27.0000,Real Madrid,Levante UD,A,Zinédine Zidane,Rubí,3.0000,1.0000,3.0000,52.0614,61.5385,4.8614,21.3012,16.0896,0.2417,9.0909,10.9890,9.8571,0.3200,40.0000,50.5504,11.0000,1.0000,21.0000,1.9922,1.2113,1.2087,1.2113
3825799,2016-03-02,La Liga,2015/2016,27.0000,Málaga,Valencia,H,Javi Gracia,Gary Neville,1.0000,2.0000,0.0000,45.4749,57.8947,3.3238,18.9202,12.3209,0.4299,50.0000,7.4627,6.6604,0.3258,51.5723,58.3809,21.0000,0.0000,10.0000,0.4342,1.3988,0.4342,1.3988
3825799,2016-03-02,La Liga,2015/2016,27.0000,Valencia,Málaga,A,Gary Neville,Javi Gracia,2.0000,1.0000,3.0000,54.5251,42.1053,3.7838,20.8886,14.7619,0.3498,0.0000,13.2743,9.7308,0.4595,38.5027,48.7085,8.0000,2.0000,12.0000,1.3988,0.4342,1.3988,0.4342
3825800,2016-03-02,La Liga,2015/2016,27.0000,Celta Vigo,Villarreal,H,Eduardo Berizzo,Marcelino,0.0000,0.0000,1.0000,67.3807,80.5344,5.6637,20.6534,11.4062,0.2333,33.3333,7.2650,8.1290,0.4358,52.0548,60.5874,29.0000,0.0000,11.0000,0.6432,0.6457,0.6432,0.6457
3825800,2016-03-02,La Liga,2015/2016,27.0000,Villarreal,Celta Vigo,A,Marcelino,Eduardo Berizzo,0.0000,0.0000,1.0000,32.6193,19.4656,3.7342,19.3099,9.4915,0.4085,30.0000,6.0606,20.7500,0.1922,26.3158,39.9276,7.0000,0.0000,6.0000,0.6457,0.6432,0.6457,0.6432
3825801,2016-03-02,La Liga,2015/2016,27.0000,Sevilla,Eibar,H,Unai Emery,José Luis Mendilibar,1.0000,0.0000,3.0000,51.8023,59.5455,4.6495,20.0787,12.1951,0.3450,20.0000,12.2449,10.7097,0.2735,28.9062,53.6733,15.0000,1.0000,15.0000,1.7188,1.0724,1.7188,1.0724
3825801,2016-03-02,La Liga,2015/2016,27.0000,Eibar,Sevilla,A,José Luis Mendilibar,Unai Emery,0.0000,1.0000,0.0000,48.1977,40.4545,3.8241,22.3929,19.3705,0.3449,0.0000,14.9123,9.0000,0.3300,50.0000,51.0692,9.0000,2.0000,12.0000,1.0724,1.7188,1.0724,1.7188
266653,2016-03-03,La Liga,2015/2016,27.0000,Rayo Vallecano,Barcelona,H,Paco Jémez,Luis Enrique,1.0000,5.0000,0.0000,37.8959,28.5714,3.0989,21.8891,16.6667,0.4221,28.5714,10.2941,13.8519,0.3515,39.8964,47.4918,10.0000,0.0000,8.0000,1.3014,3.6095,1.3014,2.8260
266653,2016-03-03,La Liga,2015/2016,27.0000,Barcelona,Rayo Vallecano,A,Luis Enrique,Paco Jémez,5.0000,1.0000,3.0000,62.1041,71.4286,5.4176,21.0655,13.3874,0.2776,50.0000,5.8824,9.4138,0.3582,60.8333,63.7605,20.0000,2.0000,21.0000,3.6095,1.3014,2.8260,1.3014
3825802,2016-03-03,La Liga,2015/2016,27.0000,Espanyol,Real Betis,H,Constantin Gâlcă,Juan Merino,0.0000,3.0000,0.0000,53.6082,59.3074,4.1176,21.3842,14.5238,0.4430,0.0000,13.7931,6.5238,0.3951,45.6250,55.5764,20.0000,0.0000,19.0000,1.3155,1.2494,1.3155,1.2494
3825802,2016-03-03,La Liga,2015/2016,27.0000,Real Betis,Espanyol,A,Juan Merino,Constantin Gâlcă,3.0000,0.0000,3.0000,46.3918,40.6926,3.4694,18.7215,12.0588,0.3383,7.1429,4.4248,11.4800,0.3526,28.4848,42.9200,4.0000,0.0000,9.0000,1.2494,1.3155,1.2494,1.3155
3825803,2016-03-03,La Liga,2015/2016,27.0000,Granada,Sporting Gijón,H,José González,Abelardo,2.0000,0.0000,3.0000,53.9957,49.6644,5.4699,22.1966,16.5198,0.3486,16.6667,12.0000,9.0571,0.3192,44.8529,53.5400,13.0000,0.0000,14.0000,2.0029,0.1046,1.2194,0.1046
3825803,2016-03-03,La Liga,2015/2016,27.0000,Sporting Gijón,Granada,A,Abelardo,José González,0.0000,2.0000,0.0000,46.0043,50.3356,3.5588,22.2388,14.0496,0.4001,0.0000,7.1429,21.7778,0.2840,35.9155,44.0934,7.0000,0.0000,4.0000,0.1046,2.0029,0.1046,1.2194
3825804,2016-03-05,La Liga,2015/2016,28.0000,RC Deportivo La Coruña,Málaga,H,Víctor Sánchez,Javi Gracia,3.0000,3.0000,1.0000,54.9634,67.5127,4.6700,23.5061,17.1306,0.3420,0.0000,11.3772,12.7692,0.2529,55.0459,54.1281,13.0000,1.0000,15.0000,2.8182,0.7465,2.8182,0.7465
3825804,2016-03-05,La Liga,2015/2016,28.0000,Málaga,RC Deportivo La Coruña,A,Javi Gracia,Víctor Sánchez,3.0000,3.0000,1.0000,45.0366,32.4873,4.1196,20.9231,15.8311,0.4601,10.0000,9.3458,15.0435,0.2757,39.3103,45.0125,4.0000,0.0000,5.0000,0.7465,2.8182,0.7465,2.8182
3825805,2016-03-05,La Liga,2015/2016,28.0000,Villarreal,Las Palmas,H,Marcelino,Quique Setién,0.0000,1.0000,0.0000,56.8293,75.7042,6.0648,19.4608,8.7023,0.2703,33.3333,8.1712,10.1163,0.2637,62.1429,62.3973,20.0000,0.0000,12.0000,0.9978,0.4899,0.9978,0.4899
3825805,2016-03-05,La Liga,2015/2016,28.0000,Las Palmas,Villarreal,A,Quique Setién,Marcelino,1.0000,0.0000,3.0000,43.1707,24.2958,5.7412,20.1865,13.1148,0.2731,27.2727,8.2353,16.4400,0.2647,34.0541,36.8252,5.0000,0.0000,10.0000,0.4899,0.9978,0.4899,0.9978
3825806,2016-03-05,La Liga,2015/2016,28.0000,Real Madrid,Celta Vigo,H,Zinédine Zidane,Eduardo Berizzo,7.0000,1.0000,3.0000,56.0337,65.3680,5.9255,17.8994,9.5153,0.2620,25.0000,7.2289,9.9722,0.3170,48.3221,53.4500,13.0000,0.0000,20.0000,1.9204,1.4012,1.9204,1.4012
3825806,2016-03-05,La Liga,2015/2016,28.0000,Celta Vigo,Real Madrid,A,Eduardo Berizzo,Zinédine Zidane,1.0000,7.0000,0.0000,43.9663,34.6320,4.5978,20.5109,12.5296,0.3286,37.5000,6.1224,16.3750,0.3255,29.2308,44.7009,10.0000,1.0000,8.0000,1.4012,1.9204,1.4012,1.9204
3825867,2016-03-05,La Liga,2015/2016,28.0000,Getafe,Sevilla,H,Fran Escribá,Unai Emery,1.0000,1.0000,1.0000,48.7515,48.0583,3.3178,22.4703,19.1549,0.4261,0.0000,11.8182,9.2812,0.3527,46.7105,49.1519,21.0000,0.0000,14.0000,1.0893,0.3943,1.0893,0.3943
3825867,2016-03-05,La Liga,2015/2016,28.0000,Sevilla,Getafe,A,Unai Emery,Fran Escribá,1.0000,1.0000,1.0000,51.2485,51.9417,3.5463,21.2341,13.8381,0.4304,28.5714,10.0719,9.9286,0.4171,37.4269,45.8661,5.0000,0.0000,7.0000,0.3943,1.0893,0.3943,1.0893
266056,2016-03-06,La Liga,2015/2016,28.0000,Eibar,Barcelona,H,José Luis Mendilibar,Luis Enrique,0.0000,4.0000,0.0000,32.6068,44.1176,2.9167,22.1381,17.7778,0.4156,25.0000,19.8198,15.4250,0.2859,56.5611,51.9575,9.0000,0.0000,7.0000,0.5416,2.3340,0.5416,1.5505
266056,2016-03-06,La Liga,2015/2016,28.0000,Barcelona,Eibar,A,Luis Enrique,José Luis Mendilibar,4.0000,0.0000,3.0000,67.3932,55.8824,8.0110,19.1113,9.4650,0.1847,72.7273,8.7591,8.0667,0.1952,41.0959,48.7110,8.0000,2.0000,10.0000,2.3340,0.5416,1.5505,0.5416
3825807,2016-03-06,La Liga,2015/2016,28.0000,Valencia,Atlético Madrid,H,Gary Neville,Diego Simeone,1.0000,3.0000,0.0000,44.7559,34.2857,4.7283,21.6109,16.7816,0.3337,11.1111,6.9767,12.4000,0.2520,34.4156,51.4092,12.0000,0.0000,10.0000,0.4973,1.9945,0.4973,1.9945
3825807,2016-03-06,La Liga,2015/2016,28.0000,Atlético Madrid,Valencia,A,Diego Simeone,Gary Neville,3.0000,1.0000,3.0000,55.2441,65.7143,5.4078,18.1288,10.7720,0.3199,0.0000,7.3171,9.9722,0.3232,46.2500,53.7647,18.0000,0.0000,21.0000,1.9945,0.4973,1.9945,0.4973
3825808,2016-03-06,La Liga,2015/2016,28.0000,Sporting Gijón,Athletic Club,H,Abelardo,Ernesto Valverde,0.0000,2.0000,0.0000,45.9941,44.0000,4.1414,22.1021,17.5610,0.4231,22.2222,7.4074,12.8125,0.2894,37.9747,46.7378,1.0000,1.0000,5.0000,0.3555,1.0763,0.3555,1.0763
3825808,2016-03-06,La Liga,2015/2016,28.0000,Athletic Club,Sporting Gijón,A,Ernesto Valverde,Abelardo,2.0000,0.0000,3.0000,54.0059,56.0000,4.6442,19.5073,10.7660,0.3888,12.5000,3.8168,8.7000,0.3634,40.2367,52.4714,12.0000,0.0000,11.0000,1.0763,0.3555,1.0763,0.3555
3825809,2016-03-06,La Liga,2015/2016,28.0000,Real Betis,Granada,H,Juan Merino,Ricardo Costa / José González,2.0000,0.0000,3.0000,43.8026,44.1860,2.9902,20.7010,14.7541,0.3669,7.6923,10.5263,19.4118,0.3298,40.9091,47.2615,10.0000,1.0000,11.0000,0.6614,0.4306,0.6614,0.4306
3825809,2016-03-06,La Liga,2015/2016,28.0000,Granada,Real Betis,A,Ricardo Costa / José González,Juan Merino,0.0000,2.0000,0.0000,56.1974,55.8140,5.0119,21.2444,14.4893,0.3595,42.8571,4.2735,10.4800,0.3462,40.4762,50.3385,7.0000,0.0000,10.0000,0.4306,0.6614,0.4306,0.6614
3825810,2016-03-06,La Liga,2015/2016,28.0000,Real Sociedad,Levante UD,H,Eusebio Sacristán,Rubí,1.0000,1.0000,1.0000,58.0819,77.5591,4.0000,20.7011,12.5000,0.3535,0.0000,14.9123,7.5750,0.3985,58.7097,57.1124,16.0000,2.0000,15.0000,1.6508,0.3017,1.6508,0.3017
3825810,2016-03-06,La Liga,2015/2016,28.0000,Levante UD,Real Sociedad,A,Rubí,Eusebio Sacristán,1.0000,1.0000,1.0000,41.9181,22.4409,3.1619,21.7127,16.2651,0.4174,9.0909,3.8462,11.6400,0.2579,28.0576,42.0288,8.0000,2.0000,10.0000,0.3017,1.6508,0.3017,1.6508
3825811,2016-03-07,La Liga,2015/2016,28.0000,Espanyol,Rayo Vallecano,H,Constantin Gâlcă,Paco Jémez,2.0000,1.0000,3.0000,33.7838,50.9202,2.8837,22.5007,18.5484,0.4811,0.0000,11.7647,12.0541,0.2925,47.0930,50.4609,9.0000,2.0000,9.0000,1.6739,0.2316,1.6739,0.2316
3825811,2016-03-07,La Liga,2015/2016,28.0000,Rayo Vallecano,Espanyol,A,Paco Jémez,Constantin Gâlcă,1.0000,2.0000,0.0000,66.2162,49.0798,5.1980,20.4418,12.7619,0.2800,60.0000,10.6195,7.5385,0.4400,48.4848,51.2022,11.0000,0.0000,7.0000,0.2316,1.6739,0.2316,1.6739
3825812,2016-03-11,La Liga,2015/2016,29.0000,Málaga,Sporting Gijón,H,,Abelardo,1.0000,0.0000,3.0000,48.5915,49.7561,4.2900,19.6324,13.9860,0.4210,11.1111,9.1603,12.7586,0.2309,34.7458,51.1391,14.0000,0.0000,13.0000,0.4492,0.8688,0.4492,0.8688
3825812,2016-03-11,La Liga,2015/2016,29.0000,Sporting Gijón,Málaga,A,Abelardo,,0.0000,1.0000,0.0000,51.4085,50.2439,4.5490,21.1859,14.4397,0.4060,0.0000,8.3916,9.4595,0.3085,48.3221,50.7374,13.0000,0.0000,9.0000,0.8688,0.4492,0.8688,0.4492
266498,2016-03-12,La Liga,2015/2016,29.0000,Barcelona,Getafe,H,Luis Enrique,Fran Escribá,6.0000,0.0000,3.0000,68.7621,76.6284,7.7126,17.6227,6.2593,0.1880,80.0000,5.4545,6.8286,0.4303,49.6403,55.8542,12.0000,2.0000,15.0000,2.9313,0.2648,2.1478,0.2648
266498,2016-03-12,La Liga,2015/2016,29.0000,Getafe,Barcelona,A,Fran Escribá,Luis Enrique,0.0000,6.0000,0.0000,31.2379,23.3716,3.7237,19.5629,14.1343,0.3458,0.0000,6.6667,20.4545,0.2940,24.8804,42.2453,11.0000,1.0000,6.0000,0.2648,2.9313,0.2648,2.1478
3825813,2016-03-12,La Liga,2015/2016,29.0000,Atlético Madrid,RC Deportivo La Coruña,H,Diego Simeone,Víctor Sánchez,3.0000,0.0000,3.0000,51.9380,73.2218,5.0208,18.5709,11.8257,0.2786,40.0000,3.6842,12.4062,0.2722,40.7407,59.7793,16.0000,1.0000,16.0000,2.0454,0.4414,2.0454,0.4414
3825813,2016-03-12,La Liga,2015/2016,29.0000,RC Deportivo La Coruña,Atlético Madrid,A,Víctor Sánchez,Diego Simeone,0.0000,3.0000,0.0000,48.0620,26.7782,4.9000,22.6489,17.2336,0.2791,8.3333,7.1429,13.1739,0.3041,33.7423,44.6010,8.0000,1.0000,6.0000,0.4414,2.0454,0.4414,2.0454
3825814,2016-03-12,La Liga,2015/2016,29.0000,Celta Vigo,Real Sociedad,H,Eduardo Berizzo,Eusebio Sacristán,1.0000,0.0000,3.0000,42.1776,38.7097,3.5758,22.4496,15.8192,0.4452,0.0000,5.7692,14.8077,0.3382,34.5946,45.1223,7.0000,1.0000,7.0000,0.3965,0.7451,0.3965,0.7451
3825814,2016-03-12,La Liga,2015/2016,29.0000,Real Sociedad,Celta Vigo,A,Eusebio Sacristán,Eduardo Berizzo,0.0000,1.0000,0.0000,57.8224,61.2903,3.9667,21.4031,14.0756,0.3730,40.0000,8.0000,8.6765,0.3484,50.3597,51.7372,12.0000,0.0000,15.0000,0.7451,0.3965,0.7451,0.3965
3825858,2016-03-12,La Liga,2015/2016,29.0000,Rayo Vallecano,Eibar,H,Paco Jémez,José Luis Mendilibar,1.0000,1.0000,1.0000,58.2536,56.0976,3.6696,24.4287,20.4380,0.4087,10.0000,10.7438,9.1852,0.3066,38.3178,48.5573,10.0000,1.0000,12.0000,1.2980,0.8192,1.2980,0.8192
3825858,2016-03-12,La Liga,2015/2016,29.0000,Eibar,Rayo Vallecano,A,José Luis Mendilibar,Paco Jémez,1.0000,1.0000,1.0000,41.7464,43.9024,2.7549,25.5667,23.4875,0.5461,0.0000,14.2857,9.8378,0.2977,52.4138,52.7946,15.0000,0.0000,7.0000,0.8192,1.2980,0.8192,1.2980
3825815,2016-03-13,La Liga,2015/2016,29.0000,Levante UD,Valencia,H,Rubí,Gary Neville,1.0000,0.0000,3.0000,46.7403,47.9167,3.3303,22.1412,15.1515,0.4879,50.0000,5.0847,9.0000,0.3340,57.7640,51.9959,12.0000,0.0000,14.0000,0.9902,0.7315,0.9902,0.7315
3825815,2016-03-13,La Liga,2015/2016,29.0000,Valencia,Levante UD,A,Gary Neville,Rubí,0.0000,1.0000,0.0000,53.2597,52.0833,4.2700,20.5870,14.0515,0.3978,18.1818,9.1603,10.3448,0.3948,41.3174,45.6606,10.0000,1.0000,6.0000,0.7315,0.9902,0.7315,0.9902
3825816,2016-03-13,La Liga,2015/2016,29.0000,Sevilla,Villarreal,H,Unai Emery,Marcelino,4.0000,2.0000,3.0000,53.8889,53.6797,5.3780,21.6534,14.2857,0.3194,44.4444,16.1074,12.8095,0.3518,36.3014,52.9565,13.0000,3.0000,14.0000,3.8957,1.3414,3.8957,1.3414
3825816,2016-03-13,La Liga,2015/2016,29.0000,Villarreal,Sevilla,A,Marcelino,Unai Emery,2.0000,4.0000,0.0000,46.1111,46.3203,3.7957,20.8561,11.6147,0.3350,33.3333,11.6667,12.9231,0.2536,43.9024,56.0300,9.0000,0.0000,13.0000,1.3414,3.8957,1.3414,3.8957
3825844,2016-03-13,La Liga,2015/2016,29.0000,Athletic Club,Real Betis,H,Ernesto Valverde,Juan Merino,3.0000,1.0000,3.0000,47.7768,54.0670,5.6484,19.3506,12.2568,0.3832,0.0000,7.2368,12.8333,0.3222,46.6321,51.3395,14.0000,0.0000,19.0000,2.1473,0.7467,2.1473,0.7467
3825844,2016-03-13,La Liga,2015/2016,29.0000,Real Betis,Athletic Club,A,Juan Merino,Ernesto Valverde,1.0000,3.0000,0.0000,52.2232,45.9330,4.3306,19.0053,13.2216,0.3674,41.6667,2.7778,11.9688,0.2701,35.1351,50.3379,8.0000,0.0000,3.0000,0.7467,2.1473,0.7467,2.1473
3825879,2016-03-13,La Liga,2015/2016,29.0000,Las Palmas,Real Madrid,H,Quique Setién,Zinédine Zidane,1.0000,2.0000,0.0000,50.7233,52.0000,5.7556,18.9083,10.2317,0.2138,11.1111,4.4776,13.3214,0.2899,53.1646,55.9250,15.0000,1.0000,15.0000,1.4467,1.0054,1.4467,1.0054
3825879,2016-03-13,La Liga,2015/2016,29.0000,Real Madrid,Las Palmas,A,Zinédine Zidane,Quique Setién,2.0000,1.0000,3.0000,49.2767,48.0000,6.0723,18.3028,9.7222,0.2544,0.0000,4.8000,13.0690,0.2888,43.8272,45.9856,7.0000,1.0000,12.0000,1.0054,1.4467,1.0054,1.4467
3825881,2016-03-14,La Liga,2015/2016,29.0000,Granada,Espanyol,H,José González,Constantin Gâlcă,1.0000,1.0000,1.0000,41.8491,28.3721,3.2500,24.1118,22.0280,0.4100,10.0000,10.9589,19.8571,0.2427,33.6207,41.0888,10.0000,0.0000,8.0000,0.4042,0.6614,0.4042,0.6614
3825881,2016-03-14,La Liga,2015/2016,29.0000,Espanyol,Granada,A,Constantin Gâlcă,José González,1.0000,1.0000,1.0000,58.1509,71.6279,4.3789,22.1821,14.6635,0.3702,0.0000,11.6667,7.8750,0.3576,43.0894,52.8000,13.0000,0.0000,10.0000,0.6614,0.4042,0.6614,0.4042
3825817,2016-03-18,La Liga,2015/2016,30.0000,Getafe,Eibar,H,Fran Escribá,José Luis Mendilibar,1.0000,1.0000,1.0000,40.2410,29.5455,2.7184,22.7183,20.7143,0.5431,7.6923,9.3023,12.0000,0.3770,35.2941,43.3484,8.0000,1.0000,8.0000,0.6729,2.7558,0.6729,2.7558
3825817,2016-03-18,La Liga,2015/2016,30.0000,Eibar,Getafe,A,José Luis Mendilibar,Fran Escribá,1.0000,1.0000,1.0000,59.7590,70.4545,3.9369,19.4974,13.7300,0.3986,0.0000,10.1351,6.9444,0.4521,53.6424,55.8205,16.0000,1.0000,20.0000,2.7558,0.6729,2.7558,0.6729
3825818,2016-03-19,La Liga,2015/2016,30.0000,Real Sociedad,Las Palmas,H,Eusebio Sacristán,Quique Setién,0.0000,1.0000,0.0000,61.7373,76.7176,4.8036,20.4439,13.7546,0.2858,75.0000,14.9123,6.9048,0.3568,61.3636,61.6826,23.0000,0.0000,15.0000,0.8038,1.4978,0.8038,0.7143
3825818,2016-03-19,La Liga,2015/2016,30.0000,Las Palmas,Real Sociedad,A,Quique Setién,Eusebio Sacristán,1.0000,0.0000,3.0000,38.2627,23.2824,3.2449,21.8290,15.0943,0.3593,13.3333,4.6154,11.3103,0.2395,32.8671,43.0186,7.0000,0.0000,13.0000,1.4978,0.8038,0.7143,0.8038
3825880,2016-03-19,La Liga,2015/2016,30.0000,RC Deportivo La Coruña,Levante UD,H,Víctor Sánchez,Rubí,2.0000,1.0000,3.0000,53.1755,69.2623,4.9111,22.3643,17.4208,0.3179,0.0000,12.8342,12.7200,0.3655,42.7673,52.5835,15.0000,0.0000,14.0000,0.9115,0.5655,0.9115,0.5655
3825880,2016-03-19,La Liga,2015/2016,30.0000,Levante UD,RC Deportivo La Coruña,A,Rubí,Víctor Sánchez,1.0000,2.0000,0.0000,46.8245,30.7377,4.2418,22.4973,17.0984,0.3853,30.0000,5.0420,12.8182,0.3603,42.1348,46.2901,11.0000,0.0000,7.0000,0.5655,0.9115,0.5655,0.9115
3825887,2016-03-19,La Liga,2015/2016,30.0000,Granada,Rayo Vallecano,H,José González,Paco Jémez,2.0000,2.0000,1.0000,30.4192,17.9487,2.5570,24.8889,22.7723,0.4721,0.0000,4.5455,14.8214,0.2582,37.3333,46.3127,6.0000,1.0000,11.0000,1.3641,1.7849,0.5806,1.7849
3825887,2016-03-19,La Liga,2015/2016,30.0000,Rayo Vallecano,Granada,A,Paco Jémez,José González,2.0000,2.0000,1.0000,69.5808,82.0513,5.3505,21.0722,15.6069,0.2735,85.7143,14.4737,9.2174,0.4449,56.6372,59.2522,21.0000,0.0000,22.0000,1.7849,1.3641,1.7849,0.5806
3825903,2016-03-19,La Liga,2015/2016,30.0000,Real Betis,Málaga,H,Juan Merino,Javi Gracia,0.0000,1.0000,0.0000,55.7158,66.7954,4.3125,19.3366,12.2153,0.3850,14.2857,12.5000,7.7073,0.3791,49.0798,54.1748,22.0000,0.0000,16.0000,1.1994,0.8578,1.1994,0.8578
3825903,2016-03-19,La Liga,2015/2016,30.0000,Málaga,Real Betis,A,Javi Gracia,Juan Merino,1.0000,0.0000,3.0000,44.2842,33.2046,4.0000,19.4326,13.5638,0.4181,0.0000,6.8627,8.4359,0.4085,38.0090,49.8067,11.0000,0.0000,14.0000,0.8578,1.1994,0.8578,1.1994
3825907,2016-03-19,La Liga,2015/2016,30.0000,Sporting Gijón,Atlético Madrid,H,Abelardo,Diego Simeone,2.0000,1.0000,3.0000,60.7670,67.9487,5.9375,21.1672,12.4561,0.3060,66.6667,10.0000,7.6923,0.3960,57.5949,56.6832,18.0000,1.0000,12.0000,1.9191,0.3093,1.9191,0.3093
3825907,2016-03-19,La Liga,2015/2016,30.0000,Atlético Madrid,Sporting Gijón,A,Diego Simeone,Abelardo,1.0000,2.0000,0.0000,39.2330,32.0513,3.8444,19.2902,13.0058,0.4225,50.0000,4.1667,13.0645,0.2735,28.9941,40.6422,7.0000,0.0000,4.0000,0.3093,1.9191,0.3093,1.9191
266106,2016-03-20,La Liga,2015/2016,30.0000,Villarreal,Barcelona,H,Marcelino,Luis Enrique,2.0000,2.0000,1.0000,32.4883,32.7586,4.0000,19.1806,10.3896,0.3686,0.0000,9.1837,17.6429,0.2462,48.0226,51.9078,12.0000,1.0000,15.0000,1.2704,1.7763,1.2704,0.9928
266106,2016-03-20,La Liga,2015/2016,30.0000,Barcelona,Villarreal,A,Luis Enrique,Marcelino,2.0000,2.0000,1.0000,67.5117,67.2414,7.4333,18.4720,10.3139,0.2259,71.4286,5.5866,14.9375,0.2486,36.0465,48.2675,10.0000,1.0000,15.0000,1.7763,1.2704,0.9928,1.2704
3825819,2016-03-20,La Liga,2015/2016,30.0000,Valencia,Celta Vigo,H,Gary Neville,Eduardo Berizzo,0.0000,2.0000,0.0000,49.5375,50.9901,4.1359,20.5312,12.9108,0.3650,33.3333,7.6336,7.4375,0.4521,49.5495,52.5331,15.0000,1.0000,14.0000,0.9926,2.7270,0.9926,2.7270
3825819,2016-03-20,La Liga,2015/2016,30.0000,Celta Vigo,Valencia,A,Eduardo Berizzo,Gary Neville,2.0000,0.0000,3.0000,50.4625,49.0099,4.4100,21.0359,14.2857,0.3791,0.0000,6.9231,8.5897,0.3423,38.1818,51.5878,16.0000,3.0000,13.0000,2.7270,0.9926,2.7270,0.9926
3825820,2016-03-20,La Liga,2015/2016,30.0000,Real Madrid,Sevilla,H,Zinédine Zidane,Unai Emery,4.0000,0.0000,3.0000,61.6358,65.4655,6.5778,19.9291,11.4865,0.2212,25.0000,9.4017,8.4828,0.3198,34.9206,55.2843,23.0000,1.0000,26.0000,4.3175,1.2916,3.5340,0.5081
3825820,2016-03-20,La Liga,2015/2016,30.0000,Sevilla,Real Madrid,A,Unai Emery,Zinédine Zidane,0.0000,4.0000,0.0000,38.3642,34.5345,2.9292,20.2094,12.9909,0.3717,33.3333,12.9310,24.5714,0.2433,32.4675,42.1772,5.0000,0.0000,8.0000,1.2916,4.3175,0.5081,3.5340
3825821,2016-03-20,La Liga,2015/2016,30.0000,Espanyol,Athletic Club,H,Constantin Gâlcă,Ernesto Valverde,2.0000,1.0000,3.0000,40.7292,41.3613,3.6452,22.5192,21.2389,0.4657,0.0000,9.5652,12.1515,0.2689,37.9085,47.4922,11.0000,1.0000,17.0000,1.7230,1.1205,1.7230,1.1205
3825821,2016-03-20,La Liga,2015/2016,30.0000,Athletic Club,Espanyol,A,Ernesto Valverde,Constantin Gâlcă,1.0000,2.0000,0.0000,59.2708,58.6387,5.0784,21.4963,15.2510,0.3360,14.2857,11.8421,9.1000,0.3811,42.9530,55.7317,16.0000,0.0000,13.0000,1.1205,1.7230,1.1205,1.7230
3825885,2016-04-01,La Liga,2015/2016,31.0000,Rayo Vallecano,Getafe,H,Paco Jémez,Fran Escribá,2.0000,0.0000,3.0000,53.1613,55.4217,3.2294,22.4398,16.1932,0.3700,25.0000,17.4757,7.8529,0.4380,38.3648,54.2963,13.0000,0.0000,15.0000,3.0631,1.2326,3.0631,1.2326
3825885,2016-04-01,La Liga,2015/2016,31.0000,Getafe,Rayo Vallecano,A,Fran Escribá,Paco Jémez,0.0000,2.0000,0.0000,46.8387,44.5783,2.9800,23.6201,20.8054,0.4653,22.2222,7.8652,11.3077,0.3981,46.9512,47.3192,10.0000,0.0000,15.0000,1.2326,3.0631,1.2326,3.0631
267533,2016-04-02,La Liga,2015/2016,31.0000,Barcelona,Real Madrid,H,Luis Enrique,Zinédine Zidane,1.0000,2.0000,0.0000,67.0433,66.4894,8.0000,16.5505,5.5060,0.1843,0.0000,2.6490,7.9118,0.2314,64.1975,56.6109,11.0000,0.0000,14.0000,0.7251,1.3206,0.7251,1.3206
267533,2016-04-02,La Liga,2015/2016,31.0000,Real Madrid,Barcelona,A,Zinédine Zidane,Luis Enrique,2.0000,1.0000,3.0000,32.9567,33.5106,3.3483,17.7891,10.7383,0.3898,46.1538,7.7922,17.5714,0.2233,24.5283,44.3125,4.0000,2.0000,15.0000,1.3206,0.7251,1.3206,0.7251
3825822,2016-04-02,La Liga,2015/2016,31.0000,Las Palmas,Valencia,H,Quique Setién,Pako Ayestarán,2.0000,1.0000,3.0000,62.3853,65.5022,5.0091,18.9412,10.3448,0.2856,0.0000,6.1728,8.6897,0.4092,48.3444,55.6495,20.0000,1.0000,13.0000,1.9706,1.1572,1.1871,1.1572
3825822,2016-04-02,La Liga,2015/2016,31.0000,Valencia,Las Palmas,A,Pako Ayestarán,Quique Setién,1.0000,2.0000,0.0000,37.6147,34.4978,3.7356,20.2404,14.4615,0.4814,0.0000,6.8966,10.3000,0.5359,39.3293,45.0948,12.0000,0.0000,8.0000,1.1572,1.9706,1.1572,1.1871
3825872,2016-04-02,La Liga,2015/2016,31.0000,Atlético Madrid,Real Betis,H,Diego Simeone,Juan Merino,5.0000,1.0000,3.0000,48.8325,65.0862,4.5532,19.1106,12.1495,0.3176,0.0000,11.7284,8.6222,0.3631,56.8306,60.7642,20.0000,1.0000,17.0000,4.0369,0.7968,4.0369,0.7968
3825872,2016-04-02,La Liga,2015/2016,31.0000,Real Betis,Atlético Madrid,A,Juan Merino,Diego Simeone,1.0000,5.0000,0.0000,51.1675,34.9138,4.4700,20.0318,13.4228,0.2966,16.6667,4.3478,12.8182,0.3306,29.5597,42.6367,13.0000,0.0000,8.0000,0.7968,4.0369,0.7968,4.0369
3825898,2016-04-02,La Liga,2015/2016,31.0000,Celta Vigo,RC Deportivo La Coruña,H,Eduardo Berizzo,Víctor Sánchez,1.0000,1.0000,1.0000,61.2288,59.9099,4.8037,21.4618,12.4514,0.3560,50.0000,6.8750,9.2000,0.3251,32.7731,52.1038,13.0000,0.0000,9.0000,0.3695,1.2132,0.3695,1.2132
3825898,2016-04-02,La Liga,2015/2016,31.0000,RC Deportivo La Coruña,Celta Vigo,A,Víctor Sánchez,Eduardo Berizzo,1.0000,1.0000,1.0000,38.7712,40.0901,3.7500,20.0932,16.8254,0.4465,0.0000,4.9180,14.8148,0.2509,35.1724,46.1833,10.0000,0.0000,7.0000,1.2132,0.3695,1.2132,0.3695
3825823,2016-04-03,La Liga,2015/2016,31.0000,Sevilla,Real Sociedad,H,Unai Emery,Eusebio Sacristán,1.0000,2.0000,0.0000,64.1425,72.5926,4.4483,20.2780,11.6279,0.3160,42.8571,10.7477,6.0278,0.3696,50.4202,60.0017,21.0000,0.0000,15.0000,2.1456,0.3082,1.3621,0.3082
3825823,2016-04-03,La Liga,2015/2016,31.0000,Real Sociedad,Sevilla,A,Eusebio Sacristán,Unai Emery,2.0000,1.0000,3.0000,35.8575,27.4074,2.6735,21.3085,16.7939,0.4146,0.0000,3.6585,11.0333,0.3021,31.6092,42.2489,10.0000,0.0000,8.0000,0.3082,2.1456,0.3082,1.3621
3825824,2016-04-03,La Liga,2015/2016,31.0000,Eibar,Villarreal,H,José Luis Mendilibar,Marcelino,1.0000,2.0000,0.0000,51.1742,63.0350,4.1518,21.8944,14.4086,0.3891,0.0000,9.9476,8.4318,0.3928,51.5306,57.3577,26.0000,0.0000,12.0000,0.6349,2.4110,0.6349,2.4110
3825824,2016-04-03,La Liga,2015/2016,31.0000,Villarreal,Eibar,A,Marcelino,José Luis Mendilibar,2.0000,1.0000,3.0000,48.8258,36.9650,3.7607,20.8841,14.5455,0.4363,14.2857,7.2581,11.3448,0.3117,33.1288,46.8500,16.0000,1.0000,8.0000,2.4110,0.6349,2.4110,0.6349
3825877,2016-04-03,La Liga,2015/2016,31.0000,Athletic Club,Granada,H,Ernesto Valverde,José González,1.0000,1.0000,1.0000,54.4554,71.9101,4.1569,19.9985,12.5000,0.3147,0.0000,13.6691,10.9375,0.3430,59.1549,59.5796,15.0000,0.0000,8.0000,1.7286,0.5655,0.9451,0.5655
3825877,2016-04-03,La Liga,2015/2016,31.0000,Granada,Athletic Club,A,José González,Ernesto Valverde,1.0000,1.0000,1.0000,45.5446,28.0899,4.4096,22.6221,16.6667,0.3778,33.3333,7.6923,14.4783,0.3798,30.8511,38.3725,3.0000,0.0000,9.0000,0.5655,1.7286,0.5655,0.9451
3825905,2016-04-03,La Liga,2015/2016,31.0000,Málaga,Espanyol,H,Javi Gracia,Constantin Gâlcă,1.0000,1.0000,1.0000,61.6631,67.0270,5.0891,18.6286,10.5058,0.3379,50.0000,7.0175,8.3125,0.4225,59.3333,52.3302,9.0000,0.0000,11.0000,1.3122,0.2815,0.5287,0.2815
3825905,2016-04-03,La Liga,2015/2016,31.0000,Espanyol,Málaga,A,Constantin Gâlcă,Javi Gracia,1.0000,1.0000,1.0000,38.3369,32.9730,3.1915,22.0188,18.3333,0.4779,0.0000,4.5455,13.3103,0.2855,34.3558,49.2788,8.0000,0.0000,6.0000,0.2815,1.3122,0.2815,0.5287
3825825,2016-04-04,La Liga,2015/2016,31.0000,Levante UD,Sporting Gijón,H,Rubí,Abelardo,0.0000,0.0000,1.0000,54.0479,58.2160,4.0000,21.0236,13.4615,0.4234,28.5714,10.9091,10.4074,0.4293,54.9133,52.1068,17.0000,0.0000,17.0000,1.3941,1.0322,1.3941,1.0322
3825825,2016-04-04,La Liga,2015/2016,31.0000,Sporting Gijón,Levante UD,A,Abelardo,Rubí,0.0000,0.0000,1.0000,45.9521,41.7840,3.3398,20.5087,15.1163,0.4845,0.0000,10.5263,10.6897,0.2215,37.1429,48.0533,9.0000,0.0000,11.0000,1.0322,1.3941,1.0322,1.3941
3825826,2016-04-08,La Liga,2015/2016,32.0000,Granada,Málaga,H,José González,Javi Gracia,0.0000,0.0000,1.0000,49.9439,44.8087,3.8235,23.0878,18.2051,0.3567,7.6923,10.6195,8.3243,0.3498,34.6154,52.5744,15.0000,0.0000,8.0000,0.7744,0.9006,0.7744,0.9006
3825826,2016-04-08,La Liga,2015/2016,32.0000,Málaga,Granada,A,Javi Gracia,José González,0.0000,0.0000,1.0000,50.0561,55.1913,4.2366,19.8779,13.4518,0.4022,0.0000,7.7586,11.4643,0.2831,34.9206,45.0236,6.0000,0.0000,9.0000,0.9006,0.7744,0.9006,0.7744
266664,2016-04-09,La Liga,2015/2016,32.0000,Real Sociedad,Barcelona,H,Eusebio Sacristán,Luis Enrique,1.0000,0.0000,3.0000,27.2545,20.3540,2.7160,21.0974,17.7273,0.4453,0.0000,3.7037,16.4091,0.3003,37.6147,48.7929,12.0000,0.0000,5.0000,0.4272,1.1740,0.4272,1.1740
266664,2016-04-09,La Liga,2015/2016,32.0000,Barcelona,Real Sociedad,A,Luis Enrique,Eusebio Sacristán,0.0000,1.0000,0.0000,72.7455,79.6460,6.7000,19.8813,10.5970,0.2444,100.0000,3.0508,5.5152,0.4706,42.1875,57.4291,16.0000,0.0000,13.0000,1.1740,0.4272,1.1740,0.4272
3825827,2016-04-09,La Liga,2015/2016,32.0000,Real Betis,Levante UD,H,Juan Merino,Rubí,1.0000,0.0000,3.0000,50.4124,50.2463,5.0230,20.7874,15.1030,0.3392,0.0000,15.5039,13.5385,0.2786,38.8060,47.3324,7.0000,0.0000,7.0000,0.3962,0.9601,0.3962,0.9601
3825827,2016-04-09,La Liga,2015/2016,32.0000,Levante UD,Real Betis,A,Rubí,Juan Merino,0.0000,1.0000,0.0000,49.5876,49.7537,4.4330,23.0475,19.3023,0.3743,40.0000,6.6667,12.2500,0.3231,42.4051,49.4446,14.0000,0.0000,12.0000,0.9601,0.3962,0.9601,0.3962
3825828,2016-04-09,La Liga,2015/2016,32.0000,Espanyol,Atlético Madrid,H,Constantin Gâlcă,Diego Simeone,1.0000,3.0000,0.0000,51.5496,47.3171,4.4059,22.3961,17.0787,0.3718,0.0000,8.8235,8.8056,0.3433,38.5093,51.5824,16.0000,0.0000,10.0000,0.7395,0.9607,0.7395,0.9607
3825828,2016-04-09,La Liga,2015/2016,32.0000,Atlético Madrid,Espanyol,A,Diego Simeone,Constantin Gâlcă,3.0000,1.0000,3.0000,48.4504,52.6829,4.1287,19.9026,13.4293,0.4303,0.0000,7.6336,15.3043,0.1723,52.3256,51.4746,14.0000,1.0000,14.0000,0.9607,0.7395,0.9607,0.7395
3825856,2016-04-09,La Liga,2015/2016,32.0000,Real Madrid,Eibar,H,Zinédine Zidane,José Luis Mendilibar,4.0000,0.0000,3.0000,60.8787,60.0000,5.6947,19.0715,11.6451,0.2722,50.0000,12.5000,8.1613,0.3957,34.4595,44.0746,10.0000,1.0000,15.0000,2.4743,1.3148,2.4743,1.3148
3825856,2016-04-09,La Liga,2015/2016,32.0000,Eibar,Real Madrid,A,José Luis Mendilibar,Zinédine Zidane,0.0000,4.0000,0.0000,39.1213,40.0000,3.2842,21.6011,15.7051,0.3844,0.0000,9.8214,9.9756,0.3213,54.5455,56.3434,13.0000,1.0000,9.0000,1.3148,2.4743,1.3148,2.4743
3825829,2016-04-10,La Liga,2015/2016,32.0000,Athletic Club,Rayo Vallecano,H,Ernesto Valverde,Paco Jémez,1.0000,0.0000,3.0000,43.3560,42.7746,4.0412,22.8977,20.4082,0.4284,0.0000,8.4906,17.1923,0.3065,43.0168,47.3487,13.0000,0.0000,14.0000,0.9258,1.4815,0.9258,1.4815
3825829,2016-04-10,La Liga,2015/2016,32.0000,Rayo Vallecano,Athletic Club,A,Paco Jémez,Ernesto Valverde,0.0000,1.0000,0.0000,56.6440,57.2254,4.3008,21.2181,13.0435,0.3887,50.0000,9.7015,14.7826,0.3893,47.7011,49.5210,13.0000,0.0000,12.0000,1.4815,0.9258,1.4815,0.9258
3825830,2016-04-10,La Liga,2015/2016,32.0000,Villarreal,Getafe,H,Marcelino,Fran Escribá,2.0000,0.0000,3.0000,52.9158,54.7170,4.1154,19.4531,11.2150,0.3071,0.0000,13.3858,10.9310,0.1445,53.9683,52.7442,16.0000,0.0000,13.0000,1.7803,0.9904,1.7803,0.9904
3825830,2016-04-10,La Liga,2015/2016,32.0000,Getafe,Villarreal,A,Fran Escribá,Marcelino,0.0000,2.0000,0.0000,47.0842,45.2830,4.4253,21.5255,15.5844,0.3376,0.0000,11.9658,9.6286,0.3694,40.3315,50.2719,10.0000,1.0000,17.0000,0.9904,1.7803,0.9904,1.7803
3825831,2016-04-10,La Liga,2015/2016,32.0000,Valencia,Sevilla,H,Pako Ayestarán,Unai Emery,2.0000,1.0000,3.0000,51.1216,61.8026,3.6765,19.9142,12.5333,0.2975,0.0000,10.3896,8.1892,0.3623,52.0000,57.2569,13.0000,1.0000,23.0000,1.7242,0.9541,1.7242,0.9541
3825831,2016-04-10,La Liga,2015/2016,32.0000,Sevilla,Valencia,A,Unai Emery,Pako Ayestarán,1.0000,2.0000,0.0000,48.8784,38.1974,3.5243,21.6473,13.2231,0.3468,16.6667,9.9010,7.1176,0.3533,34.6405,47.6310,9.0000,0.0000,7.0000,0.9541,1.7242,0.9541,1.7242
3825832,2016-04-10,La Liga,2015/2016,32.0000,Sporting Gijón,Celta Vigo,H,Abelardo,Eduardo Berizzo,0.0000,1.0000,0.0000,40.7982,48.2412,3.2784,21.8842,14.1509,0.5011,11.1111,8.9431,12.8710,0.3839,46.8293,44.4504,11.0000,0.0000,11.0000,0.5912,0.9800,0.5912,0.9800
3825832,2016-04-10,La Liga,2015/2016,32.0000,Celta Vigo,Sporting Gijón,A,Eduardo Berizzo,Abelardo,1.0000,0.0000,3.0000,59.2018,51.7588,4.1652,20.2935,11.4823,0.3361,15.3846,3.8760,8.9259,0.3940,40.0000,51.5173,11.0000,0.0000,17.0000,0.9800,0.5912,0.9800,0.5912
3825863,2016-04-11,La Liga,2015/2016,32.0000,RC Deportivo La Coruña,Las Palmas,H,Víctor Sánchez,Quique Setién,1.0000,3.0000,0.0000,38.6854,50.0000,4.2022,20.8430,14.7059,0.3518,0.0000,8.2759,13.6286,0.2527,39.3939,55.0681,15.0000,0.0000,19.0000,2.0612,1.5513,2.0612,1.5513
3825863,2016-04-11,La Liga,2015/2016,32.0000,Las Palmas,RC Deportivo La Coruña,A,Quique Setién,Víctor Sánchez,3.0000,1.0000,3.0000,61.3146,50.0000,6.6264,20.1371,11.7745,0.2111,12.5000,7.0922,10.4800,0.2257,31.1828,45.5280,7.0000,1.0000,13.0000,1.5513,2.0612,1.5513,2.0612
3825857,2016-04-15,La Liga,2015/2016,33.0000,Levante UD,Espanyol,H,Rubí,Constantin Gâlcă,2.0000,1.0000,3.0000,52.1327,49.4624,3.9082,21.9919,16.9713,0.3763,50.0000,5.6452,10.8400,0.2698,45.8716,53.2892,14.0000,1.0000,12.0000,0.8349,1.1652,0.8349,1.1652
3825857,2016-04-15,La Liga,2015/2016,33.0000,Espanyol,Levante UD,A,Constantin Gâlcă,Rubí,1.0000,2.0000,0.0000,47.8673,50.5376,3.9888,23.4928,20.0000,0.3905,12.5000,14.4068,10.3226,0.2705,36.9748,46.6803,8.0000,0.0000,10.0000,1.1652,0.8349,1.1652,0.8349
3825833,2016-04-16,La Liga,2015/2016,33.0000,Getafe,Real Madrid,H,Juan Eduardo Esnáider Belén,Zinédine Zidane,1.0000,5.0000,0.0000,38.1466,38.7850,3.4494,21.8202,14.0065,0.3987,12.5000,11.4286,13.5667,0.2857,46.3415,50.9583,10.0000,0.0000,13.0000,0.6986,3.1156,0.6986,3.1156
3825833,2016-04-16,La Liga,2015/2016,33.0000,Real Madrid,Getafe,A,Zinédine Zidane,Juan Eduardo Esnáider Belén,5.0000,1.0000,3.0000,61.8534,61.2150,5.5625,20.1601,12.1723,0.3051,71.4286,12.7389,10.2500,0.2910,52.4272,47.1495,12.0000,3.0000,22.0000,3.1156,0.6986,3.1156,0.6986
3825852,2016-04-16,La Liga,2015/2016,33.0000,Las Palmas,Sporting Gijón,H,Quique Setién,Abelardo,1.0000,1.0000,1.0000,56.4909,39.4444,5.0300,18.3452,9.1451,0.2769,23.0769,2.2989,10.3077,0.3730,35.0000,44.5000,6.0000,1.0000,10.0000,0.4425,1.2164,0.4425,1.2164
3825852,2016-04-16,La Liga,2015/2016,33.0000,Sporting Gijón,Las Palmas,A,Abelardo,Quique Setién,1.0000,1.0000,1.0000,43.5091,60.5556,3.4771,19.5543,8.9710,0.3615,0.0000,12.6866,10.3864,0.4165,59.4828,56.7872,9.0000,0.0000,12.0000,1.2164,0.4425,1.2164,0.4425
3825889,2016-04-16,La Liga,2015/2016,33.0000,Celta Vigo,Real Betis,H,Eduardo Berizzo,Juan Merino,1.0000,1.0000,1.0000,65.6576,71.7842,5.0263,20.4365,11.8674,0.3115,40.0000,7.9602,7.0909,0.4802,44.9367,62.8439,22.0000,0.0000,18.0000,2.0871,1.3664,2.0871,1.3664
3825889,2016-04-16,La Liga,2015/2016,33.0000,Real Betis,Celta Vigo,A,Juan Merino,Eduardo Berizzo,1.0000,1.0000,1.0000,34.3424,28.2158,3.4167,20.5451,16.0279,0.4170,0.0000,3.7975,16.9565,0.2846,22.9050,39.9508,8.0000,1.0000,10.0000,1.3664,2.0871,1.3664,2.0871
3825897,2016-04-16,La Liga,2015/2016,33.0000,Eibar,Real Sociedad,H,José Luis Mendilibar,Eusebio Sacristán,2.0000,1.0000,3.0000,43.9512,37.1728,3.2404,23.5207,21.9585,0.4733,22.2222,7.8431,8.2619,0.3465,45.1429,50.5835,7.0000,1.0000,8.0000,1.1755,0.6191,1.1755,0.6191
3825897,2016-04-16,La Liga,2015/2016,33.0000,Real Sociedad,Eibar,A,Eusebio Sacristán,José Luis Mendilibar,1.0000,2.0000,0.0000,56.0488,62.8272,4.5300,22.2670,16.3355,0.3645,28.5714,9.4340,10.7407,0.3409,40.7407,47.8813,5.0000,1.0000,7.0000,0.6191,1.1755,0.6191,1.1755
266557,2016-04-17,La Liga,2015/2016,33.0000,Barcelona,Valencia,H,Luis Enrique,Pako Ayestarán,1.0000,2.0000,0.0000,69.5740,80.9211,6.2700,19.9936,10.5263,0.2598,100.0000,6.0714,8.1111,0.4867,50.0000,61.8347,20.0000,0.0000,22.0000,2.2620,0.6762,2.2620,0.6762
266557,2016-04-17,La Liga,2015/2016,33.0000,Valencia,Barcelona,A,Pako Ayestarán,Luis Enrique,2.0000,1.0000,3.0000,30.4260,19.0789,3.0617,20.7423,15.3226,0.4252,5.5556,1.4085,17.8095,0.2741,25.0000,37.6833,7.0000,0.0000,7.0000,0.6762,2.2620,0.6762,2.2620
3825834,2016-04-17,La Liga,2015/2016,33.0000,Atlético Madrid,Granada,H,Diego Simeone,José González,3.0000,0.0000,3.0000,56.1809,70.3704,5.2680,18.5223,10.1761,0.3264,22.2222,9.8160,7.4783,0.4266,44.0860,52.6361,13.0000,0.0000,8.0000,1.6485,0.6693,1.6485,0.6693
3825834,2016-04-17,La Liga,2015/2016,33.0000,Granada,Atlético Madrid,A,José González,Diego Simeone,0.0000,3.0000,0.0000,43.8191,29.6296,4.1739,20.3507,12.7604,0.3559,0.0000,9.2105,13.3103,0.1914,34.5794,45.2567,9.0000,1.0000,11.0000,0.6693,1.6485,0.6693,1.6485
3825835,2016-04-17,La Liga,2015/2016,33.0000,Málaga,Athletic Club,H,Javi Gracia,Carlos Gurpegi Nausia / Ernesto Valverde,0.0000,1.0000,0.0000,48.9910,49.1018,3.6000,21.0867,14.2857,0.5046,40.0000,5.1282,12.1429,0.3011,30.6569,52.0047,10.0000,2.0000,18.0000,1.9996,0.8839,1.9996,0.8839
3825835,2016-04-17,La Liga,2015/2016,33.0000,Athletic Club,Málaga,A,Carlos Gurpegi Nausia / Ernesto Valverde,Javi Gracia,1.0000,0.0000,3.0000,51.0090,50.8982,4.3085,20.4690,14.5679,0.3560,0.0000,9.8039,8.0000,0.3707,45.6790,53.6748,11.0000,0.0000,6.0000,0.8839,1.9996,0.8839,1.9996
3825836,2016-04-17,La Liga,2015/2016,33.0000,Rayo Vallecano,Villarreal,H,Paco Jémez,Marcelino,2.0000,1.0000,3.0000,61.1554,48.9130,4.4206,22.2342,17.0557,0.2990,50.0000,11.8110,7.9706,0.4026,49.0446,51.0119,6.0000,1.0000,14.0000,1.1729,0.5828,1.1729,0.5828
3825836,2016-04-17,La Liga,2015/2016,33.0000,Villarreal,Rayo Vallecano,A,Marcelino,Paco Jémez,1.0000,2.0000,0.0000,38.8446,51.0870,2.9818,22.4608,16.1585,0.4723,0.0000,8.2645,16.7241,0.2899,50.0000,49.2548,9.0000,1.0000,7.0000,0.5828,1.1729,0.5828,1.1729
3825906,2016-04-17,La Liga,2015/2016,33.0000,Sevilla,RC Deportivo La Coruña,H,Unai Emery,Víctor Sánchez,1.0000,1.0000,1.0000,58.3581,71.2446,5.0000,19.6522,12.2222,0.3454,100.0000,13.1868,12.2692,0.3254,48.9051,58.0724,13.0000,0.0000,12.0000,1.7407,0.6646,1.7407,0.6646
3825906,2016-04-17,La Liga,2015/2016,33.0000,RC Deportivo La Coruña,Sevilla,A,Víctor Sánchez,Unai Emery,1.0000,1.0000,1.0000,41.6419,28.7554,3.8247,22.1423,15.0943,0.3801,13.3333,4.9020,21.3333,0.2085,39.0244,41.3989,9.0000,0.0000,5.0000,0.6646,1.7407,0.6646,1.7407
3825837,2016-04-19,La Liga,2015/2016,34.0000,Real Betis,Las Palmas,H,Juan Merino,Quique Setién,1.0000,0.0000,3.0000,48.7611,69.0476,5.5732,20.5750,11.1597,0.2623,0.0000,11.9760,10.9730,0.3133,45.6790,53.8643,18.0000,2.0000,21.0000,2.2367,0.1027,2.2367,0.1027
3825837,2016-04-19,La Liga,2015/2016,34.0000,Las Palmas,Real Betis,A,Quique Setién,Juan Merino,0.0000,1.0000,0.0000,51.2389,30.9524,5.2360,22.4224,16.9528,0.2182,0.0000,5.0633,17.2222,0.2358,32.7586,46.0000,4.0000,0.0000,3.0000,0.1027,2.2367,0.1027,2.2367
3825862,2016-04-19,La Liga,2015/2016,34.0000,Espanyol,Celta Vigo,H,Constantin Gâlcă,Eduardo Berizzo,1.0000,1.0000,1.0000,40.1617,44.0529,3.4690,20.3066,14.0306,0.4837,33.3333,8.7248,13.3333,0.3318,41.1765,48.2510,14.0000,0.0000,9.0000,0.9022,0.3572,0.9022,0.3572
3825862,2016-04-19,La Liga,2015/2016,34.0000,Celta Vigo,Espanyol,A,Eduardo Berizzo,Constantin Gâlcă,1.0000,1.0000,1.0000,59.8383,55.9471,5.3565,19.5996,9.7403,0.3029,0.0000,4.4586,8.4324,0.3915,45.7143,48.4779,10.0000,0.0000,3.0000,0.3572,0.9022,0.3572,0.9022
266310,2016-04-20,La Liga,2015/2016,34.0000,RC Deportivo La Coruña,Barcelona,H,Víctor Sánchez,Luis Enrique,0.0000,8.0000,0.0000,35.0130,38.0665,4.2927,20.9596,15.3409,0.2949,0.0000,7.5342,23.1000,0.2513,39.8936,52.8618,15.0000,1.0000,17.0000,1.6252,4.0340,1.6252,4.0340
266310,2016-04-20,La Liga,2015/2016,34.0000,Barcelona,RC Deportivo La Coruña,A,Luis Enrique,Víctor Sánchez,8.0000,0.0000,3.0000,64.9870,61.9335,9.4667,19.7912,10.5634,0.1772,81.8182,3.0973,13.5882,0.4144,40.1198,48.0190,6.0000,1.0000,17.0000,4.0340,1.6252,4.0340,1.6252
3825838,2016-04-20,La Liga,2015/2016,34.0000,Athletic Club,Atlético Madrid,H,Ernesto Valverde,Diego Simeone,0.0000,1.0000,0.0000,65.4083,62.8458,7.0202,21.3090,13.8129,0.2284,16.6667,8.5561,8.9000,0.4162,45.1220,51.9171,18.0000,0.0000,13.0000,0.6068,0.9092,0.6068,0.9092
3825838,2016-04-20,La Liga,2015/2016,34.0000,Atlético Madrid,Athletic Club,A,Diego Simeone,Ernesto Valverde,1.0000,0.0000,3.0000,34.5917,37.1542,3.1869,20.0901,15.5425,0.4603,12.5000,7.8947,16.5667,0.2027,40.3974,48.1890,12.0000,1.0000,8.0000,0.9092,0.6068,0.9092,0.6068
3825839,2016-04-20,La Liga,2015/2016,34.0000,Sporting Gijón,Sevilla,H,Abelardo,Unai Emery,2.0000,1.0000,3.0000,46.9388,56.9106,3.8491,21.1541,15.1961,0.3825,50.0000,6.7485,12.9000,0.2827,46.2585,48.2653,12.0000,3.0000,14.0000,1.5641,1.8022,1.5641,1.8022
3825839,2016-04-20,La Liga,2015/2016,34.0000,Sevilla,Sporting Gijón,A,Unai Emery,Abelardo,1.0000,2.0000,0.0000,53.0612,43.0894,4.4190,19.8828,12.0690,0.3405,25.0000,19.5312,10.4444,0.2152,36.3636,51.0836,13.0000,0.0000,18.0000,1.8022,1.5641,1.8022,1.5641
3825840,2016-04-20,La Liga,2015/2016,34.0000,Valencia,Eibar,H,Pako Ayestarán,José Luis Mendilibar,4.0000,0.0000,3.0000,51.5493,51.1628,5.9529,21.0322,15.6126,0.2622,62.5000,4.7244,24.6000,0.3120,36.6460,41.4095,7.0000,0.0000,9.0000,2.6552,0.8740,1.8717,0.8740
3825840,2016-04-20,La Liga,2015/2016,34.0000,Eibar,Valencia,A,José Luis Mendilibar,Pako Ayestarán,0.0000,4.0000,0.0000,48.4507,48.8372,5.0217,22.1192,17.7489,0.2653,0.0000,9.6774,12.1176,0.3206,53.4091,56.6031,22.0000,1.0000,9.0000,0.8740,2.6552,0.8740,1.8717
3825843,2016-04-20,La Liga,2015/2016,34.0000,Málaga,Rayo Vallecano,H,Javi Gracia,Paco Jémez,1.0000,1.0000,1.0000,52.6699,64.8352,3.4091,21.4289,16.0000,0.4439,25.0000,9.3525,7.6154,0.3718,48.9655,54.0061,12.0000,1.0000,12.0000,0.9881,0.7130,0.9881,0.7130
3825843,2016-04-20,La Liga,2015/2016,34.0000,Rayo Vallecano,Málaga,A,Paco Jémez,Javi Gracia,1.0000,1.0000,1.0000,47.3301,35.1648,3.8315,22.4926,18.1818,0.3822,27.2727,5.9524,12.1304,0.4240,40.2174,43.4355,5.0000,1.0000,11.0000,0.7130,0.9881,0.7130,0.9881
3825893,2016-04-20,La Liga,2015/2016,34.0000,Real Madrid,Villarreal,H,Zinédine Zidane,Marcelino,3.0000,0.0000,3.0000,60.4049,68.8202,7.1327,19.2870,9.4421,0.2829,0.0000,8.0986,18.0556,0.1922,52.1277,53.5198,19.0000,0.0000,20.0000,1.4061,0.2817,1.4061,0.2817
3825893,2016-04-20,La Liga,2015/2016,34.0000,Villarreal,Real Madrid,A,Marcelino,Zinédine Zidane,0.0000,3.0000,0.0000,39.5951,31.1798,4.6316,20.5527,13.1818,0.3243,16.6667,1.4599,19.0455,0.2440,42.8571,43.8368,8.0000,0.0000,5.0000,0.2817,1.4061,0.2817,1.4061
3825841,2016-04-21,La Liga,2015/2016,34.0000,Real Sociedad,Getafe,H,Eusebio Sacristán,Juan Eduardo Esnáider Belén,1.0000,2.0000,0.0000,58.2893,67.7130,3.9032,20.3331,13.0165,0.2566,12.5000,12.1019,7.2500,0.3873,47.7124,53.5813,17.0000,0.0000,15.0000,0.9456,1.3085,0.9456,0.5250
3825841,2016-04-21,La Liga,2015/2016,34.0000,Getafe,Real Sociedad,A,Juan Eduardo Esnáider Belén,Eusebio Sacristán,2.0000,1.0000,3.0000,41.7107,32.2870,3.7021,20.2563,12.3563,0.3317,0.0000,4.0816,9.5263,0.3279,32.5967,46.7484,10.0000,0.0000,7.0000,1.3085,0.9456,0.5250,0.9456
3825896,2016-04-21,La Liga,2015/2016,34.0000,Granada,Levante UD,H,Ricardo Costa / José González,Rubí,5.0000,1.0000,3.0000,48.6585,43.1507,4.0455,24.5592,21.6292,0.3585,11.1111,17.7083,11.8846,0.2684,47.7876,46.7218,9.0000,2.0000,13.0000,3.0930,1.0397,1.5260,1.0397
3825896,2016-04-21,La Liga,2015/2016,34.0000,Levante UD,Granada,A,Rubí,Ricardo Costa / José González,1.0000,5.0000,0.0000,51.3415,56.8493,3.7100,21.6108,14.0162,0.3549,25.0000,11.7117,14.1364,0.2306,45.6522,47.1047,6.0000,0.0000,14.0000,1.0397,3.0930,1.0397,1.5260
3825871,2016-04-22,La Liga,2015/2016,35.0000,Las Palmas,Espanyol,H,Quique Setién,Constantin Gâlcă,4.0000,0.0000,3.0000,61.9650,67.2897,5.9293,17.9370,7.4957,0.2080,28.5714,5.9603,9.7586,0.4373,47.9532,47.3901,10.0000,0.0000,15.0000,1.1328,1.8881,1.1328,1.8881
3825871,2016-04-22,La Liga,2015/2016,35.0000,Espanyol,Las Palmas,A,Constantin Gâlcă,Quique Setién,0.0000,4.0000,0.0000,38.0350,32.7103,3.5521,19.8136,10.8504,0.3462,0.0000,7.6923,12.4118,0.4427,39.3617,50.7983,16.0000,0.0000,12.0000,1.8881,1.1328,1.8881,1.1328
265944,2016-04-23,La Liga,2015/2016,35.0000,Barcelona,Sporting Gijón,H,Luis Enrique,Abelardo,6.0000,0.0000,3.0000,71.8841,82.2878,7.7222,19.7250,10.3597,0.2094,100.0000,4.8000,8.9600,0.3643,52.8302,60.3275,16.0000,0.0000,23.0000,4.7222,0.4111,2.3717,0.4111
265944,2016-04-23,La Liga,2015/2016,35.0000,Sporting Gijón,Barcelona,A,Abelardo,Luis Enrique,0.0000,6.0000,0.0000,28.1159,17.7122,3.7424,20.5565,14.9798,0.3816,0.0000,5.8824,31.4286,0.3212,28.0335,36.4755,3.0000,0.0000,4.0000,0.4111,4.7222,0.4111,2.3717
3825847,2016-04-23,La Liga,2015/2016,35.0000,Eibar,RC Deportivo La Coruña,H,José Luis Mendilibar,Víctor Sánchez,1.0000,1.0000,1.0000,47.8678,50.4545,3.8058,23.2031,21.6837,0.4269,0.0000,5.9701,9.1351,0.4969,50.2058,50.9145,13.0000,0.0000,9.0000,0.5593,0.3914,0.5593,0.3914
3825847,2016-04-23,La Liga,2015/2016,35.0000,RC Deportivo La Coruña,Eibar,A,Víctor Sánchez,José Luis Mendilibar,1.0000,1.0000,1.0000,52.1322,49.5455,4.5312,21.8109,18.1609,0.4141,16.6667,6.5693,11.2963,0.5011,43.1111,47.2246,13.0000,0.0000,9.0000,0.3914,0.5593,0.3914,0.5593
3825886,2016-04-23,La Liga,2015/2016,35.0000,Rayo Vallecano,Real Madrid,H,Paco Jémez,Zinédine Zidane,2.0000,3.0000,0.0000,39.6516,33.6957,3.4141,21.5253,13.9053,0.4557,11.1111,13.7500,11.6571,0.3871,39.9123,46.1449,15.0000,2.0000,11.0000,1.3614,1.6626,1.3614,1.6626
3825886,2016-04-23,La Liga,2015/2016,35.0000,Real Madrid,Rayo Vallecano,A,Zinédine Zidane,Paco Jémez,3.0000,2.0000,3.0000,60.3484,66.3043,4.1732,20.5606,13.9623,0.3682,16.6667,5.6250,12.3600,0.3385,54.1985,54.5774,16.0000,0.0000,16.0000,1.6626,1.3614,1.6626,1.3614
3825890,2016-04-23,La Liga,2015/2016,35.0000,Atlético Madrid,Málaga,H,Diego Simeone,Javi Gracia,1.0000,0.0000,3.0000,47.2131,65.7005,3.5333,22.2766,19.1375,0.4904,0.0000,8.8050,9.8919,0.3975,48.4375,57.6455,21.0000,0.0000,14.0000,1.3220,0.1632,1.3220,0.1632
3825890,2016-04-23,La Liga,2015/2016,35.0000,Málaga,Atlético Madrid,A,Javi Gracia,Diego Simeone,0.0000,1.0000,0.0000,52.7869,34.2995,4.5625,19.7067,12.3288,0.4071,9.0909,5.2632,9.9231,0.3426,35.1351,40.6260,3.0000,0.0000,7.0000,0.1632,1.3220,0.1632,1.3220
3825842,2016-04-24,La Liga,2015/2016,35.0000,Levante UD,Athletic Club,H,Rubí,Ernesto Valverde,2.0000,2.0000,1.0000,36.4224,27.4194,3.1304,23.8922,23.9583,0.4762,17.6471,12.3711,13.0741,0.1864,39.0909,47.1648,10.0000,0.0000,10.0000,0.7406,1.1566,0.7406,1.1566
3825842,2016-04-24,La Liga,2015/2016,35.0000,Athletic Club,Levante UD,A,Ernesto Valverde,Rubí,2.0000,2.0000,1.0000,63.5776,72.5806,4.6637,20.0496,13.2827,0.3492,50.0000,15.4229,17.5000,0.3136,42.4528,54.3230,19.0000,0.0000,19.0000,1.1566,0.7406,1.1566,0.7406
3825875,2016-04-24,La Liga,2015/2016,35.0000,Villarreal,Real Sociedad,H,Marcelino,Eusebio Sacristán,0.0000,0.0000,1.0000,42.1408,47.4419,3.8969,20.5336,11.9048,0.3574,11.1111,5.4545,11.2308,0.2567,41.5584,50.4950,7.0000,1.0000,8.0000,0.4972,0.6385,0.4972,0.6385
3825875,2016-04-24,La Liga,2015/2016,35.0000,Real Sociedad,Villarreal,A,Eusebio Sacristán,Marcelino,0.0000,0.0000,1.0000,57.8592,52.5581,5.4949,22.0047,18.5662,0.2830,0.0000,6.3830,11.2692,0.3524,46.1039,49.2888,12.0000,0.0000,7.0000,0.6385,0.4972,0.6385,0.4972
3825884,2016-04-24,La Liga,2015/2016,35.0000,Sevilla,Real Betis,H,Unai Emery,Juan Merino,2.0000,0.0000,3.0000,55.1862,50.9554,4.1724,21.5039,13.7741,0.3169,16.6667,12.3596,6.2703,0.5193,46.8571,53.3632,15.0000,0.0000,13.0000,1.0536,0.2960,1.0536,0.2960
3825884,2016-04-24,La Liga,2015/2016,35.0000,Real Betis,Sevilla,A,Juan Merino,Unai Emery,0.0000,2.0000,0.0000,44.8138,49.0446,2.9468,20.4476,13.3574,0.4054,0.0000,2.2727,12.0385,0.3181,34.8485,47.0750,12.0000,0.0000,8.0000,0.2960,1.0536,0.2960,1.0536
3825899,2016-04-24,La Liga,2015/2016,35.0000,Getafe,Valencia,H,Juan Eduardo Esnáider Belén,Pako Ayestarán,2.0000,2.0000,1.0000,40.8389,53.5948,3.3125,21.9913,16.6667,0.3321,0.0000,8.0808,13.5484,0.3209,44.7674,52.7879,16.0000,4.0000,18.0000,2.9875,0.6050,2.9875,0.6050
3825899,2016-04-24,La Liga,2015/2016,35.0000,Valencia,Getafe,A,Pako Ayestarán,Juan Eduardo Esnáider Belén,2.0000,2.0000,1.0000,59.1611,46.4052,5.4944,19.1960,9.6115,0.2584,40.0000,2.1053,8.2812,0.4757,39.7727,46.6969,8.0000,1.0000,5.0000,0.6050,2.9875,0.6050,2.9875
3825868,2016-04-25,La Liga,2015/2016,35.0000,Celta Vigo,Granada,H,Eduardo Berizzo,José González,2.0000,1.0000,3.0000,62.0187,58.7940,5.3333,21.5880,12.6838,0.2665,33.3333,7.2993,9.7692,0.4521,35.7576,47.4648,15.0000,1.0000,16.0000,2.0898,0.9144,1.3063,0.9144
3825868,2016-04-25,La Liga,2015/2016,35.0000,Granada,Celta Vigo,A,José González,Eduardo Berizzo,1.0000,2.0000,0.0000,37.9813,41.2060,3.4556,22.6969,18.6495,0.4355,60.0000,9.3458,14.9000,0.2450,43.8356,49.0292,12.0000,0.0000,12.0000,0.9144,2.0898,0.9144,1.3063
3825854,2016-04-29,La Liga,2015/2016,36.0000,Sporting Gijón,Eibar,H,Abelardo,José Luis Mendilibar,2.0000,0.0000,3.0000,45.5249,44.8718,3.7396,21.7642,15.8774,0.4503,14.2857,13.8614,10.6765,0.3469,37.4269,41.6552,3.0000,0.0000,3.0000,0.3458,0.7005,0.3458,0.7005
3825854,2016-04-29,La Liga,2015/2016,36.0000,Eibar,Sporting Gijón,A,José Luis Mendilibar,Abelardo,0.0000,2.0000,0.0000,54.4751,55.1282,4.5000,22.4884,17.2336,0.3269,0.0000,4.4248,8.8000,0.3058,55.5556,52.3435,9.0000,1.0000,12.0000,0.7005,0.3458,0.7005,0.3458
266986,2016-04-30,La Liga,2015/2016,36.0000,Real Betis,Barcelona,H,Juan Merino,Luis Enrique,0.0000,2.0000,0.0000,26.3507,8.3067,3.1892,19.1040,13.5593,0.4200,0.0000,0.0000,25.0000,0.2548,15.1515,36.9216,4.0000,0.0000,2.0000,0.0855,2.1339,0.0855,2.1339
266986,2016-04-30,La Liga,2015/2016,36.0000,Barcelona,Real Betis,A,Luis Enrique,Juan Merino,2.0000,0.0000,3.0000,73.6493,91.6933,10.2083,19.7865,11.9728,0.1829,100.0000,7.3620,6.5556,0.4856,71.8519,65.0424,14.0000,0.0000,12.0000,2.1339,0.0855,2.1339,0.0855
3825859,2016-04-30,La Liga,2015/2016,36.0000,Granada,Las Palmas,H,José González,Quique Setién,3.0000,2.0000,3.0000,37.7304,42.7966,3.9655,20.3186,14.4928,0.4030,0.0000,9.7561,18.6667,0.2477,48.4277,54.9648,18.0000,0.0000,14.0000,1.3984,1.3083,1.3984,1.3083
3825859,2016-04-30,La Liga,2015/2016,36.0000,Las Palmas,Granada,A,Quique Setién,José González,2.0000,3.0000,0.0000,62.2696,57.2034,5.9697,18.9920,10.1523,0.2424,28.5714,8.3871,11.0435,0.3085,31.6667,44.0281,10.0000,0.0000,11.0000,1.3083,1.3984,1.3083,1.3984
3825864,2016-04-30,La Liga,2015/2016,36.0000,Real Sociedad,Real Madrid,H,Eusebio Sacristán,Zinédine Zidane,0.0000,1.0000,0.0000,46.3317,47.6793,4.3158,20.5256,13.6585,0.3498,0.0000,8.9431,10.4000,0.3127,38.9222,46.4479,7.0000,0.0000,11.0000,0.4464,1.1601,0.4464,1.1601
3825864,2016-04-30,La Liga,2015/2016,36.0000,Real Madrid,Real Sociedad,A,Zinédine Zidane,Eusebio Sacristán,1.0000,0.0000,3.0000,53.6683,52.3207,3.6769,19.9245,12.1339,0.3250,0.0000,11.6438,9.8182,0.3362,50.3226,55.9653,12.0000,1.0000,18.0000,1.1601,0.4464,1.1601,0.4464
3825878,2016-04-30,La Liga,2015/2016,36.0000,Atlético Madrid,Rayo Vallecano,H,Diego Simeone,Paco Jémez,1.0000,0.0000,3.0000,39.3570,37.0787,2.8932,23.5719,21.4765,0.4961,7.6923,8.9109,8.6739,0.3218,40.9091,52.7290,13.0000,1.0000,12.0000,0.7439,0.7872,0.7439,0.7872
3825878,2016-04-30,La Liga,2015/2016,36.0000,Rayo Vallecano,Atlético Madrid,A,Paco Jémez,Diego Simeone,0.0000,1.0000,0.0000,60.6430,62.9213,3.8203,21.7847,13.9059,0.3551,33.3333,9.5588,7.1944,0.6000,43.1925,52.7690,16.0000,1.0000,13.0000,0.7872,0.7439,0.7872,0.7439
3825845,2016-05-01,La Liga,2015/2016,36.0000,Espanyol,Sevilla,H,Constantin Gâlcă,Unai Emery,1.0000,0.0000,3.0000,41.2178,56.7164,3.4318,22.5727,18.8742,0.4292,0.0000,7.0423,7.6458,0.3127,41.4013,57.7800,18.0000,5.0000,12.0000,1.5070,0.3813,1.5070,0.3813
3825845,2016-05-01,La Liga,2015/2016,36.0000,Sevilla,Espanyol,A,Unai Emery,Constantin Gâlcă,0.0000,1.0000,0.0000,58.7822,43.2836,3.9911,21.3530,14.7651,0.3446,50.0000,11.1111,6.9000,0.3722,35.8779,48.2391,12.0000,0.0000,7.0000,0.3813,1.5070,0.3813,1.5070
3825870,2016-05-01,La Liga,2015/2016,36.0000,Athletic Club,Celta Vigo,H,Ernesto Valverde,Eduardo Berizzo,2.0000,1.0000,3.0000,55.8659,54.7264,4.5102,21.5064,15.1584,0.3845,0.0000,9.0909,7.7500,0.3696,45.8904,52.1262,9.0000,1.0000,11.0000,1.4150,0.4377,0.6315,0.4377
3825870,2016-05-01,La Liga,2015/2016,36.0000,Celta Vigo,Athletic Club,A,Eduardo Berizzo,Ernesto Valverde,1.0000,2.0000,0.0000,44.1341,45.2736,4.0233,23.0641,20.5202,0.4309,0.0000,8.1081,16.8500,0.2460,30.8943,46.0701,14.0000,0.0000,5.0000,0.4377,1.4150,0.4377,0.6315
3825873,2016-05-01,La Liga,2015/2016,36.0000,Valencia,Villarreal,H,Pako Ayestarán,Marcelino,0.0000,2.0000,0.0000,55.0000,69.1525,6.1183,20.9295,15.4657,0.2549,33.3333,12.0536,10.2973,0.3532,52.2472,54.2053,15.0000,0.0000,7.0000,0.3200,1.0445,0.3200,1.0445
3825873,2016-05-01,La Liga,2015/2016,36.0000,Villarreal,Valencia,A,Marcelino,Pako Ayestarán,2.0000,0.0000,3.0000,45.0000,30.8475,4.8696,20.1878,10.9375,0.2831,18.7500,7.6190,11.3667,0.2451,33.1126,47.8067,10.0000,1.0000,8.0000,1.0445,0.3200,1.0445,0.3200
3825894,2016-05-01,La Liga,2015/2016,36.0000,RC Deportivo La Coruña,Getafe,H,Víctor Sánchez,Juan Eduardo Esnáider Belén,0.0000,2.0000,0.0000,53.4584,70.3540,3.6389,20.6542,15.0127,0.3719,0.0000,7.4286,8.8235,0.4156,52.7273,59.0861,21.0000,1.0000,15.0000,0.6608,0.8519,0.6608,0.8519
3825894,2016-05-01,La Liga,2015/2016,36.0000,Getafe,RC Deportivo La Coruña,A,Juan Eduardo Esnáider Belén,Víctor Sánchez,2.0000,0.0000,3.0000,46.5416,29.6460,3.8242,21.6814,17.5287,0.3799,0.0000,10.9756,8.4828,0.4057,34.5946,42.5742,8.0000,0.0000,9.0000,0.8519,0.6608,0.8519,0.6608
3825855,2016-05-02,La Liga,2015/2016,36.0000,Málaga,Levante UD,H,Javi Gracia,Rubí,3.0000,1.0000,3.0000,57.6063,57.0000,4.2130,18.9294,9.0110,0.3594,0.0000,11.7647,9.7037,0.3193,35.5372,49.7183,15.0000,1.0000,24.0000,2.4141,1.8007,2.4141,1.8007
3825855,2016-05-02,La Liga,2015/2016,36.0000,Levante UD,Málaga,A,Rubí,Javi Gracia,1.0000,3.0000,0.0000,42.3937,43.0000,2.8785,23.4842,20.1299,0.4242,10.0000,8.2569,14.2800,0.2427,37.6000,50.1549,8.0000,0.0000,11.0000,1.8007,2.4141,1.8007,2.4141
265958,2016-05-08,La Liga,2015/2016,37.0000,Barcelona,Espanyol,H,Luis Enrique,Constantin Gâlcă,5.0000,0.0000,3.0000,66.9882,89.0830,5.5825,18.8819,9.5652,0.2212,100.0000,6.3927,7.4857,0.3474,52.3364,58.1516,14.0000,0.0000,14.0000,2.9267,0.4879,2.9267,0.4879
265958,2016-05-08,La Liga,2015/2016,37.0000,Espanyol,Barcelona,A,Constantin Gâlcă,Luis Enrique,0.0000,5.0000,0.0000,33.0118,10.9170,3.3077,19.2805,12.0155,0.3991,0.0000,11.9048,12.6429,0.2880,27.7778,39.8461,4.0000,0.0000,4.0000,0.4879,2.9267,0.4879,2.9267
3825850,2016-05-08,La Liga,2015/2016,37.0000,Celta Vigo,Málaga,H,Eduardo Berizzo,Javi Gracia,1.0000,0.0000,3.0000,55.5556,50.0000,5.4742,22.6712,15.8192,0.3064,0.0000,2.0548,10.2581,0.2716,37.3016,48.8420,11.0000,1.0000,12.0000,1.5683,0.8240,1.5683,0.8240
3825850,2016-05-08,La Liga,2015/2016,37.0000,Málaga,Celta Vigo,A,Javi Gracia,Eduardo Berizzo,0.0000,1.0000,0.0000,44.4444,50.0000,4.2680,19.7399,12.8019,0.4380,0.0000,6.6667,23.0526,0.2362,47.4453,45.5918,8.0000,0.0000,13.0000,0.8240,1.5683,0.8240,1.5683
3825851,2016-05-08,La Liga,2015/2016,37.0000,Villarreal,RC Deportivo La Coruña,H,Marcelino,Víctor Sánchez,0.0000,2.0000,0.0000,64.4269,81.1659,7.5432,21.2901,13.7480,0.2488,66.6667,9.0909,12.8636,0.2944,55.6604,55.8577,15.0000,1.0000,11.0000,0.6345,0.4432,0.6345,0.4432
3825851,2016-05-08,La Liga,2015/2016,37.0000,RC Deportivo La Coruña,Villarreal,A,Víctor Sánchez,Marcelino,2.0000,0.0000,3.0000,35.5731,18.8341,3.8072,25.7112,22.7848,0.3550,0.0000,1.4286,33.1667,0.2117,23.9130,34.1795,3.0000,1.0000,8.0000,0.4432,0.6345,0.4432,0.6345
3825853,2016-05-08,La Liga,2015/2016,37.0000,Sevilla,Granada,H,Unai Emery,José González,1.0000,4.0000,0.0000,60.4867,61.5894,4.1875,20.3372,10.6610,0.3172,50.0000,9.6491,6.9722,0.4282,45.8904,50.0821,10.0000,0.0000,12.0000,1.3032,1.9714,1.3032,1.1879
3825853,2016-05-08,La Liga,2015/2016,37.0000,Granada,Sevilla,A,José González,Unai Emery,4.0000,1.0000,3.0000,39.5133,38.4106,3.3034,22.6723,18.3673,0.4770,10.0000,5.3763,14.6071,0.3352,42.8571,47.9674,6.0000,1.0000,11.0000,1.9714,1.3032,1.1879,1.3032
3825860,2016-05-08,La Liga,2015/2016,37.0000,Levante UD,Atlético Madrid,H,Rubí,Diego Simeone,2.0000,1.0000,3.0000,54.4974,42.0195,5.1759,21.2861,13.5957,0.2909,26.6667,4.9689,16.1667,0.2984,39.6104,40.0309,6.0000,0.0000,11.0000,0.8251,1.4872,0.8251,1.4872
3825860,2016-05-08,La Liga,2015/2016,37.0000,Atlético Madrid,Levante UD,A,Diego Simeone,Rubí,1.0000,2.0000,0.0000,45.5026,57.9805,4.6765,18.4919,11.9497,0.3776,11.1111,11.7347,15.5172,0.3091,45.5497,48.4919,13.0000,3.0000,17.0000,1.4872,0.8251,1.4872,0.8251
3825861,2016-05-08,La Liga,2015/2016,37.0000,Real Sociedad,Rayo Vallecano,H,Eusebio Sacristán,Paco Jémez,2.0000,1.0000,3.0000,37.6980,27.9352,3.2967,22.2350,17.3333,0.4887,10.0000,9.7087,17.6190,0.3203,41.7989,40.7071,8.0000,1.0000,12.0000,1.3381,1.2937,1.3381,1.2937
3825861,2016-05-08,La Liga,2015/2016,37.0000,Rayo Vallecano,Real Sociedad,A,Paco Jémez,Eusebio Sacristán,1.0000,2.0000,0.0000,62.3020,72.0648,3.7914,19.9033,12.7135,0.3922,42.8571,15.5340,8.7241,0.3922,48.5714,54.6272,22.0000,3.0000,17.0000,1.2937,1.3381,1.2937,1.3381
3825865,2016-05-08,La Liga,2015/2016,37.0000,Getafe,Sporting Gijón,H,Juan Eduardo Esnáider Belén,Abelardo,1.0000,1.0000,1.0000,57.9276,69.5238,3.5044,21.5135,13.8889,0.3869,28.5714,8.3333,10.4167,0.4421,44.2953,53.6458,15.0000,0.0000,19.0000,1.4017,0.6118,1.4017,0.6118
3825865,2016-05-08,La Liga,2015/2016,37.0000,Sporting Gijón,Getafe,A,Abelardo,Juan Eduardo Esnáider Belén,1.0000,1.0000,1.0000,42.0724,30.4762,3.0968,22.5743,16.3194,0.4747,0.0000,15.1163,9.7143,0.3901,25.4144,40.9069,3.0000,2.0000,9.0000,0.6118,1.4017,0.6118,1.4017
3825866,2016-05-08,La Liga,2015/2016,37.0000,Las Palmas,Athletic Club,H,Quique Setién,Ernesto Valverde,0.0000,0.0000,1.0000,60.0000,33.4975,4.8846,20.4175,11.3386,0.2889,28.5714,2.9126,19.0667,0.3537,38.8889,38.6053,2.0000,0.0000,4.0000,0.1868,0.3818,0.1868,0.3818
3825866,2016-05-08,La Liga,2015/2016,37.0000,Athletic Club,Las Palmas,A,Ernesto Valverde,Quique Setién,0.0000,0.0000,1.0000,40.0000,66.5025,4.4409,21.3528,15.9806,0.3705,25.0000,10.1266,11.3529,0.2664,57.9235,54.7288,12.0000,0.0000,9.0000,0.3818,0.1868,0.3818,0.1868
3825901,2016-05-08,La Liga,2015/2016,37.0000,Real Madrid,Valencia,H,Zinédine Zidane,Pako Ayestarán,3.0000,2.0000,3.0000,47.3510,40.9594,4.7818,19.2207,10.4563,0.2564,33.3333,12.8000,17.4783,0.2327,34.4595,52.2061,10.0000,0.0000,15.0000,2.1085,1.8298,2.1085,1.8298
3825901,2016-05-08,La Liga,2015/2016,37.0000,Valencia,Real Madrid,A,Pako Ayestarán,Zinédine Zidane,2.0000,3.0000,0.0000,52.6490,59.0406,5.8317,18.1331,8.1494,0.2226,42.8571,9.7143,16.3600,0.2570,36.0544,47.4520,13.0000,0.0000,17.0000,1.8298,2.1085,1.8298,2.1085
3825904,2016-05-08,La Liga,2015/2016,37.0000,Eibar,Real Betis,H,José Luis Mendilibar,Juan Merino,1.0000,1.0000,1.0000,58.3969,77.6316,5.0636,22.1971,15.7989,0.2876,0.0000,10.2941,10.1667,0.4197,59.0164,63.4267,25.0000,0.0000,22.0000,2.3933,1.0605,2.3933,1.0605
3825904,2016-05-08,La Liga,2015/2016,37.0000,Real Betis,Eibar,A,Juan Merino,José Luis Mendilibar,1.0000,1.0000,1.0000,41.6031,22.3684,3.8557,21.7693,17.3797,0.3831,12.5000,7.4627,25.2667,0.3007,26.6304,37.5152,2.0000,0.0000,6.0000,1.0605,2.3933,1.0605,2.3933
3825849,2016-05-13,La Liga,2015/2016,38.0000,Valencia,Real Sociedad,H,Pako Ayestarán,Eusebio Sacristán,0.0000,1.0000,0.0000,50.7261,44.7917,3.8727,20.3512,12.9108,0.3060,0.0000,4.7170,9.5882,0.4021,49.7382,51.6196,12.0000,0.0000,8.0000,0.8070,1.0395,0.8070,1.0395
3825849,2016-05-13,La Liga,2015/2016,38.0000,Real Sociedad,Valencia,A,Eusebio Sacristán,Pako Ayestarán,1.0000,0.0000,3.0000,49.2739,55.2083,4.0865,20.7956,14.8235,0.3686,11.1111,10.9489,9.6486,0.3701,48.6188,54.5480,20.0000,0.0000,15.0000,1.0395,0.8070,1.0395,0.8070
267506,2016-05-14,La Liga,2015/2016,38.0000,Granada,Barcelona,H,José González,Luis Enrique,0.0000,3.0000,0.0000,34.6872,27.0718,3.4937,21.9340,18.1159,0.4446,0.0000,10.9375,16.9167,0.2286,38.9706,42.3457,10.0000,1.0000,7.0000,0.5086,2.4189,0.5086,2.4189
267506,2016-05-14,La Liga,2015/2016,38.0000,Barcelona,Granada,A,Luis Enrique,José González,3.0000,0.0000,3.0000,65.3128,72.9282,6.6829,21.1037,13.5036,0.2109,50.0000,11.8421,8.9630,0.4304,43.3824,49.6154,10.0000,2.0000,12.0000,2.4189,0.5086,2.4189,0.5086
3825846,2016-05-14,La Liga,2015/2016,38.0000,RC Deportivo La Coruña,Real Madrid,H,Víctor Sánchez,Zinédine Zidane,0.0000,2.0000,0.0000,41.1963,40.3333,4.8261,18.6112,9.6847,0.2780,0.0000,5.2239,13.5455,0.2106,36.7347,43.6759,9.0000,0.0000,10.0000,0.8122,1.8350,0.8122,1.8350
3825846,2016-05-14,La Liga,2015/2016,38.0000,Real Madrid,RC Deportivo La Coruña,A,Zinédine Zidane,Víctor Sánchez,2.0000,0.0000,3.0000,58.8037,59.6667,8.1605,18.7751,8.6233,0.2246,40.0000,10.2564,9.5882,0.3456,43.1953,58.9971,24.0000,0.0000,16.0000,1.8350,0.8122,1.8350,0.8122
3825869,2016-05-14,La Liga,2015/2016,38.0000,Athletic Club,Sevilla,H,Ernesto Valverde,Unai Emery,3.0000,1.0000,3.0000,56.5606,70.2128,4.8889,20.9450,11.5530,0.2457,0.0000,7.2848,9.2308,0.3432,64.0000,60.6206,15.0000,1.0000,14.0000,1.8295,1.2351,1.8295,1.2351
3825869,2016-05-14,La Liga,2015/2016,38.0000,Sevilla,Athletic Club,A,Unai Emery,Ernesto Valverde,1.0000,3.0000,0.0000,43.4394,29.7872,4.3222,21.7271,13.8817,0.2897,50.0000,10.5263,14.6538,0.2759,36.9427,40.2500,5.0000,0.0000,8.0000,1.2351,1.8295,1.2351,1.8295
3825882,2016-05-14,La Liga,2015/2016,38.0000,Atlético Madrid,Celta Vigo,H,Diego Simeone,Eduardo Berizzo,2.0000,0.0000,3.0000,46.1751,61.1111,4.4851,18.0329,11.0375,0.4182,40.0000,6.8783,11.1538,0.2363,44.2029,53.6021,20.0000,2.0000,11.0000,1.3684,0.4551,1.3684,0.4551
3825882,2016-05-14,La Liga,2015/2016,38.0000,Celta Vigo,Atlético Madrid,A,Eduardo Berizzo,Diego Simeone,0.0000,2.0000,0.0000,53.8249,38.8889,5.0571,20.0310,10.3578,0.3032,28.5714,5.0360,9.9643,0.3573,33.5196,43.1860,9.0000,0.0000,7.0000,0.4551,1.3684,0.4551,1.3684
3825876,2016-05-15,La Liga,2015/2016,38.0000,Real Betis,Getafe,H,Juan Merino,Juan Eduardo Esnáider Belén,2.0000,1.0000,3.0000,59.2672,50.2488,4.7184,19.2866,12.9630,0.3083,27.2727,10.5263,10.2083,0.3730,30.4965,43.8465,3.0000,0.0000,7.0000,1.7041,1.3897,0.9206,1.3897
3825876,2016-05-15,La Liga,2015/2016,38.0000,Getafe,Real Betis,A,Juan Eduardo Esnáider Belén,Juan Merino,1.0000,2.0000,0.0000,40.7328,49.7512,3.7556,22.9703,21.3018,0.3855,33.3333,14.0625,10.8947,0.2855,56.0510,53.2653,10.0000,0.0000,14.0000,1.3897,1.7041,1.3897,0.9206
3825883,2016-05-15,La Liga,2015/2016,38.0000,Málaga,Las Palmas,H,Javi Gracia,Quique Setién,4.0000,1.0000,3.0000,36.3918,45.0593,3.5506,20.3235,12.9747,0.4025,0.0000,9.7015,10.0732,0.2447,49.0066,55.8855,18.0000,1.0000,14.0000,2.1734,1.6790,1.3899,1.6790
3825883,2016-05-15,La Liga,2015/2016,38.0000,Las Palmas,Málaga,A,Quique Setién,Javi Gracia,1.0000,4.0000,0.0000,63.6082,54.9407,5.7500,19.2262,10.2609,0.2427,0.0000,6.0606,10.4762,0.2946,33.6538,47.3513,9.0000,0.0000,12.0000,1.6790,2.1734,1.6790,1.3899
3825900,2016-05-15,La Liga,2015/2016,38.0000,Sporting Gijón,Villarreal,H,Abelardo,Marcelino,2.0000,0.0000,3.0000,52.3766,68.2051,5.7340,22.0357,12.8015,0.2285,0.0000,12.5000,12.5588,0.2994,51.9231,53.5655,14.0000,0.0000,16.0000,1.7171,0.7035,1.7171,0.7035
3825900,2016-05-15,La Liga,2015/2016,38.0000,Villarreal,Sporting Gijón,A,Marcelino,Abelardo,0.0000,2.0000,0.0000,47.6234,31.7949,5.3778,20.9622,10.5372,0.2472,37.5000,2.1978,20.9474,0.1815,43.2692,48.5688,7.0000,0.0000,11.0000,0.7035,1.7171,0.7035,1.7171
3825902,2016-05-15,La Liga,2015/2016,38.0000,Rayo Vallecano,Levante UD,H,Paco Jémez,Rubí,3.0000,1.0000,3.0000,55.1060,60.0000,5.2200,21.6168,15.3257,0.2859,40.0000,9.3750,10.0270,0.3433,50.6250,48.3954,9.0000,1.0000,19.0000,1.8557,1.6027,1.8557,0.8192
3825902,2016-05-15,La Liga,2015/2016,38.0000,Levante UD,Rayo Vallecano,A,Rubí,Paco Jémez,1.0000,3.0000,0.0000,44.8940,40.0000,3.5893,24.0868,18.6567,0.3430,28.5714,12.3711,21.9474,0.2675,45.0980,52.4163,12.0000,1.0000,11.0000,1.6027,1.8557,0.8192,1.8557
3825908,2016-05-15,La Liga,2015/2016,38.0000,Espanyol,Eibar,H,Constantin Gâlcă,José Luis Mendilibar,4.0000,2.0000,3.0000,50.5735,48.8263,4.6316,20.5494,15.0000,0.4576,25.0000,9.2437,17.1579,0.2848,49.6296,46.3042,6.0000,1.0000,10.0000,2.1673,2.1125,2.1673,1.3290
3825908,2016-05-15,La Liga,2015/2016,38.0000,Eibar,Espanyol,A,José Luis Mendilibar,Constantin Gâlcă,2.0000,4.0000,0.0000,49.4265,51.1737,4.0189,22.9387,18.3099,0.3815,0.0000,10.2740,8.5854,0.3567,52.0231,56.9375,19.0000,0.0000,13.0000,2.1125,2.1673,1.3290,2.1673
3829413,2015-08-07,Ligue 1,2015/2016,1.0000,Lille,Paris Saint-Germain,H,Hervé Renard,Laurent Blanc,0.0000,1.0000,0.0000,51.9957,63.9594,4.8352,19.3500,10.9091,0.2920,71.4286,7.0423,9.2105,0.2966,52.2727,55.9709,15.0000,0.0000,12.0000,0.6566,1.4152,0.6566,1.4152
3829413,2015-08-07,Ligue 1,2015/2016,1.0000,Paris Saint-Germain,Lille,A,Laurent Blanc,Hervé Renard,1.0000,0.0000,3.0000,48.0043,36.0406,4.7024,18.4118,9.8734,0.2770,12.5000,13.0435,12.6250,0.2178,26.6667,47.8337,11.0000,0.0000,6.0000,1.4152,0.6566,1.4152,0.6566
3829414,2015-08-08,Ligue 1,2015/2016,1.0000,Olympique de Marseille,Stade Malherbe Caen,H,Marcelo Bielsa,Patrice Garande,0.0000,1.0000,0.0000,68.6499,72.6852,4.7589,20.7457,11.0694,0.3487,80.0000,8.1871,6.6897,0.4562,47.2000,56.2685,20.0000,0.0000,18.0000,1.8231,0.6159,1.8231,0.6159
3829414,2015-08-08,Ligue 1,2015/2016,1.0000,Stade Malherbe Caen,Olympique de Marseille,A,Patrice Garande,Marcelo Bielsa,1.0000,0.0000,3.0000,31.3501,27.3148,2.2903,22.9371,18.7793,0.5537,0.0000,8.2192,14.6296,0.2933,40.3409,48.5565,10.0000,1.0000,8.0000,0.6159,1.8231,0.6159,1.8231
3829415,2015-08-08,Ligue 1,2015/2016,1.0000,Bastia,Rennes,H,Ghislain Printant,Philippe Jacques William Montanier,2.0000,1.0000,3.0000,49.2451,66.2651,3.4904,22.3096,16.8044,0.4399,0.0000,11.4286,9.4324,0.3021,52.2727,57.4009,12.0000,2.0000,11.0000,0.5423,0.5878,0.5423,0.5878
3829415,2015-08-08,Ligue 1,2015/2016,1.0000,Rennes,Bastia,A,Philippe Jacques William Montanier,Ghislain Printant,1.0000,2.0000,0.0000,50.7549,33.7349,4.0213,21.6134,17.1958,0.3871,0.0000,5.3191,7.8857,0.4080,36.4162,45.5743,5.0000,0.0000,6.0000,0.5878,0.5423,0.5878,0.5423
3829416,2015-08-08,Ligue 1,2015/2016,1.0000,OGC Nice,AS Monaco,H,Claude Puel,Leonardo Jardim,1.0000,2.0000,0.0000,42.5000,27.3543,3.9310,19.5684,11.4035,0.3556,0.0000,4.0541,13.0417,0.3006,24.5283,41.5162,6.0000,0.0000,6.0000,0.7026,3.3197,0.7026,3.3197
3829416,2015-08-08,Ligue 1,2015/2016,1.0000,AS Monaco,OGC Nice,A,Leonardo Jardim,Claude Puel,2.0000,1.0000,3.0000,57.5000,72.6457,4.8367,20.5559,12.6582,0.3133,40.0000,10.6145,6.5745,0.3887,57.2368,58.6818,11.0000,1.0000,17.0000,3.3197,0.7026,3.3197,0.7026
3829417,2015-08-08,Ligue 1,2015/2016,1.0000,Troyes,Gazélec Ajaccio,H,Jean-Marc Furlan,Thierry Laurey,0.0000,0.0000,1.0000,53.6981,68.2609,4.4579,22.7723,17.4004,0.3356,28.5714,9.2391,12.8929,0.3348,54.2484,52.7606,16.0000,0.0000,13.0000,0.6250,1.0350,0.6250,0.2515
3829417,2015-08-08,Ligue 1,2015/2016,1.0000,Gazélec Ajaccio,Troyes,A,Thierry Laurey,Jean-Marc Furlan,0.0000,0.0000,1.0000,46.3019,31.7391,4.3871,22.8673,18.6275,0.3298,0.0000,11.2245,30.6364,0.3736,35.3535,35.3872,3.0000,0.0000,7.0000,1.0350,0.6250,0.2515,0.6250
3829418,2015-08-08,Ligue 1,2015/2016,1.0000,Nantes,Guingamp,H,Michel Der Zakarian,Jocelyn Gourvennec,1.0000,0.0000,3.0000,56.3231,56.2500,4.3091,22.2525,15.8228,0.3477,25.0000,6.8182,10.2333,0.3917,45.3416,52.2611,9.0000,0.0000,10.0000,0.3476,0.2876,0.3476,0.2876
3829418,2015-08-08,Ligue 1,2015/2016,1.0000,Guingamp,Nantes,A,Jocelyn Gourvennec,Michel Der Zakarian,0.0000,1.0000,0.0000,43.6769,43.7500,3.7917,21.0354,15.3846,0.4582,0.0000,5.9406,14.6667,0.4019,38.9671,45.4797,6.0000,0.0000,10.0000,0.2876,0.3476,0.2876,0.3476
3829419,2015-08-08,Ligue 1,2015/2016,1.0000,Montpellier,Angers,H,Rolland Courbis,Stéphane Moulin,0.0000,2.0000,0.0000,62.5541,65.3846,5.0980,20.3851,13.0769,0.3190,28.5714,6.2500,13.5789,0.3497,42.1488,48.1807,13.0000,0.0000,11.0000,0.8942,1.3600,0.8942,1.3600
3829419,2015-08-08,Ligue 1,2015/2016,1.0000,Angers,Montpellier,A,Stéphane Moulin,Rolland Courbis,2.0000,0.0000,3.0000,37.4459,34.6154,3.2198,21.4013,15.6997,0.4513,0.0000,5.8140,13.3333,0.4394,35.4331,46.5897,13.0000,1.0000,16.0000,1.3600,0.8942,1.3600,0.8942
3829420,2015-08-09,Ligue 1,2015/2016,1.0000,Bordeaux,Stade de Reims,H,Willy Sagnol,Olivier Guégan,1.0000,2.0000,0.0000,49.9483,51.4706,4.0980,20.4894,14.1148,0.3625,0.0000,6.5934,10.4324,0.3533,50.8772,56.7588,20.0000,1.0000,13.0000,0.8882,2.0549,0.8882,2.0549
3829420,2015-08-09,Ligue 1,2015/2016,1.0000,Stade de Reims,Bordeaux,A,Olivier Guégan,Willy Sagnol,2.0000,1.0000,3.0000,50.0517,48.5294,4.2178,22.0217,17.1362,0.3309,36.3636,3.9604,16.0000,0.3458,36.5269,48.7851,13.0000,1.0000,14.0000,2.0549,0.8882,2.0549,0.8882
3829421,2015-08-09,Ligue 1,2015/2016,1.0000,Toulouse,Saint-Étienne,H,Dominique Arribagé,Christophe Galtier,2.0000,1.0000,3.0000,46.3489,56.0510,4.4194,20.5937,12.1655,0.3776,0.0000,10.0000,20.3333,0.3100,43.9024,48.8921,9.0000,0.0000,9.0000,0.4130,0.6251,0.4130,0.6251
3829421,2015-08-09,Ligue 1,2015/2016,1.0000,Saint-Étienne,Toulouse,A,Christophe Galtier,Dominique Arribagé,1.0000,2.0000,0.0000,53.6511,43.9490,4.6176,22.7994,15.7113,0.3278,40.0000,6.3063,16.9500,0.3786,42.1965,39.0670,4.0000,1.0000,12.0000,0.6251,0.4130,0.6251,0.4130
3829422,2015-08-09,Ligue 1,2015/2016,1.0000,Lyon,Lorient,H,Hubert Fournier,Sylvain Ripoll,0.0000,0.0000,1.0000,65.0135,78.5366,6.8163,19.8845,9.2814,0.2225,60.0000,3.8043,15.3500,0.3840,46.9799,58.2876,22.0000,0.0000,22.0000,1.3514,0.5745,1.3514,0.5745
3829422,2015-08-09,Ligue 1,2015/2016,1.0000,Lorient,Lyon,A,Sylvain Ripoll,Hubert Fournier,0.0000,0.0000,1.0000,34.9865,21.4634,4.1687,20.4511,14.1618,0.2789,0.0000,3.0303,31.3750,0.3010,24.8848,41.0782,3.0000,0.0000,10.0000,0.5745,1.3514,0.5745,1.3514
3829423,2015-08-14,Ligue 1,2015/2016,2.0000,AS Monaco,Lille,H,Leonardo Jardim,Hervé Renard,0.0000,0.0000,1.0000,62.2703,54.6341,5.2828,21.3983,12.8107,0.3032,80.0000,7.4830,7.2500,0.4011,39.2857,53.1076,13.0000,0.0000,7.0000,0.6042,0.9217,0.6042,0.9217
3829423,2015-08-14,Ligue 1,2015/2016,2.0000,Lille,AS Monaco,A,Hervé Renard,Leonardo Jardim,0.0000,0.0000,1.0000,37.7297,45.3659,2.7549,19.7341,12.4555,0.4648,33.3333,8.3333,15.7037,0.3229,25.2688,47.2938,12.0000,0.0000,10.0000,0.9217,0.6042,0.9217,0.6042
3829424,2015-08-15,Ligue 1,2015/2016,2.0000,Saint-Étienne,Bordeaux,H,Christophe Galtier,Willy Sagnol,1.0000,1.0000,1.0000,46.8134,38.3784,3.8478,24.3634,20.9040,0.4388,9.0909,6.3063,11.4074,0.3115,36.3636,47.5074,7.0000,1.0000,7.0000,0.7076,1.3928,0.7076,1.3928
3829424,2015-08-15,Ligue 1,2015/2016,2.0000,Bordeaux,Saint-Étienne,A,Willy Sagnol,Christophe Galtier,1.0000,1.0000,1.0000,53.1866,61.6216,4.2000,21.5437,15.0376,0.4370,0.0000,8.1481,9.8333,0.3490,49.6454,52.0980,14.0000,0.0000,18.0000,1.3928,0.7076,1.3928,0.7076
3829425,2015-08-15,Ligue 1,2015/2016,2.0000,Angers,Nantes,H,Stéphane Moulin,Michel Der Zakarian,0.0000,0.0000,1.0000,48.3654,47.9532,4.4600,21.2834,15.0224,0.3721,0.0000,8.4746,16.6800,0.3110,52.0958,52.1821,14.0000,0.0000,10.0000,0.2613,0.0634,0.2613,0.0634
3829425,2015-08-15,Ligue 1,2015/2016,2.0000,Nantes,Angers,A,Michel Der Zakarian,Stéphane Moulin,0.0000,0.0000,1.0000,51.6346,52.0468,4.8200,23.7162,18.8797,0.3529,40.0000,6.6667,12.6333,0.3340,34.5238,45.0971,4.0000,0.0000,2.0000,0.0634,0.2613,0.0634,0.2613
3829426,2015-08-15,Ligue 1,2015/2016,2.0000,Guingamp,Lyon,H,Jocelyn Gourvennec,Hubert Fournier,0.0000,1.0000,0.0000,38.2527,50.2762,2.5192,20.5918,16.0305,0.5711,0.0000,11.7647,14.8077,0.3537,38.9189,48.5587,12.0000,0.0000,11.0000,0.7908,0.6176,0.7908,0.6176
3829426,2015-08-15,Ligue 1,2015/2016,2.0000,Lyon,Guingamp,A,Hubert Fournier,Jocelyn Gourvennec,1.0000,0.0000,3.0000,61.7473,49.7238,4.9479,19.8094,10.9474,0.3688,57.1429,6.5041,7.6429,0.3210,45.1923,54.5594,11.0000,1.0000,11.0000,0.6176,0.7908,0.6176,0.7908
3829427,2015-08-15,Ligue 1,2015/2016,2.0000,Troyes,OGC Nice,H,Jean-Marc Furlan,Claude Puel,3.0000,3.0000,1.0000,43.6983,57.2727,4.6304,23.4126,16.4319,0.2902,25.0000,9.7222,15.3667,0.2271,37.4101,47.9600,5.0000,1.0000,10.0000,1.2988,2.0973,1.2988,1.3138
3829427,2015-08-15,Ligue 1,2015/2016,2.0000,OGC Nice,Troyes,A,Claude Puel,Jean-Marc Furlan,3.0000,3.0000,1.0000,56.3017,42.7273,7.4342,17.8472,7.7876,0.1746,45.4545,11.3208,15.2381,0.3137,33.5570,48.8724,7.0000,1.0000,17.0000,2.0973,1.2988,1.3138,1.2988
3829428,2015-08-15,Ligue 1,2015/2016,2.0000,Stade Malherbe Caen,Toulouse,H,Patrice Garande,Dominique Arribagé,1.0000,0.0000,3.0000,42.4571,46.7593,3.9717,20.7651,12.5891,0.3837,20.0000,13.7405,15.3125,0.2622,47.3054,51.8068,16.0000,1.0000,9.0000,1.1925,1.2695,1.1925,1.2695
3829428,2015-08-15,Ligue 1,2015/2016,2.0000,Toulouse,Stade Malherbe Caen,A,Dominique Arribagé,Patrice Garande,0.0000,1.0000,0.0000,57.5429,53.2407,4.5726,20.1938,10.7584,0.3186,22.2222,5.7554,12.1852,0.3936,43.2432,52.3349,13.0000,2.0000,13.0000,1.2695,1.1925,1.2695,1.1925
3829429,2015-08-15,Ligue 1,2015/2016,2.0000,Rennes,Montpellier,H,Philippe Jacques William Montanier,Rolland Courbis,1.0000,0.0000,3.0000,47.3634,40.4000,4.0183,20.7460,14.6119,0.4179,14.2857,10.8333,11.3448,0.4189,30.8696,46.9761,4.0000,0.0000,10.0000,0.8424,0.1796,0.8424,0.1796
3829429,2015-08-15,Ligue 1,2015/2016,2.0000,Montpellier,Rennes,A,Rolland Courbis,Philippe Jacques William Montanier,0.0000,1.0000,0.0000,52.6366,59.6000,4.7500,19.4056,11.7409,0.3498,0.0000,7.8212,11.6452,0.3664,47.5138,48.5721,12.0000,0.0000,4.0000,0.1796,0.8424,0.1796,0.8424
3829430,2015-08-16,Ligue 1,2015/2016,2.0000,Stade de Reims,Olympique de Marseille,H,Olivier Guégan,Franck Passi,1.0000,0.0000,3.0000,39.9333,42.7746,3.4505,20.7091,12.1019,0.4114,0.0000,8.7500,12.9667,0.3630,32.6531,43.1638,7.0000,0.0000,16.0000,1.2535,0.5267,1.2535,0.5267
3829430,2015-08-16,Ligue 1,2015/2016,2.0000,Olympique de Marseille,Stade de Reims,A,Franck Passi,Olivier Guégan,0.0000,1.0000,0.0000,0.0000,0.0000,,,,,,,,0.0000,,,0.0000,0.0000,0.0000,0.0000,1.7802,0.0000,1.7802
3829431,2015-08-16,Ligue 1,2015/2016,2.0000,Lorient,Bastia,H,Sylvain Ripoll,Ghislain Printant,1.0000,1.0000,1.0000,67.2481,74.0196,5.9259,20.7215,12.3438,0.3261,42.8571,7.3892,12.1818,0.3373,52.6316,50.4322,8.0000,0.0000,12.0000,1.5192,1.6653,0.7357,1.6653
3829431,2015-08-16,Ligue 1,2015/2016,2.0000,Bastia,Lorient,A,Ghislain Printant,Sylvain Ripoll,1.0000,1.0000,1.0000,32.7519,25.9804,3.0860,24.5129,21.2544,0.5183,0.0000,3.4483,20.7826,0.2925,22.6601,38.4536,3.0000,1.0000,7.0000,1.6653,1.5192,1.6653,0.7357
3829432,2015-08-16,Ligue 1,2015/2016,2.0000,Paris Saint-Germain,Gazélec Ajaccio,H,Laurent Blanc,Thierry Laurey,2.0000,0.0000,3.0000,69.3220,75.0000,9.1412,18.7050,7.7220,0.1971,100.0000,11.9497,11.8800,0.2928,48.1132,58.5771,18.0000,0.0000,18.0000,1.2587,0.2037,1.2587,0.2037
3829432,2015-08-16,Ligue 1,2015/2016,2.0000,Gazélec Ajaccio,Paris Saint-Germain,A,Thierry Laurey,Laurent Blanc,0.0000,2.0000,0.0000,30.6780,25.0000,3.8293,22.4505,14.6497,0.3508,0.0000,7.9365,32.8947,0.2323,30.5263,41.8033,3.0000,0.0000,8.0000,0.2037,1.2587,0.2037,1.2587
3829433,2015-08-21,Ligue 1,2015/2016,3.0000,Montpellier,Paris Saint-Germain,H,Rolland Courbis,Laurent Blanc,0.0000,1.0000,0.0000,36.5368,51.0000,4.2472,20.6524,13.4921,0.3487,0.0000,4.8387,19.4000,0.3561,48.2759,49.1226,9.0000,1.0000,10.0000,0.3933,0.7661,0.3933,0.7661
3829433,2015-08-21,Ligue 1,2015/2016,3.0000,Paris Saint-Germain,Montpellier,A,Laurent Blanc,Rolland Courbis,1.0000,0.0000,3.0000,63.4632,49.0000,6.6667,19.7237,10.8824,0.2140,45.4545,7.8740,12.1739,0.3531,26.8456,49.2938,9.0000,0.0000,9.0000,0.7661,0.3933,0.7661,0.3933
3829434,2015-08-22,Ligue 1,2015/2016,3.0000,Bastia,Guingamp,H,Ghislain Printant,Jocelyn Gourvennec,3.0000,0.0000,3.0000,46.0424,44.3038,3.4563,22.2035,14.8876,0.4235,0.0000,7.8652,17.8000,0.2769,26.1194,43.5187,8.0000,1.0000,10.0000,0.9139,1.2226,0.9139,1.2226
3829434,2015-08-22,Ligue 1,2015/2016,3.0000,Guingamp,Bastia,A,Jocelyn Gourvennec,Ghislain Printant,0.0000,3.0000,0.0000,53.9576,55.6962,4.1635,19.9537,11.7783,0.4483,0.0000,6.8182,11.4815,0.3414,43.2624,52.0330,11.0000,0.0000,15.0000,1.2226,0.9139,1.2226,0.9139
3829435,2015-08-22,Ligue 1,2015/2016,3.0000,Lyon,Rennes,H,Hubert Fournier,Philippe Jacques William Montanier,1.0000,2.0000,0.0000,66.2285,75.4808,5.9208,20.0851,9.0301,0.2540,71.4286,7.0270,9.6538,0.4671,49.3590,60.8226,15.0000,1.0000,15.0000,0.7017,0.5138,0.7017,0.5138
3829435,2015-08-22,Ligue 1,2015/2016,3.0000,Rennes,Lyon,A,Philippe Jacques William Montanier,Hubert Fournier,2.0000,1.0000,3.0000,33.7715,24.5192,3.0215,20.3139,14.5907,0.3607,0.0000,4.7619,21.2857,0.2901,37.3684,44.0805,5.0000,0.0000,6.0000,0.5138,0.7017,0.5138,0.7017
3829436,2015-08-22,Ligue 1,2015/2016,3.0000,Nantes,Stade de Reims,H,Michel Der Zakarian,Olivier Guégan,1.0000,0.0000,3.0000,50.5576,56.0000,5.6222,20.7794,12.6482,0.3369,28.5714,12.8205,16.1923,0.2444,50.7692,50.5979,6.0000,1.0000,13.0000,1.0621,0.2139,1.0621,0.2139
3829436,2015-08-22,Ligue 1,2015/2016,3.0000,Stade de Reims,Nantes,A,Olivier Guégan,Michel Der Zakarian,0.0000,1.0000,0.0000,49.4424,44.0000,4.8200,21.6130,14.3154,0.3524,11.1111,4.6296,15.1852,0.3180,39.3064,43.4582,7.0000,0.0000,2.0000,0.2139,1.0621,0.2139,1.0621
3829437,2015-08-22,Ligue 1,2015/2016,3.0000,Gazélec Ajaccio,Angers,H,Thierry Laurey,Stéphane Moulin,0.0000,2.0000,0.0000,66.8867,69.6335,5.4314,23.6445,16.0650,0.3448,50.0000,10.0000,7.1250,0.4485,49.6296,49.7477,10.0000,0.0000,8.0000,0.7756,0.7505,0.7756,0.7505
3829437,2015-08-22,Ligue 1,2015/2016,3.0000,Angers,Gazélec Ajaccio,A,Stéphane Moulin,Thierry Laurey,2.0000,0.0000,3.0000,33.1133,30.3665,2.6630,21.0998,15.5102,0.5854,0.0000,10.3896,21.1500,0.3043,35.6757,48.9364,8.0000,0.0000,10.0000,0.7505,0.7756,0.7505,0.7756
3829438,2015-08-22,Ligue 1,2015/2016,3.0000,OGC Nice,Stade Malherbe Caen,H,Claude Puel,Patrice Garande,2.0000,1.0000,3.0000,64.6252,48.4375,5.8364,19.5062,8.2555,0.2336,8.3333,5.0420,15.0588,0.3101,35.0000,46.4079,6.0000,0.0000,7.0000,0.7632,1.0264,0.7632,1.0264
3829438,2015-08-22,Ligue 1,2015/2016,3.0000,Stade Malherbe Caen,OGC Nice,A,Patrice Garande,Claude Puel,1.0000,2.0000,0.0000,0.0000,0.0000,,,,,,,,0.0000,,,0.0000,0.0000,0.0000,0.0000,1.7896,0.0000,1.7896
3829439,2015-08-22,Ligue 1,2015/2016,3.0000,Toulouse,AS Monaco,H,Dominique Arribagé,Leonardo Jardim,1.0000,1.0000,1.0000,42.7235,40.3941,3.6458,19.0437,11.7143,0.3585,0.0000,10.7843,13.1724,0.2160,29.4118,52.4851,9.0000,0.0000,11.0000,1.4981,1.0560,1.4981,1.0560
3829439,2015-08-22,Ligue 1,2015/2016,3.0000,AS Monaco,Toulouse,A,Leonardo Jardim,Dominique Arribagé,1.0000,1.0000,1.0000,57.2765,59.6059,4.6038,20.5857,13.1148,0.3204,30.0000,9.0278,12.4167,0.3479,47.5524,47.6386,7.0000,0.0000,14.0000,1.0560,1.4981,1.0560,1.4981
3829440,2015-08-23,Ligue 1,2015/2016,3.0000,Lorient,Saint-Étienne,H,Sylvain Ripoll,Christophe Galtier,0.0000,1.0000,0.0000,36.5679,36.1702,2.9510,21.4131,14.6179,0.4552,14.2857,5.8824,28.5625,0.1755,31.1927,44.9939,9.0000,1.0000,10.0000,0.6532,1.5978,0.6532,1.5978
3829440,2015-08-23,Ligue 1,2015/2016,3.0000,Saint-Étienne,Lorient,A,Christophe Galtier,Sylvain Ripoll,1.0000,0.0000,3.0000,63.4321,63.8298,5.7426,19.5981,9.4828,0.3665,66.6667,10.7143,7.3243,0.4665,55.0898,53.4478,11.0000,1.0000,11.0000,1.5978,0.6532,1.5978,0.6532
3829441,2015-08-23,Ligue 1,2015/2016,3.0000,Olympique de Marseille,Troyes,H,Míchel,Jean-Marc Furlan,6.0000,0.0000,3.0000,55.2529,58.8542,6.1905,20.0167,9.8077,0.2340,83.3333,14.9606,17.1000,0.3174,43.8356,57.0302,21.0000,1.0000,16.0000,3.5067,0.3413,3.5067,0.3413
3829441,2015-08-23,Ligue 1,2015/2016,3.0000,Troyes,Olympique de Marseille,A,Jean-Marc Furlan,Míchel,0.0000,6.0000,0.0000,44.7471,41.1458,5.0370,21.1331,9.5588,0.2519,30.0000,9.1954,14.9286,0.2447,35.2518,44.5062,7.0000,0.0000,6.0000,0.3413,3.5067,0.3413,3.5067
3829442,2015-08-23,Ligue 1,2015/2016,3.0000,Lille,Bordeaux,H,Hervé Renard,Willy Sagnol,0.0000,0.0000,1.0000,53.6108,49.7409,3.4537,20.1053,12.8686,0.3331,18.1818,10.3774,9.1429,0.2823,43.9252,54.0181,16.0000,0.0000,17.0000,1.3219,0.9303,1.3219,0.9303
3829442,2015-08-23,Ligue 1,2015/2016,3.0000,Bordeaux,Lille,A,Willy Sagnol,Hervé Renard,0.0000,0.0000,1.0000,46.3892,50.2591,3.2727,19.6656,15.1235,0.4170,0.0000,11.2150,8.3514,0.4384,42.7083,48.4269,11.0000,0.0000,12.0000,0.9303,1.3219,0.9303,1.3219
3829443,2015-08-28,Ligue 1,2015/2016,4.0000,Guingamp,Olympique de Marseille,H,Jocelyn Gourvennec,Míchel,2.0000,0.0000,3.0000,37.1795,37.3494,3.0333,21.0629,14.2857,0.4531,0.0000,3.4091,15.8400,0.3098,47.3054,51.1667,10.0000,2.0000,11.0000,2.0276,1.0459,1.2441,1.0459
3829443,2015-08-28,Ligue 1,2015/2016,4.0000,Olympique de Marseille,Guingamp,A,Míchel,Jocelyn Gourvennec,0.0000,2.0000,0.0000,0.0000,0.0000,,,,,,,,0.0000,,,0.0000,0.0000,0.0000,0.0000,3.0734,0.0000,2.2899
3829444,2015-08-29,Ligue 1,2015/2016,4.0000,Stade Malherbe Caen,Lyon,H,Patrice Garande,Hubert Fournier,0.0000,4.0000,0.0000,36.3333,43.9791,2.4495,21.8796,15.3558,0.4439,0.0000,13.7931,19.4286,0.2565,37.4150,50.8979,15.0000,1.0000,13.0000,1.0034,1.1022,1.0034,1.1022
3829444,2015-08-29,Ligue 1,2015/2016,4.0000,Lyon,Stade Malherbe Caen,A,Hubert Fournier,Patrice Garande,4.0000,0.0000,3.0000,63.6667,56.0209,5.5158,22.2173,14.5038,0.2945,50.0000,2.7027,7.3793,0.5352,34.8571,48.8891,12.0000,0.0000,13.0000,1.1022,1.0034,1.1022,1.0034
3829445,2015-08-29,Ligue 1,2015/2016,4.0000,Angers,OGC Nice,H,Stéphane Moulin,Claude Puel,1.0000,1.0000,1.0000,34.7868,40.8377,3.8025,21.6732,15.5844,0.3414,10.0000,9.1837,20.5000,0.2229,31.3333,48.1924,9.0000,0.0000,5.0000,0.2113,0.8823,0.2113,0.8823
3829445,2015-08-29,Ligue 1,2015/2016,4.0000,OGC Nice,Angers,A,Claude Puel,Stéphane Moulin,1.0000,1.0000,1.0000,65.2132,59.1623,7.0341,20.0363,8.4006,0.2127,75.0000,8.0292,15.1250,0.2396,34.8837,49.9903,8.0000,1.0000,12.0000,0.8823,0.2113,0.8823,0.2113
3829446,2015-08-29,Ligue 1,2015/2016,4.0000,Troyes,Montpellier,H,Jean-Marc Furlan,Rolland Courbis,0.0000,0.0000,1.0000,41.9125,37.6984,3.8000,22.5853,16.8975,0.4174,27.2727,8.7302,17.0952,0.3170,28.1768,44.5604,9.0000,3.0000,8.0000,0.6946,0.5609,0.6946,0.5609
3829446,2015-08-29,Ligue 1,2015/2016,4.0000,Montpellier,Troyes,A,Rolland Courbis,Jean-Marc Furlan,0.0000,0.0000,1.0000,58.0875,62.3016,4.8302,19.1407,10.7422,0.3066,25.0000,5.3892,14.3000,0.2670,45.4545,47.1354,12.0000,0.0000,12.0000,0.5609,0.6946,0.5609,0.6946
3829447,2015-08-29,Ligue 1,2015/2016,4.0000,Lille,Gazélec Ajaccio,H,Hervé Renard,Thierry Laurey,1.0000,0.0000,3.0000,53.6249,59.2593,3.4348,19.9495,12.1519,0.3801,0.0000,8.0808,11.3103,0.3350,49.6296,54.5841,10.0000,1.0000,14.0000,0.8126,0.3857,0.8126,0.3857
3829447,2015-08-29,Ligue 1,2015/2016,4.0000,Gazélec Ajaccio,Lille,A,Thierry Laurey,Hervé Renard,0.0000,1.0000,0.0000,46.3751,40.7407,3.2885,23.1312,16.0819,0.3878,16.6667,8.5366,13.0000,0.2682,27.2000,43.2113,4.0000,0.0000,14.0000,0.3857,0.8126,0.3857,0.8126
3829448,2015-08-29,Ligue 1,2015/2016,4.0000,Stade de Reims,Lorient,H,Olivier Guégan,Sylvain Ripoll,4.0000,1.0000,3.0000,46.6019,31.2977,5.4110,24.1648,20.2532,0.3102,11.1111,9.5238,15.7826,0.2869,33.0986,47.6697,5.0000,1.0000,14.0000,2.0084,0.7322,2.0084,0.7322
3829448,2015-08-29,Ligue 1,2015/2016,4.0000,Lorient,Stade de Reims,A,Sylvain Ripoll,Olivier Guégan,1.0000,4.0000,0.0000,53.3981,68.7023,5.4268,20.4686,11.9101,0.3079,14.2857,10.6195,26.1429,0.2384,48.5437,50.8432,9.0000,2.0000,13.0000,0.7322,2.0084,0.7322,2.0084
3829449,2015-08-29,Ligue 1,2015/2016,4.0000,Rennes,Toulouse,H,Philippe Jacques William Montanier,Dominique Arribagé,3.0000,1.0000,3.0000,51.5991,56.0606,3.7699,22.2991,18.0751,0.3650,42.8571,8.1301,12.0000,0.2930,42.8571,47.7612,9.0000,0.0000,12.0000,2.6102,0.8200,1.8267,0.8200
3829449,2015-08-29,Ligue 1,2015/2016,4.0000,Toulouse,Rennes,A,Dominique Arribagé,Philippe Jacques William Montanier,1.0000,3.0000,0.0000,48.4009,43.9394,3.7115,18.9030,9.3264,0.3542,6.2500,16.5049,10.5312,0.3120,41.0596,49.8970,10.0000,0.0000,8.0000,0.8200,2.6102,0.8200,1.8267
3829450,2015-08-30,Ligue 1,2015/2016,4.0000,AS Monaco,Paris Saint-Germain,H,Leonardo Jardim,Laurent Blanc,0.0000,3.0000,0.0000,29.4069,41.7040,3.5581,20.0535,12.4183,0.3527,0.0000,7.6923,27.2917,0.2343,56.5657,57.4826,13.0000,0.0000,3.0000,0.2177,2.0553,0.2177,2.0553
3829450,2015-08-30,Ligue 1,2015/2016,4.0000,Paris Saint-Germain,AS Monaco,A,Laurent Blanc,Leonardo Jardim,3.0000,0.0000,3.0000,70.5931,58.2960,10.8667,17.9670,8.3436,0.1833,100.0000,12.7389,14.5333,0.5852,29.6117,42.4536,8.0000,1.0000,19.0000,2.0553,0.2177,2.0553,0.2177
3829451,2015-08-30,Ligue 1,2015/2016,4.0000,Saint-Étienne,Bastia,H,Christophe Galtier,Ghislain Printant,2.0000,1.0000,3.0000,66.1654,80.8290,5.8958,19.1755,9.5406,0.3165,100.0000,8.1522,8.1562,0.6571,56.5217,60.4165,16.0000,2.0000,24.0000,2.0302,0.5079,2.0302,0.5079
3829451,2015-08-30,Ligue 1,2015/2016,4.0000,Bastia,Saint-Étienne,A,Ghislain Printant,Christophe Galtier,1.0000,2.0000,0.0000,33.8346,19.1710,3.1047,22.3275,16.8539,0.3871,0.0000,4.0816,32.7500,0.2013,26.6129,38.1283,6.0000,0.0000,6.0000,0.5079,2.0302,0.5079,2.0302
3829452,2015-08-30,Ligue 1,2015/2016,4.0000,Bordeaux,Nantes,H,Willy Sagnol,Michel Der Zakarian,2.0000,0.0000,3.0000,53.9631,65.4639,4.7263,21.0576,14.6993,0.3081,28.5714,8.7838,16.7000,0.3066,48.4615,49.0649,15.0000,1.0000,19.0000,2.3658,0.3830,1.5823,0.3830
3829452,2015-08-30,Ligue 1,2015/2016,4.0000,Nantes,Bordeaux,A,Michel Der Zakarian,Willy Sagnol,0.0000,2.0000,0.0000,46.0369,34.5361,3.9890,22.0911,16.8044,0.3462,18.7500,7.0588,11.1379,0.3320,34.5455,44.4202,8.0000,0.0000,10.0000,0.3830,2.3658,0.3830,1.5823
3829453,2015-09-11,Ligue 1,2015/2016,5.0000,Paris Saint-Germain,Bordeaux,H,Laurent Blanc,Willy Sagnol,2.0000,2.0000,1.0000,70.1311,65.2174,7.3684,17.9162,6.8571,0.2495,40.0000,5.1136,6.9355,0.5204,44.5783,56.2780,16.0000,2.0000,19.0000,1.4590,1.4613,1.4590,1.4613
3829453,2015-09-11,Ligue 1,2015/2016,5.0000,Bordeaux,Paris Saint-Germain,A,Willy Sagnol,Laurent Blanc,2.0000,2.0000,1.0000,29.8689,34.7826,3.2892,20.6779,14.2857,0.4161,8.3333,7.2165,24.4545,0.2830,41.9811,46.8228,7.0000,0.0000,11.0000,1.4613,1.4590,1.4613,1.4590
3829454,2015-09-12,Ligue 1,2015/2016,5.0000,Lyon,Lille,H,Hubert Fournier,Hervé Renard,0.0000,0.0000,1.0000,63.4615,65.2632,4.3364,21.7966,16.1638,0.3134,42.8571,10.0000,7.5172,0.6612,43.2836,52.0524,9.0000,1.0000,13.0000,0.8124,0.5751,0.8124,0.5751
3829454,2015-09-12,Ligue 1,2015/2016,5.0000,Lille,Lyon,A,Hervé Renard,Hubert Fournier,0.0000,0.0000,1.0000,36.5385,34.7368,2.2294,21.4468,16.8724,0.4763,0.0000,4.5455,11.4062,0.3314,33.7143,46.2935,7.0000,0.0000,10.0000,0.5751,0.8124,0.5751,0.8124
3829455,2015-09-12,Ligue 1,2015/2016,5.0000,Troyes,Stade Malherbe Caen,H,Jean-Marc Furlan,Patrice Garande,1.0000,3.0000,0.0000,67.1642,69.1630,5.2385,21.5222,14.0105,0.3150,14.2857,8.5859,8.0741,0.4481,47.1014,55.0124,18.0000,0.0000,16.0000,0.6222,1.2421,0.6222,1.2421
3829455,2015-09-12,Ligue 1,2015/2016,5.0000,Stade Malherbe Caen,Troyes,A,Patrice Garande,Jean-Marc Furlan,3.0000,1.0000,3.0000,0.0000,0.0000,,,,,,,,0.0000,,,0.0000,0.0000,0.0000,0.0000,1.8643,0.0000,1.8643
3829456,2015-09-12,Ligue 1,2015/2016,5.0000,Lorient,Angers,H,Sylvain Ripoll,Stéphane Moulin,3.0000,1.0000,3.0000,51.7780,58.4211,4.5169,21.1478,12.5704,0.3261,25.0000,9.3960,14.3226,0.4335,48.9627,50.0336,11.0000,0.0000,14.0000,0.8793,0.8828,0.8793,0.8828
3829456,2015-09-12,Ligue 1,2015/2016,5.0000,Angers,Lorient,A,Stéphane Moulin,Sylvain Ripoll,1.0000,3.0000,0.0000,48.2220,41.5789,4.7905,20.5385,12.3260,0.3510,0.0000,7.5000,14.7586,0.3668,45.2055,47.3371,7.0000,0.0000,7.0000,0.8828,0.8793,0.8828,0.8793
3829457,2015-09-12,Ligue 1,2015/2016,5.0000,Montpellier,Saint-Étienne,H,Rolland Courbis,Christophe Galtier,1.0000,2.0000,0.0000,49.3631,54.2289,3.2397,20.4398,13.5204,0.4558,0.0000,7.9710,10.2571,0.3291,45.2229,50.8129,11.0000,0.0000,17.0000,1.0638,1.3139,1.0638,1.3139
3829457,2015-09-12,Ligue 1,2015/2016,5.0000,Saint-Étienne,Montpellier,A,Christophe Galtier,Rolland Courbis,2.0000,1.0000,3.0000,50.6369,45.7711,3.8981,20.0147,13.7767,0.4165,0.0000,11.3043,8.9118,0.4237,34.0102,46.5444,7.0000,0.0000,12.0000,1.3139,1.0638,1.3139,1.0638
3829458,2015-09-12,Ligue 1,2015/2016,5.0000,Toulouse,Stade de Reims,H,Dominique Arribagé,Olivier Guégan,2.0000,2.0000,1.0000,49.2126,45.7831,4.5152,19.0131,10.0671,0.3591,10.0000,9.4340,30.6667,0.4341,33.4821,44.3904,12.0000,2.0000,15.0000,1.7359,0.5868,1.7359,0.5868
3829458,2015-09-12,Ligue 1,2015/2016,5.0000,Stade de Reims,Toulouse,A,Olivier Guégan,Dominique Arribagé,2.0000,2.0000,1.0000,50.7874,54.2169,4.5098,20.4071,13.9130,0.3632,10.0000,5.0000,10.4595,0.3640,49.4505,54.7966,11.0000,0.0000,11.0000,0.5868,1.7359,0.5868,1.7359
3829459,2015-09-12,Ligue 1,2015/2016,5.0000,OGC Nice,Guingamp,H,Claude Puel,Jocelyn Gourvennec,0.0000,1.0000,0.0000,65.7250,67.0213,6.5510,21.3290,10.5919,0.3084,0.0000,8.4270,10.7308,0.4505,51.8293,57.0444,9.0000,0.0000,17.0000,0.6550,1.0719,0.6550,1.0719
3829459,2015-09-12,Ligue 1,2015/2016,5.0000,Guingamp,OGC Nice,A,Jocelyn Gourvennec,Claude Puel,1.0000,0.0000,3.0000,34.2750,32.9787,3.8659,23.3483,16.7192,0.4512,9.0909,14.0000,12.1707,0.3453,26.1411,48.0061,4.0000,0.0000,8.0000,1.0719,0.6550,1.0719,0.6550
3829460,2015-09-13,Ligue 1,2015/2016,5.0000,Nantes,Rennes,H,Michel Der Zakarian,Philippe Jacques William Montanier,0.0000,2.0000,0.0000,41.7815,40.0000,3.9775,19.5584,12.1469,0.3651,0.0000,4.6296,12.1000,0.4390,46.0581,50.4524,11.0000,0.0000,11.0000,0.4871,2.4848,0.4871,2.4848
3829460,2015-09-13,Ligue 1,2015/2016,5.0000,Rennes,Nantes,A,Philippe Jacques William Montanier,Michel Der Zakarian,2.0000,0.0000,3.0000,58.2185,60.0000,4.5701,20.4186,13.9059,0.2785,14.2857,6.0811,8.2500,0.4670,46.7391,52.1704,14.0000,1.0000,16.0000,2.4848,0.4871,2.4848,0.4871
3829461,2015-09-13,Ligue 1,2015/2016,5.0000,Olympique de Marseille,Bastia,H,Míchel,Ghislain Printant,4.0000,1.0000,3.0000,57.8278,74.3590,6.5904,19.4706,9.6892,0.2333,60.0000,10.7914,18.5263,0.3852,42.7711,53.1609,14.0000,0.0000,13.0000,1.3871,0.3275,1.3871,0.3275
3829461,2015-09-13,Ligue 1,2015/2016,5.0000,Bastia,Olympique de Marseille,A,Ghislain Printant,Míchel,1.0000,4.0000,0.0000,42.1722,25.6410,5.0263,19.3796,10.2094,0.2649,66.6667,4.4118,18.6957,0.3283,35.0515,44.4286,4.0000,0.0000,7.0000,0.3275,1.3871,0.3275,1.3871
3829462,2015-09-13,Ligue 1,2015/2016,5.0000,Gazélec Ajaccio,AS Monaco,H,Thierry Laurey,Leonardo Jardim,0.0000,1.0000,0.0000,53.2676,57.3034,3.1525,24.8664,22.5806,0.4529,0.0000,11.7978,11.7500,0.2612,40.4040,51.9018,20.0000,1.0000,24.0000,1.2106,2.5164,1.2106,1.7329
3829462,2015-09-13,Ligue 1,2015/2016,5.0000,AS Monaco,Gazélec Ajaccio,A,Leonardo Jardim,Thierry Laurey,1.0000,0.0000,3.0000,46.7324,42.6966,2.9907,21.9700,16.5625,0.4534,0.0000,14.4828,17.6429,0.3287,34.5070,42.8424,10.0000,1.0000,13.0000,2.5164,1.2106,1.7329,1.2106
3829463,2015-09-18,Ligue 1,2015/2016,6.0000,Rennes,Lille,H,Philippe Jacques William Montanier,Hervé Renard,1.0000,1.0000,1.0000,48.6553,42.1569,3.3168,20.1799,12.2388,0.3700,23.0769,10.3093,7.9062,0.4667,30.6122,46.8107,14.0000,0.0000,9.0000,1.9850,0.7628,1.2015,0.7628
3829463,2015-09-18,Ligue 1,2015/2016,6.0000,Lille,Rennes,A,Hervé Renard,Philippe Jacques William Montanier,1.0000,1.0000,1.0000,51.3447,57.8431,3.7071,19.9752,11.9891,0.3561,0.0000,9.0278,7.9722,0.4322,59.3023,60.2030,13.0000,0.0000,15.0000,0.7628,1.9850,0.7628,1.2015
3829464,2015-09-19,Ligue 1,2015/2016,6.0000,Bastia,OGC Nice,H,Ghislain Printant,Claude Puel,1.0000,3.0000,0.0000,51.1973,58.6387,3.4336,24.7282,21.6495,0.3624,0.0000,10.2041,10.8333,0.5070,53.9171,52.8592,17.0000,0.0000,8.0000,1.0090,2.5204,1.0090,2.5204
3829464,2015-09-19,Ligue 1,2015/2016,6.0000,OGC Nice,Bastia,A,Claude Puel,Ghislain Printant,3.0000,1.0000,3.0000,48.8027,41.3613,4.0421,20.1799,12.5000,0.3872,16.6667,8.0808,20.4286,0.3964,36.5169,40.3314,7.0000,1.0000,10.0000,2.5204,1.0090,2.5204,1.0090
3829465,2015-09-19,Ligue 1,2015/2016,6.0000,Stade de Reims,Paris Saint-Germain,H,Olivier Guégan,Laurent Blanc,1.0000,1.0000,1.0000,31.6038,23.3333,3.4186,21.5709,16.3265,0.4526,0.0000,6.4935,17.5200,0.2772,30.8458,45.7748,7.0000,0.0000,7.0000,0.8622,1.3398,0.8622,1.3398
3829465,2015-09-19,Ligue 1,2015/2016,6.0000,Paris Saint-Germain,Stade de Reims,A,Laurent Blanc,Olivier Guégan,1.0000,1.0000,1.0000,68.3962,76.6667,6.6634,18.2344,8.9153,0.2877,25.0000,7.8704,10.6522,0.4060,53.6765,54.6778,10.0000,2.0000,17.0000,1.3398,0.8622,1.3398,0.8622
3829466,2015-09-19,Ligue 1,2015/2016,6.0000,Angers,Troyes,H,Stéphane Moulin,Jean-Marc Furlan,1.0000,0.0000,3.0000,35.7616,33.1579,2.6300,22.8982,13.6882,0.4546,7.6923,12.1951,16.0400,0.2990,40.8046,50.7959,12.0000,1.0000,17.0000,1.7176,1.3202,0.9341,1.3202
3829466,2015-09-19,Ligue 1,2015/2016,6.0000,Troyes,Angers,A,Jean-Marc Furlan,Stéphane Moulin,0.0000,1.0000,0.0000,64.2384,66.8421,5.3918,22.1136,12.2371,0.3174,58.3333,8.2803,11.7500,0.4043,50.3817,50.1880,14.0000,0.0000,14.0000,1.3202,1.7176,1.3202,0.9341
3829467,2015-09-19,Ligue 1,2015/2016,6.0000,Stade Malherbe Caen,Montpellier,H,Patrice Garande,Rolland Courbis,2.0000,1.0000,3.0000,42.7938,58.5492,2.9273,22.3777,17.7019,0.4765,0.0000,13.6986,10.8056,0.3798,42.3469,55.7813,20.0000,0.0000,16.0000,1.4945,0.9579,1.4945,0.1744
3829467,2015-09-19,Ligue 1,2015/2016,6.0000,Montpellier,Stade Malherbe Caen,A,Rolland Courbis,Patrice Garande,1.0000,2.0000,0.0000,57.2062,41.4508,4.3173,19.9186,12.9176,0.4057,27.2727,1.7391,7.8276,0.3368,35.3846,47.7688,4.0000,0.0000,3.0000,0.9579,1.4945,0.1744,1.4945
3829468,2015-09-19,Ligue 1,2015/2016,6.0000,Guingamp,Gazélec Ajaccio,H,Jocelyn Gourvennec,Thierry Laurey,2.0000,1.0000,3.0000,62.7451,74.1463,5.0686,20.1770,12.9594,0.3355,0.0000,8.0000,15.7059,0.4123,44.6809,51.5716,13.0000,0.0000,16.0000,1.0299,0.7454,1.0299,0.7454
3829468,2015-09-19,Ligue 1,2015/2016,6.0000,Gazélec Ajaccio,Guingamp,A,Thierry Laurey,Jocelyn Gourvennec,1.0000,2.0000,0.0000,37.2549,25.8537,3.6875,24.1476,18.6441,0.4768,8.3333,8.2353,18.3333,0.2951,31.1765,38.4981,6.0000,0.0000,7.0000,0.7454,1.0299,0.7454,1.0299
3829469,2015-09-20,Ligue 1,2015/2016,6.0000,AS Monaco,Lorient,H,Leonardo Jardim,Sylvain Ripoll,2.0000,3.0000,0.0000,63.2716,71.7593,4.8850,20.2482,11.5942,0.3229,57.1429,9.2308,7.1667,0.4734,46.7456,56.3510,12.0000,0.0000,13.0000,1.4265,1.9494,1.4265,1.9494
3829469,2015-09-20,Ligue 1,2015/2016,6.0000,Lorient,AS Monaco,A,Sylvain Ripoll,Leonardo Jardim,3.0000,2.0000,3.0000,36.7284,28.2407,3.4066,20.0613,12.5806,0.4343,0.0000,5.8824,20.4737,0.3138,29.0155,40.7452,8.0000,1.0000,16.0000,1.9494,1.4265,1.9494,1.4265
3829470,2015-09-20,Ligue 1,2015/2016,6.0000,Saint-Étienne,Nantes,H,Christophe Galtier,Michel Der Zakarian,2.0000,0.0000,3.0000,51.9270,42.2535,4.7273,21.5309,14.5299,0.3564,0.0000,5.5556,11.2143,0.4198,41.7085,49.9229,11.0000,2.0000,13.0000,1.3306,0.4208,1.3306,0.4208
3829470,2015-09-20,Ligue 1,2015/2016,6.0000,Nantes,Saint-Étienne,A,Michel Der Zakarian,Christophe Galtier,0.0000,2.0000,0.0000,48.0730,57.7465,3.6607,22.0347,18.0488,0.4424,0.0000,15.1724,11.9688,0.4141,41.5094,46.5667,11.0000,0.0000,11.0000,0.4208,1.3306,0.4208,1.3306
3829471,2015-09-20,Ligue 1,2015/2016,6.0000,Bordeaux,Toulouse,H,Willy Sagnol,Dominique Arribagé,1.0000,1.0000,1.0000,59.6737,65.1685,4.3846,21.1746,14.6930,0.3694,66.6667,12.9496,7.3824,0.4855,50.5952,50.3820,7.0000,1.0000,18.0000,1.9029,1.3238,1.9029,1.3238
3829471,2015-09-20,Ligue 1,2015/2016,6.0000,Toulouse,Bordeaux,A,Dominique Arribagé,Willy Sagnol,1.0000,1.0000,1.0000,40.3263,34.8315,2.7451,21.6820,16.7857,0.4739,7.6923,9.1954,11.6333,0.2969,42.7632,48.2474,8.0000,1.0000,9.0000,1.3238,1.9029,1.3238,1.9029
3829472,2015-09-20,Ligue 1,2015/2016,6.0000,Olympique de Marseille,Lyon,H,Míchel,Hubert Fournier,1.0000,1.0000,1.0000,45.7457,39.7849,4.4783,21.6019,12.6214,0.3472,40.0000,16.1616,12.3667,0.3985,30.5556,46.5943,3.0000,1.0000,14.0000,1.3497,2.0005,1.3497,1.2170
3829472,2015-09-20,Ligue 1,2015/2016,6.0000,Lyon,Olympique de Marseille,A,Hubert Fournier,Míchel,1.0000,1.0000,1.0000,54.2543,60.2151,4.9897,20.3559,11.7769,0.3218,33.3333,5.2632,10.9697,0.4617,42.6540,45.8496,4.0000,0.0000,12.0000,2.0005,1.3497,1.2170,1.3497
3829473,2015-09-22,Ligue 1,2015/2016,7.0000,Paris Saint-Germain,Guingamp,H,Laurent Blanc,Jocelyn Gourvennec,3.0000,0.0000,3.0000,72.4786,76.5873,8.5263,17.8597,6.7901,0.2230,100.0000,5.9574,9.9167,0.4534,58.9041,57.3070,19.0000,1.0000,19.0000,2.6778,0.4756,1.8943,0.4756
3829473,2015-09-22,Ligue 1,2015/2016,7.0000,Guingamp,Paris Saint-Germain,A,Jocelyn Gourvennec,Laurent Blanc,0.0000,3.0000,0.0000,27.5214,23.4127,3.1860,18.7157,12.0438,0.4462,12.5000,10.0000,39.2857,0.2712,25.2174,40.8180,7.0000,2.0000,10.0000,0.4756,2.6778,0.4756,1.8943
3829474,2015-09-22,Ligue 1,2015/2016,7.0000,Angers,Stade de Reims,H,Stéphane Moulin,Olivier Guégan,0.0000,0.0000,1.0000,48.4991,40.0000,4.6364,19.8831,12.4183,0.3307,0.0000,7.0000,16.5833,0.3534,41.2371,48.9394,5.0000,0.0000,8.0000,0.5765,0.1461,0.5765,0.1461
3829474,2015-09-22,Ligue 1,2015/2016,7.0000,Stade de Reims,Angers,A,Olivier Guégan,Stéphane Moulin,0.0000,0.0000,1.0000,51.5009,60.0000,5.2447,19.6378,10.9533,0.3212,22.2222,5.9259,15.1538,0.4236,40.1826,49.6342,11.0000,0.0000,4.0000,0.1461,0.5765,0.1461,0.5765
3829475,2015-09-23,Ligue 1,2015/2016,7.0000,OGC Nice,Bordeaux,H,Claude Puel,Willy Sagnol,6.0000,1.0000,3.0000,54.3156,56.7961,6.5341,19.9354,10.9565,0.2831,44.4444,7.9137,14.3704,0.3721,37.4359,50.4832,16.0000,3.0000,17.0000,2.5601,0.9288,2.5601,0.9288
3829475,2015-09-23,Ligue 1,2015/2016,7.0000,Bordeaux,OGC Nice,A,Willy Sagnol,Claude Puel,1.0000,6.0000,0.0000,45.6844,43.2039,5.7831,19.7079,12.0833,0.2932,16.6667,10.0000,18.8333,0.4302,42.9104,44.1728,6.0000,0.0000,6.0000,0.9288,2.5601,0.9288,2.5601
3829476,2015-09-23,Ligue 1,2015/2016,7.0000,Lyon,Bastia,H,Hubert Fournier,Ghislain Printant,2.0000,0.0000,3.0000,63.5870,69.4118,7.0106,21.2974,13.2018,0.2736,33.3333,5.4545,12.0741,0.3209,51.1628,56.2784,16.0000,0.0000,14.0000,1.8426,0.1165,1.8426,0.1165
3829476,2015-09-23,Ligue 1,2015/2016,7.0000,Bastia,Lyon,A,Ghislain Printant,Hubert Fournier,0.0000,2.0000,0.0000,36.4130,30.5882,3.6947,22.5432,18.2336,0.3760,0.0000,8.7500,19.1111,0.2379,40.7186,45.9481,10.0000,0.0000,4.0000,0.1165,1.8426,0.1165,1.8426
3829477,2015-09-23,Ligue 1,2015/2016,7.0000,Toulouse,Olympique de Marseille,H,Dominique Arribagé,Míchel,1.0000,1.0000,1.0000,41.7815,38.8889,3.5053,19.8916,12.6126,0.3889,16.6667,11.1111,16.3750,0.2987,44.5122,48.2848,10.0000,1.0000,12.0000,1.1241,0.7841,1.1241,0.7841
3829477,2015-09-23,Ligue 1,2015/2016,7.0000,Olympique de Marseille,Toulouse,A,Míchel,Dominique Arribagé,1.0000,1.0000,1.0000,0.0000,0.0000,,,,,,,,0.0000,,,0.0000,0.0000,0.0000,0.0000,1.9082,0.0000,1.9082
3829478,2015-09-23,Ligue 1,2015/2016,7.0000,Gazélec Ajaccio,Rennes,H,Thierry Laurey,Philippe Jacques William Montanier,1.0000,1.0000,1.0000,48.8301,42.2594,3.6435,22.9947,16.4678,0.3655,0.0000,13.6364,15.0000,0.2366,45.3782,47.5506,7.0000,1.0000,13.0000,0.4943,1.6351,0.4943,1.6351
3829478,2015-09-23,Ligue 1,2015/2016,7.0000,Rennes,Gazélec Ajaccio,A,Philippe Jacques William Montanier,Thierry Laurey,1.0000,1.0000,1.0000,51.1699,57.7406,4.6100,23.7597,18.6551,0.3790,62.5000,9.4972,13.6667,0.3229,40.6452,51.2516,13.0000,0.0000,18.0000,1.6351,0.4943,1.6351,0.4943
3829479,2015-09-23,Ligue 1,2015/2016,7.0000,Lorient,Stade Malherbe Caen,H,Sylvain Ripoll,Patrice Garande,2.0000,0.0000,3.0000,53.8763,39.0863,5.0825,20.1925,13.5903,0.3928,0.0000,6.1947,13.5652,0.3532,28.3133,45.1738,8.0000,0.0000,8.0000,1.2515,1.0166,1.2515,1.0166
3829479,2015-09-23,Ligue 1,2015/2016,7.0000,Stade Malherbe Caen,Lorient,A,Patrice Garande,Sylvain Ripoll,0.0000,2.0000,0.0000,0.0000,0.0000,,,,,,,,0.0000,,,0.0000,0.0000,0.0000,0.0000,2.2680,0.0000,2.2680
3829480,2015-09-23,Ligue 1,2015/2016,7.0000,Troyes,Saint-Étienne,H,Jean-Marc Furlan,Christophe Galtier,0.0000,1.0000,0.0000,43.6119,37.4486,3.6667,22.2866,16.1616,0.4506,42.8571,7.2000,16.3333,0.3169,37.6344,43.5606,6.0000,1.0000,13.0000,0.4204,1.2008,0.4204,1.2008
3829480,2015-09-23,Ligue 1,2015/2016,7.0000,Saint-Étienne,Troyes,A,Christophe Galtier,Jean-Marc Furlan,1.0000,0.0000,3.0000,56.3881,62.5514,5.0094,20.8947,15.8192,0.3591,28.5714,11.1702,10.1562,0.3172,48.6111,52.1036,14.0000,0.0000,13.0000,1.2008,0.4204,1.2008,0.4204
3829481,2015-09-24,Ligue 1,2015/2016,7.0000,Montpellier,AS Monaco,H,Rolland Courbis,Leonardo Jardim,2.0000,3.0000,0.0000,45.4076,42.6396,3.7921,21.2138,16.4491,0.4313,0.0000,8.8000,11.5000,0.4083,36.1111,47.7291,10.0000,0.0000,15.0000,1.4198,1.7630,1.4198,0.9795
3829481,2015-09-24,Ligue 1,2015/2016,7.0000,AS Monaco,Montpellier,A,Leonardo Jardim,Rolland Courbis,3.0000,2.0000,3.0000,54.5924,57.3604,4.1518,21.1009,13.9785,0.3792,45.4545,12.4088,8.2632,0.3932,47.3988,54.6887,14.0000,0.0000,14.0000,1.7630,1.4198,0.9795,1.4198
3829482,2015-09-25,Ligue 1,2015/2016,8.0000,Stade de Reims,Lille,H,Olivier Guégan,Hervé Renard,1.0000,0.0000,3.0000,38.8060,37.7778,3.0430,20.9435,15.9011,0.4636,0.0000,6.1538,16.7917,0.2101,36.6071,48.1170,5.0000,1.0000,10.0000,1.9130,0.7130,1.1295,0.7130
3829482,2015-09-25,Ligue 1,2015/2016,8.0000,Lille,Stade de Reims,A,Hervé Renard,Olivier Guégan,0.0000,1.0000,0.0000,61.1940,62.2222,4.8283,20.0501,9.4142,0.3864,0.0000,6.9565,7.5882,0.3876,48.0916,51.9876,12.0000,0.0000,9.0000,0.7130,1.9130,0.7130,1.1295
3829483,2015-09-26,Ligue 1,2015/2016,8.0000,Nantes,Paris Saint-Germain,H,Michel Der Zakarian,Laurent Blanc,1.0000,4.0000,0.0000,29.4695,34.9754,2.6809,22.3651,20.6349,0.4890,0.0000,10.9756,16.0294,0.2939,45.4976,48.8847,9.0000,1.0000,7.0000,0.5243,1.7505,0.5243,1.7505
3829483,2015-09-26,Ligue 1,2015/2016,8.0000,Paris Saint-Germain,Nantes,A,Laurent Blanc,Michel Der Zakarian,4.0000,1.0000,3.0000,70.5305,65.0246,6.8163,19.0499,10.3293,0.2462,100.0000,9.8160,10.8000,0.4467,49.2537,55.2318,16.0000,0.0000,15.0000,1.7505,0.5243,1.7505,0.5243
3829484,2015-09-26,Ligue 1,2015/2016,8.0000,Bordeaux,Lyon,H,Willy Sagnol,Hubert Fournier,3.0000,1.0000,3.0000,46.6431,55.5556,5.1809,20.9137,14.7844,0.2883,0.0000,7.2993,18.4583,0.2930,37.8531,45.2327,11.0000,2.0000,11.0000,1.0809,0.6948,1.0809,0.6948
3829484,2015-09-26,Ligue 1,2015/2016,8.0000,Lyon,Bordeaux,A,Hubert Fournier,Willy Sagnol,1.0000,3.0000,0.0000,53.3569,44.4444,5.9570,20.5953,12.9964,0.3063,20.0000,6.7164,15.1600,0.3352,38.9831,44.6642,8.0000,0.0000,10.0000,0.6948,1.0809,0.6948,1.0809
3829485,2015-09-26,Ligue 1,2015/2016,8.0000,Rennes,Troyes,H,Philippe Jacques William Montanier,Jean-Marc Furlan,1.0000,1.0000,1.0000,59.8698,67.5214,4.4636,21.6055,15.8859,0.3586,75.0000,10.1523,10.2308,0.3730,62.3188,52.4147,11.0000,0.0000,19.0000,1.6916,0.9472,1.6916,0.9472
3829485,2015-09-26,Ligue 1,2015/2016,8.0000,Troyes,Rennes,A,Jean-Marc Furlan,Philippe Jacques William Montanier,1.0000,1.0000,1.0000,40.1302,32.4786,3.1600,21.2609,15.1899,0.4371,5.5556,3.2258,13.1923,0.3351,32.9730,42.9216,10.0000,0.0000,12.0000,0.9472,1.6916,0.9472,1.6916
3829486,2015-09-26,Ligue 1,2015/2016,8.0000,Bastia,Toulouse,H,Ghislain Printant,Dominique Arribagé,3.0000,0.0000,3.0000,38.6555,25.5319,3.4889,20.8142,14.3312,0.3250,0.0000,10.6667,10.6176,0.2791,38.6503,48.4513,8.0000,0.0000,9.0000,1.2037,1.6424,1.2037,1.6424
3829486,2015-09-26,Ligue 1,2015/2016,8.0000,Toulouse,Bastia,A,Dominique Arribagé,Ghislain Printant,0.0000,3.0000,0.0000,61.3445,74.4681,4.4870,18.0090,7.9457,0.3176,0.0000,9.0909,9.2069,0.3288,44.6281,60.0111,22.0000,1.0000,18.0000,1.6424,1.2037,1.6424,1.2037
3829487,2015-09-26,Ligue 1,2015/2016,8.0000,Stade Malherbe Caen,Gazélec Ajaccio,H,Patrice Garande,Thierry Laurey,2.0000,0.0000,3.0000,43.6404,44.2308,3.4752,21.0013,12.5356,0.4904,0.0000,12.4031,13.5000,0.3405,33.1429,49.5132,12.0000,2.0000,16.0000,2.1864,0.4321,2.1864,0.4321
3829487,2015-09-26,Ligue 1,2015/2016,8.0000,Gazélec Ajaccio,Stade Malherbe Caen,A,Thierry Laurey,Patrice Garande,0.0000,2.0000,0.0000,56.3596,55.7692,4.6465,22.9248,16.5217,0.3592,42.8571,6.1224,12.0435,0.3643,44.1379,45.8424,14.0000,0.0000,8.0000,0.4321,2.1864,0.4321,2.1864
3829488,2015-09-27,Ligue 1,2015/2016,8.0000,Guingamp,AS Monaco,H,Jocelyn Gourvennec,Leonardo Jardim,3.0000,3.0000,1.0000,52.0104,60.7692,3.5464,20.9163,12.5000,0.4686,0.0000,6.5574,10.5172,0.5459,44.5545,53.4097,15.0000,1.0000,17.0000,1.6090,0.8420,1.6090,0.8420
3829488,2015-09-27,Ligue 1,2015/2016,8.0000,AS Monaco,Guingamp,A,Leonardo Jardim,Jocelyn Gourvennec,3.0000,3.0000,1.0000,47.9896,39.2308,3.3021,20.8343,13.8801,0.4445,6.2500,5.4054,10.3333,0.3940,36.0759,50.9519,9.0000,0.0000,8.0000,0.8420,1.6090,0.8420,1.6090
3829489,2015-09-27,Ligue 1,2015/2016,8.0000,Montpellier,Lorient,H,Rolland Courbis,Sylvain Ripoll,2.0000,1.0000,3.0000,43.8639,46.8750,2.6818,22.5248,16.6102,0.4511,0.0000,12.2222,14.7391,0.3117,42.3611,46.9921,7.0000,0.0000,11.0000,0.7971,0.4169,0.7971,0.4169
3829489,2015-09-27,Ligue 1,2015/2016,8.0000,Lorient,Montpellier,A,Sylvain Ripoll,Rolland Courbis,1.0000,2.0000,0.0000,56.1361,53.1250,4.3125,19.2499,10.1449,0.3818,10.0000,7.7586,8.2188,0.3740,37.7778,51.3672,13.0000,0.0000,11.0000,0.4169,0.7971,0.4169,0.7971
3829490,2015-09-27,Ligue 1,2015/2016,8.0000,Saint-Étienne,OGC Nice,H,Christophe Galtier,Claude Puel,1.0000,4.0000,0.0000,48.5485,55.9671,4.3939,20.1371,11.4943,0.3626,50.0000,12.4183,10.2941,0.3035,41.6667,53.6230,15.0000,1.0000,13.0000,2.4907,0.7829,1.7072,0.7829
3829490,2015-09-27,Ligue 1,2015/2016,8.0000,OGC Nice,Saint-Étienne,A,Claude Puel,Christophe Galtier,4.0000,1.0000,3.0000,51.4515,44.0329,4.6263,20.3673,13.7555,0.2722,10.0000,7.4627,17.2222,0.3546,36.6279,46.7228,9.0000,1.0000,8.0000,0.7829,2.4907,0.7829,1.7072
3829491,2015-09-27,Ligue 1,2015/2016,8.0000,Olympique de Marseille,Angers,H,Míchel,Stéphane Moulin,1.0000,2.0000,0.0000,70.8901,80.2885,6.4375,20.8864,9.8706,0.2524,50.0000,11.0048,9.6957,0.5360,51.0067,54.0913,13.0000,0.0000,18.0000,1.6372,1.1229,0.8537,0.3394
3829491,2015-09-27,Ligue 1,2015/2016,8.0000,Angers,Olympique de Marseille,A,Stéphane Moulin,Míchel,2.0000,1.0000,3.0000,29.1099,19.7115,3.0676,23.0430,15.4185,0.4268,0.0000,7.5472,21.5714,0.3338,23.8938,39.2440,6.0000,0.0000,7.0000,1.1229,1.6372,0.3394,0.8537
3829492,2015-09-29,Ligue 1,2015/2016,7.0000,Lille,Nantes,H,Hervé Renard,Michel Der Zakarian,0.0000,1.0000,0.0000,65.8837,73.8589,4.0873,19.4823,12.4272,0.3549,40.0000,9.3264,8.5185,0.4230,68.2171,61.3140,15.0000,1.0000,20.0000,1.3229,1.7851,1.3229,1.7851
3829492,2015-09-29,Ligue 1,2015/2016,7.0000,Nantes,Lille,A,Michel Der Zakarian,Hervé Renard,1.0000,0.0000,3.0000,34.1163,26.1411,3.0471,22.5478,18.1467,0.5128,0.0000,8.1395,13.9231,0.3939,22.8448,39.9414,9.0000,1.0000,9.0000,1.7851,1.3229,1.7851,1.3229
3829493,2015-10-02,Ligue 1,2015/2016,9.0000,Lille,Montpellier,H,Hervé Renard,Rolland Courbis,2.0000,0.0000,3.0000,52.3282,60.5405,3.6053,20.5804,13.6253,0.3971,16.6667,6.0150,7.5116,0.4628,40.7035,55.5156,13.0000,0.0000,22.0000,1.8457,1.1208,1.0622,0.3373
3829493,2015-10-02,Ligue 1,2015/2016,9.0000,Montpellier,Lille,A,Rolland Courbis,Hervé Renard,0.0000,2.0000,0.0000,47.6718,39.4595,3.6768,20.1895,12.0879,0.3740,11.7647,6.3830,12.1538,0.4216,29.1457,42.7706,6.0000,0.0000,9.0000,1.1208,1.8457,0.3373,1.0622
3829494,2015-10-03,Ligue 1,2015/2016,9.0000,Gazélec Ajaccio,Toulouse,H,Thierry Laurey,Dominique Arribagé,2.0000,2.0000,1.0000,47.6939,55.0265,4.1111,23.9594,18.9189,0.4198,25.0000,13.6691,10.8333,0.3848,40.6250,43.8445,4.0000,1.0000,7.0000,0.6768,1.1153,0.6768,1.1153
3829494,2015-10-03,Ligue 1,2015/2016,9.0000,Toulouse,Gazélec Ajaccio,A,Dominique Arribagé,Thierry Laurey,2.0000,2.0000,1.0000,52.3061,44.9735,4.3333,20.1560,13.5747,0.4009,0.0000,10.0000,11.9630,0.3253,47.2973,55.9129,18.0000,0.0000,13.0000,1.1153,0.6768,1.1153,0.6768
3829495,2015-10-03,Ligue 1,2015/2016,9.0000,Lyon,Stade de Reims,H,Hubert Fournier,Olivier Guégan,1.0000,0.0000,3.0000,59.6539,68.3168,5.7714,20.6784,14.8515,0.3416,0.0000,6.9959,9.8710,0.5282,44.4444,54.5017,18.0000,1.0000,17.0000,2.1158,0.5712,1.3323,0.5712
3829495,2015-10-03,Ligue 1,2015/2016,9.0000,Stade de Reims,Lyon,A,Olivier Guégan,Hubert Fournier,0.0000,1.0000,0.0000,40.3461,31.6832,4.1702,20.1849,13.0102,0.3920,10.0000,13.2812,42.5556,0.3191,34.9282,40.0623,12.0000,1.0000,8.0000,0.5712,2.1158,0.5712,1.3323
3829496,2015-10-03,Ligue 1,2015/2016,9.0000,Angers,Bastia,H,Stéphane Moulin,Ghislain Printant,1.0000,0.0000,3.0000,56.6557,63.5000,4.0270,21.3800,15.8837,0.3456,0.0000,13.0137,9.9000,0.4391,47.9769,58.8923,20.0000,1.0000,17.0000,2.0596,0.3998,1.2761,0.3998
3829496,2015-10-03,Ligue 1,2015/2016,9.0000,Bastia,Angers,A,Ghislain Printant,Stéphane Moulin,0.0000,1.0000,0.0000,43.3443,36.5000,3.8333,22.5944,17.1014,0.3414,14.2857,5.4348,13.7200,0.3961,31.8627,45.0000,5.0000,1.0000,8.0000,0.3998,2.0596,0.3998,1.2761
3829497,2015-10-03,Ligue 1,2015/2016,9.0000,Troyes,Guingamp,H,Jean-Marc Furlan,Jocelyn Gourvennec,0.0000,1.0000,0.0000,53.8272,54.2714,4.1170,22.9906,19.8966,0.4163,0.0000,9.5238,7.9688,0.4225,51.8987,52.4742,11.0000,0.0000,11.0000,1.5461,2.2535,1.5461,2.2535
3829497,2015-10-03,Ligue 1,2015/2016,9.0000,Guingamp,Troyes,A,Jocelyn Gourvennec,Jean-Marc Furlan,1.0000,0.0000,3.0000,46.1728,45.7286,3.2990,22.0204,18.4375,0.4319,20.0000,22.4299,12.4348,0.4427,33.6788,52.1270,18.0000,0.0000,18.0000,2.2535,1.5461,2.2535,1.5461
3829498,2015-10-04,Ligue 1,2015/2016,9.0000,Lorient,Bordeaux,H,Sylvain Ripoll,Willy Sagnol,3.0000,2.0000,3.0000,45.9487,41.5459,3.4685,19.8902,14.5455,0.4195,0.0000,8.0000,13.4815,0.3548,42.2460,47.7982,8.0000,0.0000,7.0000,1.5193,0.6723,0.7358,0.6723
3829498,2015-10-04,Ligue 1,2015/2016,9.0000,Bordeaux,Lorient,A,Willy Sagnol,Sylvain Ripoll,2.0000,3.0000,0.0000,54.0513,58.4541,4.6634,19.9676,12.7389,0.3749,20.0000,7.4830,9.9688,0.5379,45.6432,49.5433,10.0000,0.0000,9.0000,0.6723,1.5193,0.6723,0.7358
3829499,2015-10-04,Ligue 1,2015/2016,9.0000,Stade Malherbe Caen,Saint-Étienne,H,Patrice Garande,Christophe Galtier,1.0000,0.0000,3.0000,39.1566,32.6316,2.9674,20.9304,14.6520,0.5778,0.0000,7.1429,18.8235,0.3663,28.6486,41.2000,7.0000,0.0000,14.0000,1.4304,0.6355,1.4304,0.6355
3829499,2015-10-04,Ligue 1,2015/2016,9.0000,Saint-Étienne,Stade Malherbe Caen,A,Christophe Galtier,Patrice Garande,0.0000,1.0000,0.0000,60.8434,67.3684,3.9455,21.9740,15.6682,0.4598,25.0000,8.1522,9.2308,0.3877,52.3810,57.1809,16.0000,0.0000,11.0000,0.6355,1.4304,0.6355,1.4304
3829500,2015-10-04,Ligue 1,2015/2016,9.0000,Paris Saint-Germain,Olympique de Marseille,H,Laurent Blanc,Míchel,2.0000,1.0000,3.0000,56.8513,51.6484,5.7128,19.3260,9.8696,0.2571,22.2222,6.6116,13.0400,0.4662,48.3092,49.8398,9.0000,0.0000,16.0000,3.2113,1.7276,1.6443,0.9441
3829500,2015-10-04,Ligue 1,2015/2016,9.0000,Olympique de Marseille,Paris Saint-Germain,A,Míchel,Laurent Blanc,1.0000,2.0000,0.0000,0.0000,0.0000,,,,,,,,0.0000,,,0.0000,0.0000,0.0000,0.0000,4.9390,0.0000,2.5885
3829501,2015-10-04,Ligue 1,2015/2016,9.0000,AS Monaco,Rennes,H,Leonardo Jardim,Philippe Jacques William Montanier,1.0000,1.0000,1.0000,53.0839,58.3333,4.8958,19.8852,11.0638,0.3500,25.0000,13.8554,14.7826,0.2716,37.3016,52.4327,10.0000,0.0000,14.0000,0.9889,1.4808,0.9889,0.6973
3829501,2015-10-04,Ligue 1,2015/2016,9.0000,Rennes,AS Monaco,A,Philippe Jacques William Montanier,Leonardo Jardim,1.0000,1.0000,1.0000,46.9161,41.6667,4.9524,19.9453,11.7788,0.3551,0.0000,6.1947,13.2692,0.3695,34.0206,54.2211,15.0000,1.0000,8.0000,1.4808,0.9889,0.6973,0.9889
3829502,2015-10-16,Ligue 1,2015/2016,10.0000,AS Monaco,Lyon,H,Leonardo Jardim,Hubert Fournier,1.0000,1.0000,1.0000,31.2373,32.5424,2.7447,21.7502,12.7907,0.4467,0.0000,12.8205,22.8333,0.3909,24.9057,42.9068,10.0000,0.0000,12.0000,0.6911,1.3532,0.6911,1.3532
3829502,2015-10-16,Ligue 1,2015/2016,10.0000,Lyon,AS Monaco,A,Hubert Fournier,Leonardo Jardim,1.0000,1.0000,1.0000,68.7627,67.4576,6.5567,18.1591,8.8050,0.2513,42.8571,5.1064,6.4138,0.4578,36.8794,55.8426,18.0000,0.0000,18.0000,1.3532,0.6911,1.3532,0.6911
3829503,2015-10-17,Ligue 1,2015/2016,10.0000,Nantes,Troyes,H,Michel Der Zakarian,Jean-Marc Furlan,3.0000,0.0000,3.0000,48.6381,50.8897,4.3204,21.0469,14.3820,0.3568,20.0000,13.4969,18.9474,0.3655,38.3420,51.9184,21.0000,2.0000,18.0000,2.2429,0.8191,2.2429,0.8191
3829503,2015-10-17,Ligue 1,2015/2016,10.0000,Troyes,Nantes,A,Jean-Marc Furlan,Michel Der Zakarian,0.0000,3.0000,0.0000,51.3619,49.1103,5.2198,21.3953,14.7368,0.2975,46.1538,8.8757,19.0588,0.2980,40.9396,48.7958,13.0000,1.0000,14.0000,0.8191,2.2429,0.8191,2.2429
3829504,2015-10-17,Ligue 1,2015/2016,10.0000,Bastia,Paris Saint-Germain,H,Ghislain Printant,Laurent Blanc,0.0000,2.0000,0.0000,32.1632,41.7085,3.2809,22.6613,17.4658,0.4329,0.0000,5.6075,17.7667,0.1888,48.1481,49.1344,12.0000,0.0000,6.0000,0.6179,1.4557,0.6179,1.4557
3829504,2015-10-17,Ligue 1,2015/2016,10.0000,Paris Saint-Germain,Bastia,A,Laurent Blanc,Ghislain Printant,2.0000,0.0000,3.0000,67.8368,58.2915,7.5222,20.1825,11.5214,0.2391,100.0000,7.5472,7.1875,0.3038,43.6893,49.5150,4.0000,0.0000,12.0000,1.4557,0.6179,1.4557,0.6179
3829505,2015-10-17,Ligue 1,2015/2016,10.0000,Saint-Étienne,Gazélec Ajaccio,H,Christophe Galtier,Thierry Laurey,2.0000,0.0000,3.0000,57.1429,62.5641,4.8053,20.4424,12.7072,0.3008,75.0000,6.0811,14.7826,0.4260,41.9689,52.8146,12.0000,1.0000,13.0000,0.7245,0.1004,0.7245,0.1004
3829505,2015-10-17,Ligue 1,2015/2016,10.0000,Gazélec Ajaccio,Saint-Étienne,A,Thierry Laurey,Christophe Galtier,0.0000,2.0000,0.0000,42.8571,37.4359,3.8173,21.1723,13.6020,0.3425,0.0000,6.9307,25.8235,0.2897,37.7143,45.0731,12.0000,0.0000,4.0000,0.1004,0.7245,0.1004,0.7245
3829506,2015-10-17,Ligue 1,2015/2016,10.0000,Guingamp,Lille,H,Jocelyn Gourvennec,Hervé Renard,1.0000,1.0000,1.0000,36.7120,47.4026,2.1019,20.2057,14.9780,0.5201,20.0000,8.6022,18.1429,0.2441,37.6000,50.6042,11.0000,1.0000,9.0000,0.5172,0.7505,0.5172,0.7505
3829506,2015-10-17,Ligue 1,2015/2016,10.0000,Lille,Guingamp,A,Hervé Renard,Jocelyn Gourvennec,1.0000,1.0000,1.0000,63.2880,52.5974,5.2759,19.3257,11.5468,0.3145,30.7692,4.7619,5.6857,0.4108,41.8033,48.5702,12.0000,1.0000,10.0000,0.7505,0.5172,0.7505,0.5172
3829507,2015-10-17,Ligue 1,2015/2016,10.0000,Toulouse,Angers,H,Dominique Arribagé,Stéphane Moulin,1.0000,2.0000,0.0000,61.5044,79.6748,5.3277,18.6437,6.6246,0.2894,,9.7345,8.8000,0.4575,54.2714,57.3723,19.0000,1.0000,22.0000,1.3802,0.3407,1.3802,0.3407
3829507,2015-10-17,Ligue 1,2015/2016,10.0000,Angers,Toulouse,A,Stéphane Moulin,Dominique Arribagé,2.0000,1.0000,3.0000,38.4956,20.3252,4.4368,19.0059,12.1762,0.3554,6.6667,5.7143,15.2143,0.2791,23.7113,39.7155,3.0000,0.0000,7.0000,0.3407,1.3802,0.3407,1.3802
3829508,2015-10-17,Ligue 1,2015/2016,10.0000,Stade de Reims,Stade Malherbe Caen,H,Olivier Guégan,Patrice Garande,0.0000,1.0000,0.0000,59.1860,53.4759,4.2170,19.5730,9.8434,0.3642,40.0000,4.5802,10.1667,0.4217,41.2162,49.5239,7.0000,1.0000,12.0000,0.7145,1.5552,0.7145,1.5552
3829508,2015-10-17,Ligue 1,2015/2016,10.0000,Stade Malherbe Caen,Stade de Reims,A,Patrice Garande,Olivier Guégan,1.0000,0.0000,3.0000,0.0000,0.0000,,,,,,,,0.0000,,,0.0000,0.0000,0.0000,0.0000,2.2697,0.0000,2.2697
3829509,2015-10-18,Ligue 1,2015/2016,10.0000,Olympique de Marseille,Lorient,H,Míchel,Sylvain Ripoll,1.0000,1.0000,1.0000,62.6396,69.4836,5.3883,19.2649,9.0090,0.3006,50.0000,13.4503,9.0667,0.3152,46.5517,54.5430,15.0000,1.0000,21.0000,2.1763,0.6552,1.3928,0.6552
3829509,2015-10-18,Ligue 1,2015/2016,10.0000,Lorient,Olympique de Marseille,A,Sylvain Ripoll,Míchel,1.0000,1.0000,1.0000,37.3604,30.5164,2.9515,19.3523,12.8289,0.4476,0.0000,5.1282,16.2692,0.2885,41.5730,43.8220,3.0000,1.0000,6.0000,0.6552,2.1763,0.6552,1.3928
3829510,2015-10-18,Ligue 1,2015/2016,10.0000,Rennes,OGC Nice,H,Philippe Jacques William Montanier,Claude Puel,1.0000,4.0000,0.0000,42.1292,56.1497,4.5543,20.6012,13.1265,0.3033,20.0000,12.1212,12.2195,0.2846,49.7238,53.8709,14.0000,2.0000,16.0000,0.7692,1.7689,0.7692,1.7689
3829510,2015-10-18,Ligue 1,2015/2016,10.0000,OGC Nice,Rennes,A,Claude Puel,Philippe Jacques William Montanier,4.0000,1.0000,3.0000,57.8708,43.8503,6.3043,18.1077,9.3103,0.2162,0.0000,12.6316,14.2857,0.4492,33.6538,44.8101,7.0000,0.0000,12.0000,1.7689,0.7692,1.7689,0.7692
3829511,2015-10-18,Ligue 1,2015/2016,10.0000,Bordeaux,Montpellier,H,Willy Sagnol,Rolland Courbis,0.0000,0.0000,1.0000,58.0813,63.1579,5.0400,18.7586,10.5159,0.3262,18.1818,7.1942,7.0488,0.4030,37.0370,55.5740,16.0000,0.0000,16.0000,1.0129,0.5597,1.0129,0.5597
3829511,2015-10-18,Ligue 1,2015/2016,10.0000,Montpellier,Bordeaux,A,Rolland Courbis,Willy Sagnol,0.0000,0.0000,1.0000,41.9187,36.8421,3.6289,20.6810,15.6250,0.4376,0.0000,8.2353,16.3750,0.2837,36.7089,44.4700,9.0000,0.0000,6.0000,0.5597,1.0129,0.5597,1.0129
3829512,2015-10-23,Ligue 1,2015/2016,11.0000,Lyon,Toulouse,H,Hubert Fournier,Dominique Arribagé,3.0000,0.0000,3.0000,65.9722,74.6888,6.1100,20.8789,12.4386,0.2714,20.0000,7.3059,8.7667,0.4402,51.6556,54.0261,13.0000,1.0000,20.0000,2.1845,0.7952,2.1845,0.7952
3829512,2015-10-23,Ligue 1,2015/2016,11.0000,Toulouse,Lyon,A,Dominique Arribagé,Hubert Fournier,0.0000,3.0000,0.0000,34.0278,25.3112,2.8788,21.2166,16.4912,0.4856,36.3636,12.6761,18.1304,0.3233,30.6977,48.7027,12.0000,1.0000,7.0000,0.7952,2.1845,0.7952,2.1845
3829513,2015-10-23,Ligue 1,2015/2016,11.0000,Stade Malherbe Caen,Nantes,H,Patrice Garande,Michel Der Zakarian,0.0000,2.0000,0.0000,54.3655,59.4595,3.6481,20.8864,11.9289,0.4213,25.0000,13.2075,11.6957,0.4821,38.0952,47.7800,13.0000,1.0000,17.0000,1.2546,1.3464,1.2546,1.3464
3829513,2015-10-23,Ligue 1,2015/2016,11.0000,Nantes,Stade Malherbe Caen,A,Michel Der Zakarian,Patrice Garande,2.0000,0.0000,3.0000,45.6345,40.5405,3.7065,21.5632,14.6628,0.4744,9.0909,8.4746,10.3929,0.4475,34.9282,50.9025,15.0000,1.0000,10.0000,1.3464,1.2546,1.3464,1.2546
3829514,2015-10-24,Ligue 1,2015/2016,11.0000,Angers,Guingamp,H,Stéphane Moulin,Jocelyn Gourvennec,0.0000,0.0000,1.0000,50.2781,50.5155,4.3226,20.4200,11.4428,0.3671,7.6923,10.7143,14.6364,0.4161,33.8710,52.1815,9.0000,2.0000,11.0000,0.2971,1.2468,0.2971,1.2468
3829514,2015-10-24,Ligue 1,2015/2016,11.0000,Guingamp,Angers,A,Jocelyn Gourvennec,Stéphane Moulin,0.0000,0.0000,1.0000,49.7219,49.4845,4.1935,20.2834,11.7949,0.3291,0.0000,6.1947,15.5238,0.2633,35.2941,50.5247,9.0000,0.0000,10.0000,1.2468,0.2971,1.2468,0.2971
3829515,2015-10-24,Ligue 1,2015/2016,11.0000,Montpellier,Bastia,H,Rolland Courbis,Ghislain Printant,2.0000,0.0000,3.0000,48.3660,50.6173,4.7500,20.8317,13.6842,0.3503,14.2857,5.1724,16.9231,0.3345,50.8108,49.6330,8.0000,1.0000,10.0000,0.5357,0.7182,0.5357,0.7182
3829515,2015-10-24,Ligue 1,2015/2016,11.0000,Bastia,Montpellier,A,Ghislain Printant,Rolland Courbis,0.0000,2.0000,0.0000,51.6340,49.3827,4.8641,20.8419,13.5729,0.3522,0.0000,11.2150,14.8889,0.3900,36.6337,51.7104,11.0000,0.0000,13.0000,0.7182,0.5357,0.7182,0.5357
3829516,2015-10-24,Ligue 1,2015/2016,11.0000,Lorient,Rennes,H,Sylvain Ripoll,Philippe Jacques William Montanier,1.0000,1.0000,1.0000,45.6346,52.4038,4.6598,22.0971,16.5929,0.3413,25.0000,10.6383,23.2500,0.3096,56.6845,51.4056,11.0000,0.0000,10.0000,0.9717,0.8428,0.9717,0.8428
3829516,2015-10-24,Ligue 1,2015/2016,11.0000,Rennes,Lorient,A,Philippe Jacques William Montanier,Sylvain Ripoll,1.0000,1.0000,1.0000,54.3654,47.5962,5.6327,21.6223,13.4058,0.3250,20.0000,12.9496,11.3871,0.3826,43.8144,52.1270,14.0000,1.0000,11.0000,0.8428,0.9717,0.8428,0.9717
3829517,2015-10-24,Ligue 1,2015/2016,11.0000,Gazélec Ajaccio,OGC Nice,H,Thierry Laurey,Claude Puel,3.0000,1.0000,3.0000,37.5000,46.3277,3.9036,25.4168,20.6790,0.4602,0.0000,9.5652,21.1818,0.2943,40.3315,47.5824,15.0000,0.0000,12.0000,0.7468,0.3493,0.7468,0.3493
3829517,2015-10-24,Ligue 1,2015/2016,11.0000,OGC Nice,Gazélec Ajaccio,A,Claude Puel,Thierry Laurey,1.0000,3.0000,0.0000,62.5000,53.6723,6.1209,22.7873,17.2352,0.2702,42.8571,8.5938,15.9375,0.4255,42.6752,50.7950,8.0000,0.0000,9.0000,0.3493,0.7468,0.3493,0.7468
3829518,2015-10-25,Ligue 1,2015/2016,11.0000,Lille,Olympique de Marseille,H,Hervé Renard,Míchel,1.0000,2.0000,0.0000,51.9704,50.2825,3.3271,19.7935,13.2022,0.4140,11.1111,5.0000,7.9118,0.4154,48.1481,60.0140,15.0000,0.0000,10.0000,0.6873,1.4591,0.6873,1.4591
3829518,2015-10-25,Ligue 1,2015/2016,11.0000,Olympique de Marseille,Lille,A,Míchel,Hervé Renard,2.0000,1.0000,3.0000,0.0000,0.0000,,,,,,,,0.0000,,,0.0000,0.0000,0.0000,0.0000,2.1464,0.0000,2.1464
3829519,2015-10-25,Ligue 1,2015/2016,11.0000,Paris Saint-Germain,Saint-Étienne,H,Laurent Blanc,Christophe Galtier,4.0000,1.0000,3.0000,68.8889,63.9485,8.6364,18.0209,8.0702,0.2183,83.3333,11.5607,12.9048,0.4138,31.5476,48.2847,14.0000,2.0000,21.0000,4.1259,0.7544,4.1259,0.7544
3829519,2015-10-25,Ligue 1,2015/2016,11.0000,Saint-Étienne,Paris Saint-Germain,A,Christophe Galtier,Laurent Blanc,1.0000,4.0000,0.0000,31.1111,36.0515,3.8791,19.8175,11.8980,0.3754,25.0000,7.4074,30.9545,0.3459,47.9100,53.8469,14.0000,0.0000,14.0000,0.7544,4.1259,0.7544,4.1259
3829520,2015-10-25,Ligue 1,2015/2016,11.0000,Stade de Reims,AS Monaco,H,Olivier Guégan,Leonardo Jardim,0.0000,1.0000,0.0000,55.6202,57.0652,5.4526,20.4426,12.5483,0.2740,40.0000,10.6870,15.4091,0.2838,40.7692,54.6174,14.0000,0.0000,13.0000,1.0710,1.2336,1.0710,1.2336
3829520,2015-10-25,Ligue 1,2015/2016,11.0000,AS Monaco,Stade de Reims,A,Leonardo Jardim,Olivier Guégan,1.0000,0.0000,3.0000,44.3798,42.9348,4.1327,21.5447,13.8272,0.3354,0.0000,9.5238,14.4815,0.3833,32.2727,49.4592,9.0000,1.0000,16.0000,1.2336,1.0710,1.2336,1.0710
3829521,2015-10-25,Ligue 1,2015/2016,11.0000,Bordeaux,Troyes,H,Willy Sagnol,Jean-Marc Furlan,1.0000,0.0000,3.0000,54.5000,55.0505,4.0769,20.1290,12.5786,0.3861,0.0000,11.1111,14.9545,0.4396,45.0000,53.9647,11.0000,0.0000,15.0000,0.8520,0.9310,0.8520,0.9310
3829521,2015-10-25,Ligue 1,2015/2016,11.0000,Troyes,Bordeaux,A,Jean-Marc Furlan,Willy Sagnol,0.0000,1.0000,0.0000,45.5000,44.9495,3.7333,22.3204,17.8571,0.4165,6.2500,6.5041,12.1250,0.2991,38.6503,45.1790,6.0000,0.0000,11.0000,0.9310,0.8520,0.9310,0.8520
3900490,2015-10-30,Ligue 1,2015/2016,12.0000,Rennes,Paris Saint-Germain,H,Philippe Jacques William Montanier,Laurent Blanc,0.0000,1.0000,0.0000,35.7664,32.2709,5.2308,19.7361,11.7647,0.3128,0.0000,6.7308,14.7838,0.3119,42.1053,50.8847,14.0000,0.0000,6.0000,0.3104,0.6718,0.3104,0.6718
3900490,2015-10-30,Ligue 1,2015/2016,12.0000,Paris Saint-Germain,Rennes,A,Laurent Blanc,Philippe Jacques William Montanier,1.0000,0.0000,3.0000,64.2336,67.7291,7.2039,18.9255,7.9515,0.2097,50.0000,8.4577,9.4242,0.4535,46.0000,55.2230,10.0000,1.0000,13.0000,0.6718,0.3104,0.6718,0.3104
3900491,2015-10-31,Ligue 1,2015/2016,12.0000,Saint-Étienne,Stade de Reims,H,Christophe Galtier,Olivier Guégan,3.0000,0.0000,3.0000,58.0161,55.0000,4.5000,21.2428,13.7778,0.3847,0.0000,15.6716,9.1429,0.3901,40.1408,50.7864,13.0000,0.0000,20.0000,2.7204,0.6167,2.7204,0.6167
3900491,2015-10-31,Ligue 1,2015/2016,12.0000,Stade de Reims,Saint-Étienne,A,Olivier Guégan,Christophe Galtier,0.0000,3.0000,0.0000,41.9839,45.0000,2.8350,21.4876,12.6712,0.4216,0.0000,15.7303,15.0833,0.2565,32.5581,47.8315,14.0000,0.0000,8.0000,0.6167,2.7204,0.6167,2.7204
3900492,2015-10-31,Ligue 1,2015/2016,12.0000,Guingamp,Lorient,H,Jocelyn Gourvennec,Sylvain Ripoll,2.0000,2.0000,1.0000,37.6000,42.3280,3.0769,22.2845,15.7143,0.4229,0.0000,10.1010,19.8500,0.3095,35.5030,41.9415,5.0000,0.0000,13.0000,1.0473,1.5506,1.0473,0.7671
3900492,2015-10-31,Ligue 1,2015/2016,12.0000,Lorient,Guingamp,A,Sylvain Ripoll,Jocelyn Gourvennec,2.0000,2.0000,1.0000,62.4000,57.6720,5.6818,19.3601,11.4000,0.2676,41.6667,9.0909,10.5714,0.4590,35.7616,49.8224,8.0000,0.0000,12.0000,1.5506,1.0473,0.7671,1.0473
3900493,2015-10-31,Ligue 1,2015/2016,12.0000,Troyes,Lyon,H,Jean-Marc Furlan,Hubert Fournier,0.0000,1.0000,0.0000,31.6514,19.8198,2.8218,21.5496,16.8421,0.4502,5.2632,4.5977,16.1200,0.2966,33.0317,42.4872,5.0000,1.0000,8.0000,0.4760,2.6251,0.4760,1.8416
3900493,2015-10-31,Ligue 1,2015/2016,12.0000,Lyon,Troyes,A,Hubert Fournier,Jean-Marc Furlan,1.0000,0.0000,3.0000,68.3486,80.1802,6.5047,17.9785,7.7586,0.2779,0.0000,7.7966,10.3200,0.3652,56.3492,56.4511,11.0000,1.0000,30.0000,2.6251,0.4760,1.8416,0.4760
3900494,2015-10-31,Ligue 1,2015/2016,12.0000,Gazélec Ajaccio,Bordeaux,H,Thierry Laurey,Willy Sagnol,2.0000,0.0000,3.0000,45.3159,37.2727,3.7835,23.8996,18.5286,0.4542,0.0000,7.4380,9.6364,0.3586,40.5556,44.4914,13.0000,1.0000,8.0000,0.4933,0.2197,0.4933,0.2197
3900494,2015-10-31,Ligue 1,2015/2016,12.0000,Bordeaux,Gazélec Ajaccio,A,Willy Sagnol,Thierry Laurey,0.0000,2.0000,0.0000,54.6841,62.7273,3.8482,20.3977,11.6009,0.3829,16.6667,8.9172,11.0741,0.4327,44.4444,53.4068,12.0000,0.0000,7.0000,0.2197,0.4933,0.2197,0.4933
3900495,2015-10-31,Ligue 1,2015/2016,12.0000,Bastia,Stade Malherbe Caen,H,Ghislain Printant,Patrice Garande,1.0000,0.0000,3.0000,52.7168,48.4694,3.7290,22.8416,20.0501,0.4334,0.0000,9.8485,8.5312,0.3643,38.9262,54.5700,11.0000,0.0000,12.0000,0.6814,0.3285,0.6814,0.3285
3900495,2015-10-31,Ligue 1,2015/2016,12.0000,Stade Malherbe Caen,Bastia,A,Patrice Garande,Ghislain Printant,0.0000,1.0000,0.0000,47.2832,51.5306,3.4950,22.0949,16.4306,0.4841,0.0000,14.4000,10.1250,0.3004,45.9854,48.4937,7.0000,0.0000,5.0000,0.3285,0.6814,0.3285,0.6814
3900496,2015-10-31,Ligue 1,2015/2016,12.0000,Toulouse,Montpellier,H,Dominique Arribagé,Rolland Courbis,1.0000,1.0000,1.0000,46.9478,51.1737,3.6600,19.1503,12.8415,0.4086,0.0000,11.1940,7.1333,0.5335,37.6471,51.9241,18.0000,1.0000,10.0000,0.6930,0.3993,0.6930,0.3993
3900496,2015-10-31,Ligue 1,2015/2016,12.0000,Montpellier,Toulouse,A,Rolland Courbis,Dominique Arribagé,1.0000,1.0000,1.0000,53.0522,48.8263,3.4576,20.9507,15.9314,0.4257,0.0000,7.0796,7.0500,0.5319,37.3333,46.9914,9.0000,0.0000,7.0000,0.3993,0.6930,0.3993,0.6930
3900497,2015-11-01,Ligue 1,2015/2016,12.0000,OGC Nice,Lille,H,Claude Puel,Hervé Renard,0.0000,0.0000,1.0000,57.3304,51.4451,4.4135,18.3392,9.8039,0.3684,33.3333,6.9565,6.7949,0.4410,47.0930,49.2961,9.0000,0.0000,10.0000,1.1551,0.5085,1.1551,0.5085
3900497,2015-11-01,Ligue 1,2015/2016,12.0000,Lille,OGC Nice,A,Hervé Renard,Claude Puel,0.0000,0.0000,1.0000,42.6696,48.5549,3.1143,19.8188,14.3731,0.4967,16.6667,6.7308,9.0233,0.4618,40.4959,51.8058,12.0000,1.0000,10.0000,0.5085,1.1551,0.5085,1.1551
3900498,2015-11-01,Ligue 1,2015/2016,12.0000,AS Monaco,Angers,H,Leonardo Jardim,Stéphane Moulin,1.0000,0.0000,3.0000,50.7797,51.3228,4.4327,19.5513,11.2798,0.2978,15.3846,6.2992,11.5938,0.4059,39.0244,51.6907,10.0000,0.0000,15.0000,2.2274,0.7621,2.2274,0.7621
3900498,2015-11-01,Ligue 1,2015/2016,12.0000,Angers,AS Monaco,A,Stéphane Moulin,Leonardo Jardim,0.0000,1.0000,0.0000,49.2203,48.6772,4.7895,18.6699,10.3297,0.4012,14.2857,3.1496,13.7500,0.3474,35.3591,49.0462,8.0000,1.0000,15.0000,0.7621,2.2274,0.7621,2.2274
3900499,2015-11-01,Ligue 1,2015/2016,12.0000,Nantes,Olympique de Marseille,H,Michel Der Zakarian,Míchel,0.0000,1.0000,0.0000,46.9681,64.8352,3.4561,19.5293,12.6904,0.4392,33.3333,3.9474,10.7436,0.4070,52.8571,53.6421,14.0000,0.0000,12.0000,0.8380,0.9718,0.8380,0.9718
3900499,2015-11-01,Ligue 1,2015/2016,12.0000,Olympique de Marseille,Nantes,A,Míchel,Michel Der Zakarian,1.0000,0.0000,3.0000,53.0319,35.1648,4.1273,20.3217,13.6564,0.3610,12.5000,9.6774,10.0345,0.4333,37.3737,48.2921,11.0000,2.0000,12.0000,0.9718,0.8380,0.9718,0.8380
3829522,2015-11-04,Ligue 1,2015/2016,9.0000,OGC Nice,Nantes,H,Claude Puel,Michel Der Zakarian,1.0000,2.0000,0.0000,61.3372,56.1086,5.2273,19.0160,9.2174,0.2619,25.0000,7.0423,9.4286,0.3684,33.3333,48.4094,12.0000,1.0000,10.0000,1.3781,2.1579,1.3781,2.1579
3829522,2015-11-04,Ligue 1,2015/2016,9.0000,Nantes,OGC Nice,A,Michel Der Zakarian,Claude Puel,2.0000,1.0000,3.0000,38.6628,43.8914,3.7634,21.0766,14.8571,0.4016,14.2857,13.9130,14.0000,0.3270,36.2319,51.5041,13.0000,0.0000,12.0000,2.1579,1.3781,2.1579,1.3781
3900500,2015-11-06,Ligue 1,2015/2016,13.0000,Angers,Rennes,H,Stéphane Moulin,Philippe Jacques William Montanier,0.0000,2.0000,0.0000,47.9618,47.5983,4.0833,19.7570,9.5918,0.3355,22.2222,8.3333,17.4800,0.3717,56.5022,55.9650,20.0000,0.0000,19.0000,2.1572,0.6141,1.3737,0.6141
3900500,2015-11-06,Ligue 1,2015/2016,13.0000,Rennes,Angers,A,Philippe Jacques William Montanier,Stéphane Moulin,2.0000,0.0000,3.0000,52.0382,52.4017,5.5644,20.5376,12.6335,0.3144,16.6667,9.3333,14.4074,0.3526,37.9487,45.5406,8.0000,1.0000,10.0000,0.6141,2.1572,0.6141,1.3737
3900501,2015-11-07,Ligue 1,2015/2016,13.0000,Paris Saint-Germain,Toulouse,H,Laurent Blanc,Dominique Arribagé,5.0000,0.0000,3.0000,69.5578,78.4946,8.2340,19.0258,8.7855,0.1831,57.1429,6.1728,6.5952,0.4693,63.0952,61.8952,14.0000,0.0000,15.0000,1.7106,0.2801,1.7106,0.2801
3900501,2015-11-07,Ligue 1,2015/2016,13.0000,Toulouse,Paris Saint-Germain,A,Dominique Arribagé,Laurent Blanc,0.0000,5.0000,0.0000,30.4422,21.5054,3.8750,18.0120,9.0323,0.3368,0.0000,5.7143,30.1765,0.2213,18.7845,42.7043,8.0000,0.0000,7.0000,0.2801,1.7106,0.2801,1.7106
3900502,2015-11-07,Ligue 1,2015/2016,13.0000,Lorient,Troyes,H,Sylvain Ripoll,Jean-Marc Furlan,4.0000,1.0000,3.0000,58.7074,63.3858,5.7075,18.6628,9.9174,0.3138,33.3333,11.1111,15.3636,0.2870,44.6970,49.2922,17.0000,0.0000,30.0000,3.1231,1.5951,2.3396,0.8116
3900502,2015-11-07,Ligue 1,2015/2016,13.0000,Troyes,Lorient,A,Jean-Marc Furlan,Sylvain Ripoll,1.0000,4.0000,0.0000,41.2926,36.6142,4.1020,21.9628,16.4179,0.3525,10.5263,6.7797,16.4286,0.3303,32.4074,42.8444,5.0000,0.0000,13.0000,1.5951,3.1231,0.8116,2.3396
3900503,2015-11-07,Ligue 1,2015/2016,13.0000,Lille,Bastia,H,Hervé Renard,Ghislain Printant,1.0000,1.0000,1.0000,63.0670,74.8634,4.8611,19.8422,11.0476,0.3632,71.4286,7.3171,10.1923,0.3480,50.4202,60.5295,19.0000,0.0000,11.0000,1.3608,0.5275,1.3608,0.5275
3900503,2015-11-07,Ligue 1,2015/2016,13.0000,Bastia,Lille,A,Ghislain Printant,Hervé Renard,1.0000,1.0000,1.0000,36.9330,25.1366,3.3448,24.0700,23.0241,0.4016,20.0000,11.2676,24.8750,0.2466,32.6389,43.7565,7.0000,0.0000,9.0000,0.5275,1.3608,0.5275,1.3608
3900504,2015-11-07,Ligue 1,2015/2016,13.0000,Montpellier,Nantes,H,Rolland Courbis,Michel Der Zakarian,2.0000,1.0000,3.0000,48.7537,51.4286,4.3000,20.8645,14.8837,0.3230,8.3333,10.0000,18.3500,0.2218,47.3684,48.5292,6.0000,1.0000,10.0000,1.9781,0.6175,1.9781,0.6175
3900504,2015-11-07,Ligue 1,2015/2016,13.0000,Nantes,Montpellier,A,Michel Der Zakarian,Rolland Courbis,1.0000,2.0000,0.0000,51.2463,48.5714,4.8737,21.4122,15.1188,0.3565,12.5000,14.7287,13.1923,0.4192,32.1951,51.2823,17.0000,0.0000,10.0000,0.6175,1.9781,0.6175,1.9781
3900505,2015-11-07,Ligue 1,2015/2016,13.0000,Stade Malherbe Caen,Guingamp,H,Patrice Garande,Jocelyn Gourvennec,2.0000,1.0000,3.0000,41.3559,55.1724,2.9709,21.2611,19.2810,0.4996,0.0000,12.4031,15.6538,0.3160,37.1951,49.8229,17.0000,1.0000,16.0000,1.3203,1.3751,1.3203,1.3751
3900505,2015-11-07,Ligue 1,2015/2016,13.0000,Guingamp,Stade Malherbe Caen,A,Jocelyn Gourvennec,Patrice Garande,1.0000,2.0000,0.0000,58.6441,44.8276,4.3942,21.3101,13.5667,0.4006,40.0000,8.7302,9.0400,0.4454,44.1718,55.7245,19.0000,1.0000,12.0000,1.3751,1.3203,1.3751,1.3203
3900506,2015-11-07,Ligue 1,2015/2016,13.0000,Stade de Reims,Gazélec Ajaccio,H,Olivier Guégan,Thierry Laurey,1.0000,2.0000,0.0000,59.8577,67.0270,4.7027,20.3007,13.2184,0.3161,0.0000,9.6154,11.7308,0.2608,50.4854,60.4619,18.0000,1.0000,16.0000,1.4191,0.6156,1.4191,0.6156
3900506,2015-11-07,Ligue 1,2015/2016,13.0000,Gazélec Ajaccio,Stade de Reims,A,Thierry Laurey,Olivier Guégan,2.0000,1.0000,3.0000,40.1423,32.9730,4.0465,21.4583,15.2299,0.3970,9.0909,11.1111,15.3462,0.2903,32.1637,47.2558,9.0000,1.0000,10.0000,0.6156,1.4191,0.6156,1.4191
3900507,2015-11-08,Ligue 1,2015/2016,13.0000,Olympique de Marseille,OGC Nice,H,Míchel,Claude Puel,0.0000,1.0000,0.0000,55.7073,71.3592,4.4386,21.4220,13.2411,0.3496,60.0000,7.8652,10.0000,0.4053,59.7826,61.8525,22.0000,1.0000,17.0000,0.9682,0.6236,0.9682,0.6236
3900507,2015-11-08,Ligue 1,2015/2016,13.0000,OGC Nice,Olympique de Marseille,A,Claude Puel,Míchel,1.0000,0.0000,3.0000,44.2927,28.6408,4.0300,18.3882,10.1737,0.3817,0.0000,6.4935,20.1579,0.3082,22.1591,40.2647,6.0000,2.0000,9.0000,0.6236,0.9682,0.6236,0.9682
3900508,2015-11-08,Ligue 1,2015/2016,13.0000,Bordeaux,AS Monaco,H,Willy Sagnol,Leonardo Jardim,3.0000,1.0000,3.0000,37.6059,35.8209,4.1447,22.0025,16.5079,0.3537,0.0000,11.7647,15.0000,0.3158,40.8602,43.6395,8.0000,1.0000,10.0000,1.2782,1.3915,1.2782,1.3915
3900508,2015-11-08,Ligue 1,2015/2016,13.0000,AS Monaco,Bordeaux,A,Leonardo Jardim,Willy Sagnol,1.0000,3.0000,0.0000,62.3941,64.1791,5.0680,20.4693,11.1111,0.3390,57.1429,7.5949,8.5000,0.2704,41.6667,54.1269,10.0000,0.0000,14.0000,1.3915,1.2782,1.3915,1.2782
3900509,2015-11-08,Ligue 1,2015/2016,13.0000,Lyon,Saint-Étienne,H,Hubert Fournier,Christophe Galtier,3.0000,0.0000,3.0000,58.6164,68.0233,3.6636,21.5967,13.1514,0.3799,0.0000,7.9137,9.6154,0.3951,50.7692,54.7404,13.0000,0.0000,17.0000,2.3793,0.1638,2.3793,0.1638
3900509,2015-11-08,Ligue 1,2015/2016,13.0000,Saint-Étienne,Lyon,A,Christophe Galtier,Hubert Fournier,0.0000,3.0000,0.0000,41.3836,31.9767,2.8602,22.4426,16.1654,0.4541,0.0000,11.2500,11.9615,0.3691,33.1395,49.2833,10.0000,0.0000,6.0000,0.1638,2.3793,0.1638,2.3793
3900510,2015-11-20,Ligue 1,2015/2016,14.0000,OGC Nice,Lyon,H,Claude Puel,Hubert Fournier,3.0000,0.0000,3.0000,50.2435,41.9847,5.9082,19.3875,11.3990,0.2753,0.0000,11.6279,16.8333,0.3295,29.2079,43.6748,5.0000,1.0000,13.0000,2.6017,1.0420,2.6017,1.0420
3900510,2015-11-20,Ligue 1,2015/2016,14.0000,Lyon,OGC Nice,A,Hubert Fournier,Claude Puel,0.0000,3.0000,0.0000,49.7565,58.0153,5.5437,19.2420,8.4063,0.3004,20.0000,5.8511,15.6667,0.2940,48.3516,53.9346,15.0000,0.0000,13.0000,1.0420,2.6017,1.0420,2.6017
3900511,2015-11-21,Ligue 1,2015/2016,14.0000,Lorient,Paris Saint-Germain,H,Sylvain Ripoll,Laurent Blanc,1.0000,2.0000,0.0000,42.8220,60.6383,4.2991,20.8451,11.0870,0.3505,14.2857,8.5714,21.7692,0.2626,51.9126,52.9792,10.0000,1.0000,13.0000,0.9206,1.4018,0.9206,1.4018
3900511,2015-11-21,Ligue 1,2015/2016,14.0000,Paris Saint-Germain,Lorient,A,Laurent Blanc,Sylvain Ripoll,2.0000,1.0000,3.0000,57.1780,39.3617,6.4455,19.2668,8.1413,0.2438,42.8571,5.5556,8.5581,0.3276,45.6140,51.1541,7.0000,1.0000,8.0000,1.4018,0.9206,1.4018,0.9206
3900512,2015-11-21,Ligue 1,2015/2016,14.0000,Montpellier,Stade de Reims,H,Rolland Courbis,Olivier Guégan,3.0000,1.0000,3.0000,55.1148,58.5526,4.4393,20.1493,13.4737,0.2922,14.2857,10.5263,12.5185,0.3372,48.2759,50.5894,10.0000,0.0000,11.0000,3.0105,0.5784,3.0105,0.5784
3900512,2015-11-21,Ligue 1,2015/2016,14.0000,Stade de Reims,Montpellier,A,Olivier Guégan,Rolland Courbis,1.0000,3.0000,0.0000,44.8852,41.4474,4.0323,20.4175,13.6000,0.3984,10.0000,6.5934,12.4375,0.3258,33.7209,45.9355,9.0000,0.0000,11.0000,0.5784,3.0105,0.5784,3.0105
3900513,2015-11-21,Ligue 1,2015/2016,14.0000,Troyes,Lille,H,Jean-Marc Furlan,Patrick Collot,1.0000,1.0000,1.0000,52.1649,46.8880,4.0000,20.2076,12.2727,0.3305,10.0000,9.8485,8.6286,0.4634,43.7209,48.8880,12.0000,1.0000,10.0000,0.8611,1.2009,0.8611,1.2009
3900513,2015-11-21,Ligue 1,2015/2016,14.0000,Lille,Troyes,A,Patrick Collot,Jean-Marc Furlan,1.0000,1.0000,1.0000,47.8351,53.1120,3.5526,19.8658,12.0988,0.3853,0.0000,12.5000,9.0250,0.3834,52.5773,53.9803,15.0000,0.0000,16.0000,1.2009,0.8611,1.2009,0.8611
3900514,2015-11-21,Ligue 1,2015/2016,14.0000,Guingamp,Toulouse,H,Jocelyn Gourvennec,Dominique Arribagé,2.0000,0.0000,3.0000,46.0606,41.5663,3.1569,20.0970,10.5590,0.3776,0.0000,7.6923,8.4054,0.4090,40.6593,53.0060,13.0000,0.0000,7.0000,1.2666,1.3463,0.4831,1.3463
3900514,2015-11-21,Ligue 1,2015/2016,14.0000,Toulouse,Guingamp,A,Dominique Arribagé,Jocelyn Gourvennec,0.0000,2.0000,0.0000,53.9394,58.4337,4.4382,17.8301,8.1013,0.3939,25.0000,5.3571,8.7188,0.4395,34.1317,49.4642,18.0000,2.0000,15.0000,1.3463,1.2666,1.3463,0.4831
3900515,2015-11-21,Ligue 1,2015/2016,14.0000,AS Monaco,Nantes,H,Leonardo Jardim,Michel Der Zakarian,1.0000,0.0000,3.0000,54.6193,58.4906,4.7255,20.7885,13.6929,0.3434,11.1111,10.5590,13.7391,0.4295,41.1458,48.4376,7.0000,1.0000,9.0000,0.7492,0.4403,0.7492,0.4403
3900515,2015-11-21,Ligue 1,2015/2016,14.0000,Nantes,AS Monaco,A,Michel Der Zakarian,Leonardo Jardim,0.0000,1.0000,0.0000,45.3807,41.5094,4.0612,21.6476,16.0804,0.4113,16.6667,9.4828,18.0000,0.3866,38.4615,47.2449,7.0000,0.0000,12.0000,0.4403,0.7492,0.4403,0.7492
3900516,2015-11-22,Ligue 1,2015/2016,14.0000,Saint-Étienne,Olympique de Marseille,H,Christophe Galtier,Míchel,0.0000,2.0000,0.0000,48.3549,51.9774,4.6000,19.1791,12.5858,0.4056,50.0000,8.7719,12.8125,0.3803,38.5787,50.8952,12.0000,1.0000,13.0000,0.9343,2.1525,0.9343,2.1525
3900516,2015-11-22,Ligue 1,2015/2016,14.0000,Olympique de Marseille,Saint-Étienne,A,Míchel,Christophe Galtier,2.0000,0.0000,3.0000,51.6451,48.0226,4.6869,19.0252,9.6983,0.3361,27.2727,9.9010,12.6429,0.4268,40.0966,48.1060,16.0000,0.0000,15.0000,2.1525,0.9343,2.1525,0.9343
3900518,2015-11-22,Ligue 1,2015/2016,14.0000,Stade Malherbe Caen,Angers,H,Patrice Garande,Stéphane Moulin,0.0000,0.0000,1.0000,39.6209,32.3887,4.9481,22.1672,13.1234,0.3460,28.5714,12.0690,19.7143,0.2449,31.4103,48.8347,12.0000,0.0000,13.0000,0.4124,0.6410,0.4124,0.6410
3900518,2015-11-22,Ligue 1,2015/2016,14.0000,Angers,Stade Malherbe Caen,A,Stéphane Moulin,Patrice Garande,0.0000,0.0000,1.0000,60.3791,67.6113,6.2234,18.8649,9.0598,0.3030,25.0000,6.3492,13.2083,0.3182,54.1353,53.4348,12.0000,0.0000,11.0000,0.6410,0.4124,0.6410,0.4124
3900519,2015-11-22,Ligue 1,2015/2016,14.0000,Rennes,Bordeaux,H,Philippe Jacques William Montanier,Willy Sagnol,2.0000,2.0000,1.0000,47.2222,48.8764,4.0909,20.0520,11.8519,0.4112,22.2222,5.2174,12.5333,0.3411,38.8571,50.1153,10.0000,0.0000,8.0000,2.1221,2.2516,1.3386,2.2516
3900519,2015-11-22,Ligue 1,2015/2016,14.0000,Bordeaux,Rennes,A,Willy Sagnol,Philippe Jacques William Montanier,2.0000,2.0000,1.0000,52.7778,51.1236,4.7500,19.6377,13.3772,0.3711,14.2857,6.8966,12.2222,0.3747,40.6977,47.3018,9.0000,0.0000,8.0000,2.2516,2.1221,2.2516,1.3386
3900520,2015-11-27,Ligue 1,2015/2016,15.0000,Lyon,Montpellier,H,Hubert Fournier,Rolland Courbis,2.0000,4.0000,0.0000,64.8056,66.4975,5.4495,19.6484,10.2694,0.3318,12.5000,2.3669,6.1163,0.6459,47.3684,51.4263,11.0000,0.0000,13.0000,0.9483,3.0126,0.9483,3.0126
3900520,2015-11-27,Ligue 1,2015/2016,15.0000,Montpellier,Lyon,A,Rolland Courbis,Hubert Fournier,4.0000,2.0000,3.0000,35.1944,33.5025,3.1771,20.3251,17.3770,0.4766,0.0000,8.6957,15.8621,0.2754,41.3408,47.8468,11.0000,3.0000,15.0000,3.0126,0.9483,3.0126,0.9483
3900521,2015-11-28,Ligue 1,2015/2016,15.0000,Paris Saint-Germain,Troyes,H,Laurent Blanc,Jean-Marc Furlan,4.0000,1.0000,3.0000,63.4146,61.0895,6.7143,18.8233,8.0851,0.2579,83.3333,13.2979,9.1212,0.3494,56.5789,57.2278,15.0000,1.0000,21.0000,3.4534,0.4763,2.6699,0.4763
3900521,2015-11-28,Ligue 1,2015/2016,15.0000,Troyes,Paris Saint-Germain,A,Jean-Marc Furlan,Laurent Blanc,1.0000,4.0000,0.0000,36.5854,38.9105,4.2258,19.8749,14.2494,0.4093,25.0000,7.1429,18.8276,0.3196,38.5892,44.6521,10.0000,0.0000,11.0000,0.4763,3.4534,0.4763,2.6699
3900522,2015-11-28,Ligue 1,2015/2016,15.0000,Toulouse,OGC Nice,H,Dominique Arribagé,Claude Puel,2.0000,0.0000,3.0000,37.7853,52.2523,3.9038,19.0014,11.0837,0.3986,0.0000,4.5113,16.5588,0.3573,44.8669,50.6863,12.0000,5.0000,11.0000,2.2416,0.4247,1.4581,0.4247
3900522,2015-11-28,Ligue 1,2015/2016,15.0000,OGC Nice,Toulouse,A,Claude Puel,Dominique Arribagé,0.0000,2.0000,0.0000,62.2147,47.7477,5.9391,18.9816,9.3704,0.2302,50.0000,12.9310,13.0000,0.5682,38.9764,41.4672,4.0000,1.0000,8.0000,0.4247,2.2416,0.4247,1.4581
3900523,2015-11-28,Ligue 1,2015/2016,15.0000,Stade de Reims,Rennes,H,Olivier Guégan,Philippe Jacques William Montanier,2.0000,2.0000,1.0000,47.3684,53.6585,4.1111,20.9989,13.0221,0.3716,0.0000,10.6557,10.9143,0.3880,55.6701,55.8018,12.0000,0.0000,12.0000,0.9042,1.0954,0.9042,1.0954
3900523,2015-11-28,Ligue 1,2015/2016,15.0000,Rennes,Stade de Reims,A,Philippe Jacques William Montanier,Olivier Guégan,2.0000,2.0000,1.0000,52.6316,46.3415,4.8925,21.0075,13.4066,0.3866,0.0000,6.7961,9.9375,0.4667,35.2381,43.4030,8.0000,0.0000,11.0000,1.0954,0.9042,1.0954,0.9042
3900524,2015-11-28,Ligue 1,2015/2016,15.0000,Gazélec Ajaccio,Lorient,H,Thierry Laurey,Sylvain Ripoll,1.0000,1.0000,1.0000,45.6464,52.9148,5.5455,22.3460,16.5984,0.3979,25.0000,10.8571,12.8857,0.3430,43.8679,44.9312,10.0000,1.0000,18.0000,1.2204,0.9895,1.2204,0.2060
3900524,2015-11-28,Ligue 1,2015/2016,15.0000,Lorient,Gazélec Ajaccio,A,Sylvain Ripoll,Thierry Laurey,1.0000,1.0000,1.0000,54.3536,47.0852,5.0000,21.0217,15.6757,0.2970,16.6667,8.9655,16.5455,0.2755,44.7552,50.5165,9.0000,1.0000,5.0000,0.9895,1.2204,0.2060,1.2204
3900525,2015-11-28,Ligue 1,2015/2016,15.0000,Nantes,Bastia,H,Michel Der Zakarian,Ghislain Printant,0.0000,0.0000,1.0000,56.6486,71.3483,5.4943,20.6605,16.1088,0.3196,60.0000,12.3457,10.5161,0.2793,53.5714,61.5170,21.0000,0.0000,15.0000,0.9883,0.2804,0.9883,0.2804
3900525,2015-11-28,Ligue 1,2015/2016,15.0000,Bastia,Nantes,A,Ghislain Printant,Michel Der Zakarian,0.0000,0.0000,1.0000,43.3514,28.6517,3.7609,22.3909,18.4971,0.3387,0.0000,1.2821,23.8667,0.3073,26.7081,42.9090,6.0000,0.0000,6.0000,0.2804,0.9883,0.2804,0.9883
3900526,2015-11-28,Ligue 1,2015/2016,15.0000,Angers,Lille,H,Stéphane Moulin,Frédéric Antonetti,2.0000,0.0000,3.0000,47.5410,47.7273,4.8605,20.4722,13.1579,0.3549,20.0000,3.7037,9.7105,0.3320,39.4118,53.2589,9.0000,0.0000,9.0000,1.2400,0.5055,1.2400,0.5055
3900526,2015-11-28,Ligue 1,2015/2016,15.0000,Lille,Angers,A,Frédéric Antonetti,Stéphane Moulin,0.0000,2.0000,0.0000,52.4590,52.2727,4.8316,20.3412,11.5468,0.3793,100.0000,7.4074,11.7000,0.3147,46.5753,52.5611,18.0000,0.0000,8.0000,0.5055,1.2400,0.5055,1.2400
3900527,2015-11-29,Ligue 1,2015/2016,15.0000,Olympique de Marseille,AS Monaco,H,Míchel,Leonardo Jardim,3.0000,3.0000,1.0000,63.8889,63.8418,4.8039,19.5174,11.6327,0.3038,28.5714,8.7591,8.1852,0.4808,42.0000,57.1909,18.0000,1.0000,12.0000,2.0611,1.5518,2.0611,1.5518
3900527,2015-11-29,Ligue 1,2015/2016,15.0000,AS Monaco,Olympique de Marseille,A,Leonardo Jardim,Míchel,3.0000,3.0000,1.0000,36.1111,36.1582,2.8778,19.9502,11.9691,0.4986,0.0000,5.9524,9.6500,0.3351,41.6216,48.4709,8.0000,2.0000,10.0000,1.5518,2.0611,1.5518,2.0611
3900528,2015-11-29,Ligue 1,2015/2016,15.0000,Bordeaux,Stade Malherbe Caen,H,Willy Sagnol,Patrice Garande,1.0000,4.0000,0.0000,67.9245,74.4770,5.4128,18.5892,8.4746,0.3024,25.0000,9.4059,7.1613,0.4739,55.1724,58.1269,20.0000,0.0000,11.0000,0.7673,2.1563,0.7673,2.1563
3900528,2015-11-29,Ligue 1,2015/2016,15.0000,Stade Malherbe Caen,Bordeaux,A,Patrice Garande,Willy Sagnol,4.0000,1.0000,3.0000,32.0755,25.5230,3.0233,22.0007,17.6923,0.5129,0.0000,5.2632,19.2381,0.3225,27.7512,41.1818,7.0000,0.0000,12.0000,2.1563,0.7673,2.1563,0.7673
3900529,2015-11-29,Ligue 1,2015/2016,15.0000,Saint-Étienne,Guingamp,H,Christophe Galtier,Jocelyn Gourvennec,3.0000,0.0000,3.0000,55.8743,51.2658,3.3558,19.3940,10.6017,0.4583,40.0000,8.9109,7.7500,0.3963,48.4375,49.3969,10.0000,2.0000,11.0000,2.7360,1.5833,1.9525,1.5833
3900529,2015-11-29,Ligue 1,2015/2016,15.0000,Guingamp,Saint-Étienne,A,Jocelyn Gourvennec,Christophe Galtier,0.0000,3.0000,0.0000,44.1257,48.7342,2.2609,21.5911,16.1538,0.5549,16.6667,12.3711,13.7273,0.3863,42.4051,44.9096,9.0000,2.0000,14.0000,1.5833,2.7360,1.5833,1.9525
3900530,2015-12-01,Ligue 1,2015/2016,16.0000,Nantes,Lyon,H,Michel Der Zakarian,Hubert Fournier,0.0000,0.0000,1.0000,41.0906,50.7772,4.3596,22.4918,17.7835,0.3894,0.0000,9.0226,13.4118,0.2545,40.9091,52.9483,11.0000,0.0000,9.0000,0.9025,0.5592,0.9025,0.5592
3900530,2015-12-01,Ligue 1,2015/2016,16.0000,Lyon,Nantes,A,Hubert Fournier,Michel Der Zakarian,0.0000,0.0000,1.0000,58.9094,49.2228,5.2816,20.3315,10.6618,0.2913,0.0000,4.0000,13.1304,0.3649,40.9091,45.1817,7.0000,2.0000,10.0000,0.5592,0.9025,0.5592,0.9025
3900531,2015-12-01,Ligue 1,2015/2016,16.0000,Lorient,OGC Nice,H,Sylvain Ripoll,Claude Puel,0.0000,0.0000,1.0000,50.1773,60.8696,4.5636,20.0772,11.7530,0.3105,20.0000,7.0175,13.2424,0.4093,53.4783,56.6098,16.0000,0.0000,10.0000,0.3367,1.1084,0.3367,1.1084
3900531,2015-12-01,Ligue 1,2015/2016,16.0000,OGC Nice,Lorient,A,Claude Puel,Sylvain Ripoll,0.0000,0.0000,1.0000,49.8227,39.1304,5.5484,21.6806,15.8915,0.3259,0.0000,10.4839,14.9200,0.3004,40.0000,45.3632,6.0000,0.0000,12.0000,1.1084,0.3367,1.1084,0.3367
3900532,2015-12-01,Ligue 1,2015/2016,16.0000,Angers,Paris Saint-Germain,H,Stéphane Moulin,Laurent Blanc,0.0000,0.0000,1.0000,25.0679,21.7593,3.5441,21.5615,14.1079,0.4870,0.0000,13.8462,37.7333,0.2995,23.3871,43.0455,7.0000,0.0000,8.0000,0.3427,0.8123,0.3427,0.8123
3900532,2015-12-01,Ligue 1,2015/2016,16.0000,Paris Saint-Germain,Angers,A,Laurent Blanc,Stéphane Moulin,0.0000,0.0000,1.0000,74.9321,78.2407,8.9540,18.9848,7.3171,0.1905,100.0000,6.7961,9.8636,0.3791,60.0000,59.5479,21.0000,0.0000,12.0000,0.8123,0.3427,0.8123,0.3427
3900533,2015-12-02,Ligue 1,2015/2016,16.0000,AS Monaco,Stade Malherbe Caen,H,Leonardo Jardim,Patrice Garande,1.0000,1.0000,1.0000,60.8614,63.9269,4.9237,20.7614,12.7367,0.3492,66.6667,9.3567,30.4000,0.3565,47.6510,45.4135,5.0000,0.0000,11.0000,0.9674,0.4749,0.9674,0.4749
3900533,2015-12-02,Ligue 1,2015/2016,16.0000,Stade Malherbe Caen,AS Monaco,A,Patrice Garande,Leonardo Jardim,1.0000,1.0000,1.0000,39.1386,36.0731,3.7959,23.1845,18.8172,0.4777,0.0000,14.7826,15.2667,0.2477,22.9814,47.8964,10.0000,0.0000,9.0000,0.4749,0.9674,0.4749,0.9674
3900534,2015-12-02,Ligue 1,2015/2016,16.0000,Bastia,Bordeaux,H,Ghislain Printant,Willy Sagnol,1.0000,0.0000,3.0000,48.9253,46.8085,4.0971,22.5673,19.9052,0.4595,0.0000,6.6667,12.9231,0.4228,33.1754,45.5496,5.0000,2.0000,9.0000,1.0814,0.3245,1.0814,0.3245
3900534,2015-12-02,Ligue 1,2015/2016,16.0000,Bordeaux,Bastia,A,Willy Sagnol,Ghislain Printant,0.0000,1.0000,0.0000,51.0747,53.1915,4.1308,19.1019,9.9548,0.4310,25.0000,4.9180,19.9444,0.2929,52.1429,49.0093,11.0000,0.0000,6.0000,0.3245,1.0814,0.3245,1.0814
3900535,2015-12-02,Ligue 1,2015/2016,16.0000,Lille,Saint-Étienne,H,Frédéric Antonetti,Christophe Galtier,1.0000,0.0000,3.0000,48.3995,57.7114,2.7636,22.5396,17.7632,0.3994,20.0000,9.0909,10.4815,0.3077,38.7097,53.8289,15.0000,0.0000,15.0000,0.4512,0.3721,0.4512,0.3721
3900535,2015-12-02,Ligue 1,2015/2016,16.0000,Saint-Étienne,Lille,A,Christophe Galtier,Frédéric Antonetti,0.0000,1.0000,0.0000,51.6005,42.2886,3.5361,22.5244,14.8688,0.4150,38.4615,3.5398,7.1562,0.4048,33.3333,51.1055,11.0000,0.0000,9.0000,0.3721,0.4512,0.3721,0.4512
3900536,2015-12-02,Ligue 1,2015/2016,16.0000,Montpellier,Gazélec Ajaccio,H,Rolland Courbis,Thierry Laurey,0.0000,2.0000,0.0000,64.4211,81.2500,4.7155,19.9962,13.3455,0.3204,66.6667,10.0503,12.6818,0.3757,52.7559,62.2539,26.0000,0.0000,16.0000,1.4322,0.8857,1.4322,0.8857
3900536,2015-12-02,Ligue 1,2015/2016,16.0000,Gazélec Ajaccio,Montpellier,A,Thierry Laurey,Rolland Courbis,2.0000,0.0000,3.0000,35.5789,18.7500,3.3636,23.2920,19.2568,0.5203,0.0000,9.7222,15.0385,0.3023,24.8649,41.1736,1.0000,0.0000,6.0000,0.8857,1.4322,0.8857,1.4322
3900537,2015-12-02,Ligue 1,2015/2016,16.0000,Troyes,Toulouse,H,Jean-Marc Furlan,Dominique Arribagé,0.0000,3.0000,0.0000,62.6131,63.1148,4.7966,19.8653,12.3675,0.3294,75.0000,8.0925,10.0800,0.3038,40.7080,46.3446,12.0000,0.0000,18.0000,0.8113,1.8639,0.8113,1.8639
3900537,2015-12-02,Ligue 1,2015/2016,16.0000,Toulouse,Troyes,A,Dominique Arribagé,Jean-Marc Furlan,3.0000,0.0000,3.0000,37.3869,36.8852,3.4255,17.8602,10.2484,0.3650,0.0000,7.5472,13.4516,0.3323,40.0966,45.5238,9.0000,2.0000,11.0000,1.8639,0.8113,1.8639,0.8113
3900538,2015-12-02,Ligue 1,2015/2016,16.0000,Guingamp,Stade de Reims,H,Jocelyn Gourvennec,Olivier Guégan,1.0000,2.0000,0.0000,54.3584,58.8957,3.4464,19.7021,12.4352,0.4065,0.0000,8.4615,8.0857,0.4668,51.7045,52.9608,11.0000,1.0000,8.0000,0.4733,1.1308,0.4733,1.1308
3900538,2015-12-02,Ligue 1,2015/2016,16.0000,Stade de Reims,Guingamp,A,Olivier Guégan,Jocelyn Gourvennec,2.0000,1.0000,3.0000,45.6416,41.1043,3.0874,21.4571,14.4654,0.4235,0.0000,1.1905,10.3000,0.2717,38.5246,48.3561,9.0000,3.0000,6.0000,1.1308,0.4733,1.1308,0.4733
3900539,2015-12-03,Ligue 1,2015/2016,16.0000,Rennes,Olympique de Marseille,H,Philippe Jacques William Montanier,Míchel,0.0000,1.0000,0.0000,50.1006,56.1856,4.2913,19.8395,11.3122,0.3251,50.0000,11.0169,11.3125,0.3992,46.4646,53.9169,19.0000,0.0000,10.0000,0.7382,0.8233,0.7382,0.8233
3900539,2015-12-03,Ligue 1,2015/2016,16.0000,Olympique de Marseille,Rennes,A,Míchel,Philippe Jacques William Montanier,1.0000,0.0000,3.0000,49.8994,43.8144,4.6596,19.7243,11.4155,0.2916,20.0000,9.4737,13.8846,0.4538,47.7876,42.0178,4.0000,0.0000,11.0000,0.8233,0.7382,0.8233,0.7382
3900540,2015-12-04,Ligue 1,2015/2016,17.0000,OGC Nice,Paris Saint-Germain,H,Claude Puel,Laurent Blanc,0.0000,3.0000,0.0000,35.6500,29.5597,4.2151,18.6030,10.2041,0.3027,20.0000,7.9365,33.9444,0.2338,34.2391,37.9242,3.0000,0.0000,7.0000,0.2868,3.2090,0.2868,2.4255
3900540,2015-12-04,Ligue 1,2015/2016,17.0000,Paris Saint-Germain,OGC Nice,A,Laurent Blanc,Claude Puel,3.0000,0.0000,3.0000,64.3500,70.4403,9.2317,19.2522,9.5112,0.1945,16.6667,11.7647,10.7059,0.3486,65.7895,64.4010,24.0000,2.0000,16.0000,3.2090,0.2868,2.4255,0.2868
3900541,2015-12-05,Ligue 1,2015/2016,17.0000,Bastia,AS Monaco,H,Ghislain Printant,Leonardo Jardim,1.0000,2.0000,0.0000,50.8772,48.4848,3.4174,22.4326,17.8117,0.3579,25.0000,11.1111,9.8438,0.4844,35.9447,49.7901,9.0000,0.0000,5.0000,0.2858,2.3787,0.2858,2.3787
3900541,2015-12-05,Ligue 1,2015/2016,17.0000,AS Monaco,Bastia,A,Leonardo Jardim,Ghislain Printant,2.0000,1.0000,3.0000,49.1228,51.5152,4.0408,21.7639,13.6364,0.4029,0.0000,6.2992,13.7917,0.4052,47.8723,50.0012,4.0000,0.0000,7.0000,2.3787,0.2858,2.3787,0.2858
3900542,2015-12-05,Ligue 1,2015/2016,17.0000,Stade Malherbe Caen,Lille,H,Patrice Garande,Frédéric Antonetti,1.0000,2.0000,0.0000,52.5324,67.6596,3.6000,21.2239,16.1376,0.4319,0.0000,9.7701,12.2500,0.5136,45.4106,59.0757,26.0000,0.0000,15.0000,1.1852,1.5183,0.4017,1.5183
3900542,2015-12-05,Ligue 1,2015/2016,17.0000,Lille,Stade Malherbe Caen,A,Frédéric Antonetti,Patrice Garande,2.0000,1.0000,3.0000,47.4676,32.3404,3.4020,20.0893,13.2565,0.4781,20.0000,6.8182,9.8000,0.3072,35.7664,44.9135,6.0000,3.0000,12.0000,1.5183,1.1852,1.5183,0.4017
3900543,2015-12-05,Ligue 1,2015/2016,17.0000,Stade de Reims,Troyes,H,Olivier Guégan,,1.0000,1.0000,1.0000,57.6775,58.3333,5.2913,20.1802,11.1927,0.2802,55.5556,7.8313,10.3548,0.3129,55.0725,55.5518,18.0000,0.0000,11.0000,1.2825,0.7885,1.2825,0.7885
3900543,2015-12-05,Ligue 1,2015/2016,17.0000,Troyes,Stade de Reims,A,,Olivier Guégan,1.0000,1.0000,1.0000,42.3225,41.6667,4.2366,21.4838,13.4518,0.3529,10.0000,12.3967,19.7143,0.3478,28.7081,47.0195,14.0000,1.0000,14.0000,0.7885,1.2825,0.7885,1.2825
3900544,2015-12-05,Ligue 1,2015/2016,17.0000,Toulouse,Lorient,H,Dominique Arribagé,Sylvain Ripoll,2.0000,3.0000,0.0000,54.7758,69.9531,4.4196,19.5906,9.8990,0.3226,0.0000,9.3567,8.3636,0.4828,53.1250,58.8182,20.0000,0.0000,20.0000,3.2231,0.5073,3.2231,0.5073
3900544,2015-12-05,Ligue 1,2015/2016,17.0000,Lorient,Toulouse,A,Sylvain Ripoll,Dominique Arribagé,3.0000,2.0000,3.0000,45.2242,30.0469,3.9500,20.4447,13.6709,0.3360,13.3333,8.8889,13.2963,0.2900,37.4233,48.2018,7.0000,1.0000,5.0000,0.5073,3.2231,0.5073,3.2231
3900545,2015-12-05,Ligue 1,2015/2016,17.0000,Lyon,Angers,H,Hubert Fournier,Stéphane Moulin,0.0000,2.0000,0.0000,62.1198,66.0232,6.3980,19.1119,7.9745,0.3153,50.0000,7.6577,8.6765,0.4185,52.9070,56.2472,13.0000,0.0000,14.0000,0.9331,0.7179,0.9331,0.7179
3900545,2015-12-05,Ligue 1,2015/2016,17.0000,Angers,Lyon,A,Stéphane Moulin,Hubert Fournier,2.0000,0.0000,3.0000,37.8802,33.9768,3.7895,19.0950,12.5000,0.4138,0.0000,7.2917,26.8750,0.4154,17.1429,40.2573,12.0000,1.0000,9.0000,0.7179,0.9331,0.7179,0.9331
3900546,2015-12-05,Ligue 1,2015/2016,17.0000,Gazélec Ajaccio,Nantes,H,Thierry Laurey,Michel Der Zakarian,1.0000,1.0000,1.0000,56.9460,72.5738,3.6466,22.8841,19.6217,0.4420,20.0000,16.1765,8.6875,0.4933,52.9730,59.7542,18.0000,0.0000,26.0000,1.6883,1.3937,1.6883,1.3937
3900546,2015-12-05,Ligue 1,2015/2016,17.0000,Nantes,Gazélec Ajaccio,A,Michel Der Zakarian,Thierry Laurey,1.0000,1.0000,1.0000,43.0540,27.4262,3.5699,23.2092,19.5783,0.5114,0.0000,10.3093,15.2222,0.4113,25.0000,38.9681,6.0000,0.0000,11.0000,1.3937,1.6883,1.3937,1.6883
3900547,2015-12-06,Ligue 1,2015/2016,17.0000,Olympique de Marseille,Montpellier,H,Míchel,Rolland Courbis,2.0000,2.0000,1.0000,64.5464,60.6218,6.4157,19.1144,9.2820,0.2963,55.5556,13.4228,9.6000,0.3882,40.9091,50.9089,14.0000,0.0000,14.0000,1.5165,0.6771,1.5165,0.6771
3900547,2015-12-06,Ligue 1,2015/2016,17.0000,Montpellier,Olympique de Marseille,A,Rolland Courbis,Míchel,2.0000,2.0000,1.0000,35.4536,39.3782,3.2697,21.6356,17.1821,0.4830,0.0000,5.2632,28.2500,0.2326,33.3333,44.6301,7.0000,0.0000,6.0000,0.6771,1.5165,0.6771,1.5165
3900548,2015-12-06,Ligue 1,2015/2016,17.0000,Bordeaux,Guingamp,H,Willy Sagnol,Jocelyn Gourvennec,1.0000,0.0000,3.0000,59.5657,61.7978,5.3163,21.4520,14.0115,0.3345,22.2222,11.4286,12.0400,0.3018,52.5424,45.7200,10.0000,1.0000,14.0000,0.7930,0.6588,0.7930,0.6588
3900548,2015-12-06,Ligue 1,2015/2016,17.0000,Guingamp,Bordeaux,A,Jocelyn Gourvennec,Willy Sagnol,0.0000,1.0000,0.0000,40.4343,38.2022,3.5638,22.9936,19.4030,0.4832,20.0000,9.7345,18.5652,0.3385,35.3846,48.7422,10.0000,0.0000,9.0000,0.6588,0.7930,0.6588,0.7930
3900549,2015-12-06,Ligue 1,2015/2016,17.0000,Saint-Étienne,Rennes,H,Christophe Galtier,Philippe Jacques William Montanier,1.0000,1.0000,1.0000,55.3753,69.2308,4.7745,19.0814,10.8830,0.3014,40.0000,10.1695,11.5667,0.4091,57.2222,58.8157,20.0000,0.0000,14.0000,1.6056,0.5261,0.8221,0.5261
3900549,2015-12-06,Ligue 1,2015/2016,17.0000,Rennes,Saint-Étienne,A,Philippe Jacques William Montanier,Christophe Galtier,1.0000,1.0000,1.0000,44.6247,30.7692,4.3111,19.5769,13.9175,0.3837,10.0000,4.6512,16.1429,0.2674,34.9315,43.4885,7.0000,1.0000,5.0000,0.5261,1.6056,0.5261,0.8221
3900550,2015-12-11,Ligue 1,2015/2016,18.0000,Rennes,Stade Malherbe Caen,H,Philippe Jacques William Montanier,Patrice Garande,1.0000,1.0000,1.0000,68.2801,71.7647,5.6887,20.9789,12.4378,0.3187,100.0000,9.5890,14.6429,0.4318,46.6165,52.6460,15.0000,0.0000,22.0000,1.6538,1.0231,1.6538,1.0231
3900550,2015-12-11,Ligue 1,2015/2016,18.0000,Stade Malherbe Caen,Rennes,A,Patrice Garande,Philippe Jacques William Montanier,1.0000,1.0000,1.0000,31.7199,28.2353,3.2099,23.2410,17.6923,0.4405,0.0000,12.5000,27.7333,0.2836,26.5957,41.0000,10.0000,0.0000,12.0000,1.0231,1.6538,1.0231,1.6538
3900551,2015-12-12,Ligue 1,2015/2016,18.0000,Lille,Lorient,H,Frédéric Antonetti,Sylvain Ripoll,3.0000,0.0000,3.0000,49.8095,56.2189,4.8367,19.8638,10.7595,0.3740,14.2857,7.8571,11.3429,0.4478,48.3051,53.4378,15.0000,0.0000,16.0000,1.8517,0.4343,1.8517,0.4343
3900551,2015-12-12,Ligue 1,2015/2016,18.0000,Lorient,Lille,A,Sylvain Ripoll,Frédéric Antonetti,0.0000,3.0000,0.0000,50.1905,43.7811,5.1720,20.4939,11.2266,0.3265,36.3636,4.0650,22.0588,0.3021,36.7089,42.9307,9.0000,1.0000,11.0000,0.4343,1.8517,0.4343,1.8517
3900552,2015-12-12,Ligue 1,2015/2016,18.0000,Montpellier,Guingamp,H,Rolland Courbis,Jocelyn Gourvennec,2.0000,1.0000,3.0000,67.0420,70.1087,6.1134,20.6964,13.9966,0.3078,50.0000,9.8266,7.0588,0.5745,50.8108,54.9419,11.0000,0.0000,9.0000,1.4528,0.3134,1.4528,0.3134
3900552,2015-12-12,Ligue 1,2015/2016,18.0000,Guingamp,Montpellier,A,Jocelyn Gourvennec,Rolland Courbis,1.0000,2.0000,0.0000,32.9580,29.8913,3.1149,24.0682,23.9852,0.4665,0.0000,13.6986,13.1111,0.2901,28.4211,48.3809,14.0000,0.0000,8.0000,0.3134,1.4528,0.3134,1.4528
3900553,2015-12-12,Ligue 1,2015/2016,18.0000,Stade de Reims,OGC Nice,H,Olivier Guégan,Claude Puel,1.0000,1.0000,1.0000,37.8966,58.5714,3.3704,20.1278,14.2857,0.4601,0.0000,10.7438,13.5814,0.2117,59.3103,58.9248,15.0000,2.0000,17.0000,2.0031,0.7200,1.2196,0.7200
3900553,2015-12-12,Ligue 1,2015/2016,18.0000,OGC Nice,Stade de Reims,A,Claude Puel,Olivier Guégan,1.0000,1.0000,1.0000,62.1034,41.4286,6.6562,16.6105,6.4163,0.2592,7.6923,11.2360,11.4000,0.3278,37.2263,46.8853,5.0000,0.0000,7.0000,0.7200,2.0031,0.7200,1.2196
3900554,2015-12-12,Ligue 1,2015/2016,18.0000,Troyes,Bastia,H,Claude Robin,Ghislain Printant,1.0000,1.0000,1.0000,55.6781,55.3488,4.0459,20.4904,15.8730,0.3649,57.1429,5.7554,12.5000,0.4254,54.3860,53.4702,11.0000,0.0000,17.0000,0.9573,0.4856,0.9573,0.4856
3900554,2015-12-12,Ligue 1,2015/2016,18.0000,Bastia,Troyes,A,Ghislain Printant,Claude Robin,1.0000,1.0000,1.0000,44.3219,44.6512,3.7419,22.1163,17.5287,0.3782,0.0000,13.6364,15.7273,0.2653,35.0746,42.4779,9.0000,1.0000,11.0000,0.4856,0.9573,0.4856,0.9573
3900555,2015-12-12,Ligue 1,2015/2016,18.0000,Nantes,Toulouse,H,Michel Der Zakarian,Dominique Arribagé,1.0000,1.0000,1.0000,57.9596,72.5389,4.4151,20.8977,15.5983,0.3845,0.0000,7.5145,7.6667,0.4373,54.2683,51.8801,19.0000,2.0000,15.0000,0.9960,0.5884,0.9960,0.5884
3900555,2015-12-12,Ligue 1,2015/2016,18.0000,Toulouse,Nantes,A,Dominique Arribagé,Michel Der Zakarian,1.0000,1.0000,1.0000,42.0404,27.4611,3.7093,20.6802,14.4201,0.4370,0.0000,4.9383,12.2222,0.4371,35.3982,44.0135,9.0000,2.0000,6.0000,0.5884,0.9960,0.5884,0.9960
3900556,2015-12-13,Ligue 1,2015/2016,18.0000,Angers,Bordeaux,H,Stéphane Moulin,Willy Sagnol,1.0000,1.0000,1.0000,46.9711,48.4043,5.2529,20.1993,11.1597,0.3566,40.0000,9.7345,10.0714,0.2917,34.3373,54.7452,7.0000,0.0000,7.0000,1.2022,0.4894,1.2022,0.4894
3900556,2015-12-13,Ligue 1,2015/2016,18.0000,Bordeaux,Angers,A,Willy Sagnol,Stéphane Moulin,1.0000,1.0000,1.0000,53.0289,51.5957,4.8077,18.5772,9.8000,0.2723,10.0000,11.1111,22.7647,0.2679,42.2222,46.8919,5.0000,0.0000,3.0000,0.4894,1.2022,0.4894,1.2022
3900557,2015-12-13,Ligue 1,2015/2016,18.0000,Paris Saint-Germain,Lyon,H,Laurent Blanc,Hubert Fournier,5.0000,1.0000,3.0000,62.9163,51.0490,7.3820,19.7349,11.5677,0.1943,33.3333,5.7692,7.5750,0.5000,50.0000,54.1448,14.0000,1.0000,11.0000,2.6917,0.2309,1.9082,0.2309
3900557,2015-12-13,Ligue 1,2015/2016,18.0000,Lyon,Paris Saint-Germain,A,Hubert Fournier,Laurent Blanc,1.0000,5.0000,0.0000,37.0837,48.9510,3.5758,18.7906,11.5819,0.3609,14.2857,3.1915,23.6000,0.2232,44.2308,50.9303,9.0000,0.0000,9.0000,0.2309,2.6917,0.2309,1.9082
3900558,2015-12-13,Ligue 1,2015/2016,18.0000,AS Monaco,Saint-Étienne,H,Leonardo Jardim,Christophe Galtier,1.0000,0.0000,3.0000,51.1034,66.6667,3.6635,21.3530,15.4856,0.4030,20.0000,14.8148,8.8333,0.3254,53.2847,61.7714,17.0000,1.0000,10.0000,1.5563,0.3537,0.7728,0.3537
3900558,2015-12-13,Ligue 1,2015/2016,18.0000,Saint-Étienne,AS Monaco,A,Christophe Galtier,Leonardo Jardim,0.0000,1.0000,0.0000,48.8966,33.3333,3.4476,21.2516,16.2983,0.3779,44.4444,8.8608,15.4737,0.3636,35.0000,42.3105,7.0000,0.0000,5.0000,0.3537,1.5563,0.3537,0.7728
3900559,2015-12-13,Ligue 1,2015/2016,18.0000,Olympique de Marseille,Gazélec Ajaccio,H,Míchel,Thierry Laurey,1.0000,1.0000,1.0000,55.0388,55.3398,4.5000,19.4460,11.7172,0.3106,42.8571,9.7744,14.5417,0.3341,49.6774,50.7026,15.0000,1.0000,11.0000,1.4587,1.2428,1.4587,0.4593
3900559,2015-12-13,Ligue 1,2015/2016,18.0000,Gazélec Ajaccio,Olympique de Marseille,A,Thierry Laurey,Míchel,1.0000,1.0000,1.0000,44.9612,44.6602,5.1463,23.1535,17.0616,0.3301,14.2857,7.5630,10.8649,0.3046,28.3237,42.4147,10.0000,0.0000,10.0000,1.2428,1.4587,0.4593,1.4587
3900560,2015-12-18,Ligue 1,2015/2016,19.0000,OGC Nice,Montpellier,H,Claude Puel,Rolland Courbis,1.0000,0.0000,3.0000,55.4680,43.5644,5.6087,19.9799,12.0155,0.2741,40.0000,10.5769,8.8788,0.5221,39.4068,47.7152,9.0000,0.0000,10.0000,0.6416,0.7462,0.6416,0.7462
3900560,2015-12-18,Ligue 1,2015/2016,19.0000,Montpellier,OGC Nice,A,Rolland Courbis,Claude Puel,0.0000,1.0000,0.0000,44.5320,56.4356,4.2660,20.1127,13.2170,0.3208,66.6667,9.0164,14.0000,0.3481,47.9592,52.7422,14.0000,1.0000,10.0000,0.7462,0.6416,0.7462,0.6416
3900561,2015-12-19,Ligue 1,2015/2016,19.0000,Toulouse,Lille,H,Dominique Arribagé,Frédéric Antonetti,1.0000,1.0000,1.0000,38.3871,29.5455,3.4382,20.7912,12.0915,0.3800,6.6667,8.4337,14.7200,0.3386,31.4433,44.6480,15.0000,1.0000,7.0000,1.1248,1.3832,1.1248,1.3832
3900561,2015-12-19,Ligue 1,2015/2016,19.0000,Lille,Toulouse,A,Frédéric Antonetti,Dominique Arribagé,1.0000,1.0000,1.0000,61.6129,70.4545,4.4513,19.8708,11.3320,0.3447,83.3333,11.4943,8.1818,0.4342,47.7419,58.3690,21.0000,1.0000,24.0000,1.3832,1.1248,1.3832,1.1248
3900562,2015-12-19,Ligue 1,2015/2016,19.0000,Stade Malherbe Caen,Paris Saint-Germain,H,Patrice Garande,Laurent Blanc,0.0000,3.0000,0.0000,25.3381,39.5833,2.4516,21.4204,17.1053,0.5391,0.0000,7.2917,20.5312,0.2403,48.7437,53.8269,11.0000,0.0000,9.0000,1.2502,2.3603,0.4667,2.3603
3900562,2015-12-19,Ligue 1,2015/2016,19.0000,Paris Saint-Germain,Stade Malherbe Caen,A,Laurent Blanc,Patrice Garande,3.0000,0.0000,3.0000,74.6619,60.4167,8.8977,16.4342,7.4074,0.2121,44.4444,4.9645,8.6190,0.4733,47.3684,52.7657,18.0000,0.0000,18.0000,2.3603,1.2502,2.3603,0.4667
3900563,2015-12-19,Ligue 1,2015/2016,19.0000,Guingamp,Rennes,H,Jocelyn Gourvennec,Philippe Jacques William Montanier,0.0000,2.0000,0.0000,50.1684,62.3853,3.9000,20.7461,14.1026,0.4101,10.0000,9.8160,10.3750,0.3694,44.5122,52.9404,13.0000,0.0000,13.0000,0.8435,0.9653,0.8435,0.9653
3900563,2015-12-19,Ligue 1,2015/2016,19.0000,Rennes,Guingamp,A,Philippe Jacques William Montanier,Jocelyn Gourvennec,2.0000,0.0000,3.0000,49.8316,37.6147,4.0938,20.3062,13.2316,0.4188,7.6923,3.8462,13.3000,0.2819,31.7460,40.1609,4.0000,2.0000,9.0000,0.9653,0.8435,0.9653,0.8435
3900564,2015-12-19,Ligue 1,2015/2016,19.0000,Troyes,AS Monaco,H,Claude Robin,Leonardo Jardim,0.0000,0.0000,1.0000,32.1029,25.9124,2.5714,23.6155,19.2308,0.5933,0.0000,5.5556,20.2941,0.2702,26.2195,35.0708,9.0000,1.0000,12.0000,0.6222,1.3443,0.6222,0.5608
3900564,2015-12-19,Ligue 1,2015/2016,19.0000,AS Monaco,Troyes,A,Leonardo Jardim,Claude Robin,0.0000,0.0000,1.0000,67.8971,74.0876,4.9455,20.8392,12.6838,0.3901,66.6667,16.3180,7.4815,0.3902,53.5714,63.0765,25.0000,1.0000,15.0000,1.3443,0.6222,0.5608,0.6222
3900565,2015-12-19,Ligue 1,2015/2016,19.0000,Lorient,Nantes,H,Sylvain Ripoll,Michel Der Zakarian,0.0000,0.0000,1.0000,56.5998,49.2958,4.4057,22.6333,15.4176,0.3363,0.0000,7.1429,27.7000,0.3771,39.3548,47.0791,9.0000,1.0000,17.0000,1.2752,0.7240,1.2752,0.7240
3900565,2015-12-19,Ligue 1,2015/2016,19.0000,Nantes,Lorient,A,Michel Der Zakarian,Sylvain Ripoll,0.0000,0.0000,1.0000,43.4002,50.7042,4.0667,24.0029,18.5792,0.4338,0.0000,9.1549,14.2593,0.3433,36.9565,47.9926,10.0000,0.0000,12.0000,0.7240,1.2752,0.7240,1.2752
3900566,2015-12-19,Ligue 1,2015/2016,19.0000,Bastia,Stade de Reims,H,Ghislain Printant,Olivier Guégan,2.0000,0.0000,3.0000,44.7009,44.3850,3.7400,21.2488,14.1711,0.4253,0.0000,8.1818,13.2143,0.3548,36.8984,47.9839,11.0000,1.0000,8.0000,0.6879,0.7859,0.6879,0.7859
3900566,2015-12-19,Ligue 1,2015/2016,19.0000,Stade de Reims,Bastia,A,Olivier Guégan,Ghislain Printant,0.0000,2.0000,0.0000,55.2991,55.6150,4.4667,20.6370,13.4328,0.3490,0.0000,6.0150,13.8182,0.3732,41.5094,52.6302,17.0000,0.0000,12.0000,0.7859,0.6879,0.7859,0.6879
3900567,2015-12-20,Ligue 1,2015/2016,19.0000,Bordeaux,Olympique de Marseille,H,Willy Sagnol,Míchel,1.0000,1.0000,1.0000,40.9651,40.7186,3.3495,20.1233,13.3333,0.3799,0.0000,10.7143,13.8710,0.4383,42.4603,47.3512,15.0000,0.0000,10.0000,1.1771,0.4102,1.1771,0.4102
3900567,2015-12-20,Ligue 1,2015/2016,19.0000,Olympique de Marseille,Bordeaux,A,Míchel,Willy Sagnol,1.0000,1.0000,1.0000,59.0349,59.2814,4.6273,20.6727,11.0020,0.3289,42.8571,11.1111,8.9697,0.4085,41.1043,56.6505,9.0000,1.0000,6.0000,0.4102,1.1771,0.4102,1.1771
3900568,2015-12-20,Ligue 1,2015/2016,19.0000,Gazélec Ajaccio,Lyon,H,Thierry Laurey,Hubert Fournier,2.0000,1.0000,3.0000,45.0405,47.0000,3.8922,23.3200,18.1360,0.4573,0.0000,7.8125,9.1667,0.3867,40.4762,48.3314,11.0000,2.0000,13.0000,1.7170,1.0968,1.7170,1.0968
3900568,2015-12-20,Ligue 1,2015/2016,19.0000,Lyon,Gazélec Ajaccio,A,Hubert Fournier,Thierry Laurey,1.0000,2.0000,0.0000,54.9595,53.0000,3.9016,20.3534,13.8655,0.4699,25.0000,7.0064,13.5833,0.5393,49.5833,47.6752,14.0000,1.0000,9.0000,1.0968,1.7170,1.0968,1.7170
3900569,2015-12-20,Ligue 1,2015/2016,19.0000,Saint-Étienne,Angers,H,Christophe Galtier,Stéphane Moulin,1.0000,0.0000,3.0000,56.0354,53.5294,5.0110,20.1282,11.6228,0.3595,50.0000,9.7561,10.8462,0.3602,44.7552,49.4800,11.0000,0.0000,15.0000,1.0859,0.6843,1.0859,0.6843
3900569,2015-12-20,Ligue 1,2015/2016,19.0000,Angers,Saint-Étienne,A,Stéphane Moulin,Christophe Galtier,0.0000,1.0000,0.0000,43.9646,46.4706,4.0471,21.2173,13.6628,0.4261,23.0769,11.8182,16.1304,0.3202,45.0617,49.1317,15.0000,0.0000,13.0000,0.6843,1.0859,0.6843,1.0859
3900570,2016-01-08,Ligue 1,2015/2016,20.0000,Paris Saint-Germain,Bastia,H,Laurent Blanc,Ghislain Printant,2.0000,0.0000,3.0000,75.0201,82.7004,8.8300,16.9302,5.7758,0.2362,83.3333,7.2034,9.1429,0.3441,67.2897,61.9744,16.0000,0.0000,13.0000,1.7798,0.3567,1.7798,0.3567
3900570,2016-01-08,Ligue 1,2015/2016,20.0000,Bastia,Paris Saint-Germain,A,Ghislain Printant,Laurent Blanc,0.0000,2.0000,0.0000,24.9799,17.2996,3.2716,21.7658,17.3585,0.3889,0.0000,9.2593,28.2609,0.1809,25.4438,41.3535,2.0000,1.0000,5.0000,0.3567,1.7798,0.3567,1.7798
3900571,2016-01-09,Ligue 1,2015/2016,20.0000,Rennes,Lorient,H,Philippe Jacques William Montanier,Sylvain Ripoll,2.0000,2.0000,1.0000,54.3726,61.6505,5.0096,19.7273,10.5566,0.3668,28.5714,4.1176,9.9167,0.3146,52.9801,58.1088,20.0000,0.0000,12.0000,0.7635,0.8531,0.7635,0.8531
3900571,2016-01-09,Ligue 1,2015/2016,20.0000,Lorient,Rennes,A,Sylvain Ripoll,Philippe Jacques William Montanier,2.0000,2.0000,1.0000,45.6274,38.3495,4.4330,20.0505,12.3256,0.4055,0.0000,7.4766,17.3043,0.3864,37.5566,39.9879,9.0000,1.0000,6.0000,0.8531,0.7635,0.8531,0.7635
3900572,2016-01-09,Ligue 1,2015/2016,20.0000,AS Monaco,Gazélec Ajaccio,H,Leonardo Jardim,Thierry Laurey,2.0000,2.0000,1.0000,54.7689,66.4634,4.3482,20.5105,13.1417,0.4458,0.0000,7.0064,8.8537,0.4609,54.7170,59.7160,16.0000,1.0000,13.0000,1.6546,0.4326,0.8711,0.4326
3900572,2016-01-09,Ligue 1,2015/2016,20.0000,Gazélec Ajaccio,AS Monaco,A,Thierry Laurey,Leonardo Jardim,2.0000,2.0000,1.0000,45.2311,33.5366,4.2917,20.6628,14.8058,0.4456,14.2857,7.6923,14.5926,0.3250,34.2541,41.5631,8.0000,0.0000,10.0000,0.4326,1.6546,0.4326,0.8711
3900573,2016-01-09,Ligue 1,2015/2016,20.0000,Angers,Stade Malherbe Caen,H,Stéphane Moulin,Patrice Garande,2.0000,0.0000,3.0000,59.9385,47.0000,5.2059,19.6641,10.5461,0.3070,25.0000,5.7851,15.0000,0.2967,39.6552,45.2596,9.0000,0.0000,13.0000,0.9461,0.8197,0.9461,0.8197
3900573,2016-01-09,Ligue 1,2015/2016,20.0000,Stade Malherbe Caen,Angers,A,Patrice Garande,Stéphane Moulin,0.0000,2.0000,0.0000,40.0615,53.0000,3.5052,21.3400,14.4118,0.4644,0.0000,8.5106,20.9524,0.2376,40.2878,53.7561,17.0000,2.0000,17.0000,0.8197,0.9461,0.8197,0.9461
3900574,2016-01-09,Ligue 1,2015/2016,20.0000,Lyon,Troyes,H,Bruno Génésio,Claude Robin,4.0000,1.0000,3.0000,69.4900,77.0408,6.6792,18.1455,7.2034,0.2151,85.7143,6.5476,7.0000,0.4418,51.3514,58.8794,13.0000,1.0000,21.0000,2.0097,0.5194,2.0097,0.5194
3900574,2016-01-09,Ligue 1,2015/2016,20.0000,Troyes,Lyon,A,Claude Robin,Bruno Génésio,1.0000,4.0000,0.0000,30.5100,22.9592,3.2273,21.8686,16.5493,0.4423,40.0000,4.4776,17.6562,0.3014,38.2609,45.4109,5.0000,1.0000,10.0000,0.5194,2.0097,0.5194,2.0097
3900575,2016-01-09,Ligue 1,2015/2016,20.0000,Stade de Reims,Toulouse,H,Olivier Guégan,Dominique Arribagé,1.0000,3.0000,0.0000,50.8233,46.8293,3.4397,21.1927,16.5414,0.4294,20.0000,10.3175,9.1818,0.4710,38.8626,51.2911,9.0000,0.0000,8.0000,0.3913,1.6462,0.3913,1.6462
3900575,2016-01-09,Ligue 1,2015/2016,20.0000,Toulouse,Stade de Reims,A,Dominique Arribagé,Olivier Guégan,3.0000,1.0000,3.0000,49.1767,53.1707,3.3509,18.5668,10.7330,0.4158,0.0000,2.9412,10.0312,0.4838,45.5357,49.4474,14.0000,1.0000,8.0000,1.6462,0.3913,1.6462,0.3913
3900576,2016-01-09,Ligue 1,2015/2016,20.0000,Montpellier,Bordeaux,H,Pascal Baills,Willy Sagnol,0.0000,1.0000,0.0000,51.9268,64.9215,4.2087,21.0948,17.5620,0.4085,0.0000,9.6970,11.7059,0.3928,62.7551,53.9410,15.0000,1.0000,12.0000,1.8167,1.4820,1.8167,1.4820
3900576,2016-01-09,Ligue 1,2015/2016,20.0000,Bordeaux,Montpellier,A,Willy Sagnol,Pascal Baills,1.0000,0.0000,3.0000,48.0732,35.0785,4.3107,20.0311,13.0631,0.3508,0.0000,12.7660,12.6207,0.3952,41.3146,45.7223,14.0000,0.0000,13.0000,1.4820,1.8167,1.4820,1.8167
3900577,2016-01-10,Ligue 1,2015/2016,20.0000,Olympique de Marseille,Guingamp,H,Míchel,Jocelyn Gourvennec,0.0000,0.0000,1.0000,66.4596,69.1358,5.7549,20.2079,9.8807,0.2960,37.5000,8.6093,9.0000,0.3179,46.6019,54.4091,15.0000,0.0000,15.0000,0.8228,0.2526,0.8228,0.2526
3900577,2016-01-10,Ligue 1,2015/2016,20.0000,Guingamp,Olympique de Marseille,A,Jocelyn Gourvennec,Míchel,0.0000,0.0000,1.0000,33.5404,30.8642,3.3095,21.7088,13.3094,0.4481,10.0000,9.7222,21.4783,0.2695,28.9017,44.7505,5.0000,0.0000,8.0000,0.2526,0.8228,0.2526,0.8228
3900578,2016-01-10,Ligue 1,2015/2016,20.0000,Lille,OGC Nice,H,Frédéric Antonetti,Claude Puel,1.0000,1.0000,1.0000,40.8556,49.7382,3.5000,20.5539,14.5833,0.4061,25.0000,9.9099,11.4595,0.4250,52.3404,55.2220,11.0000,2.0000,10.0000,0.7438,0.6221,0.7438,0.6221
3900578,2016-01-10,Ligue 1,2015/2016,20.0000,OGC Nice,Lille,A,Claude Puel,Frédéric Antonetti,1.0000,1.0000,1.0000,59.1444,50.2618,4.9200,19.8916,12.8049,0.2285,0.0000,6.9565,9.2857,0.4293,46.3415,48.0018,9.0000,0.0000,9.0000,0.6221,0.7438,0.6221,0.7438
3900579,2016-01-10,Ligue 1,2015/2016,20.0000,Nantes,Saint-Étienne,H,Michel Der Zakarian,Christophe Galtier,2.0000,1.0000,3.0000,51.2911,62.2642,3.5607,20.6527,11.8110,0.3708,0.0000,18.3007,14.6667,0.3301,47.4453,52.6525,19.0000,0.0000,18.0000,1.7171,1.3198,1.7171,0.5363
3900579,2016-01-10,Ligue 1,2015/2016,20.0000,Saint-Étienne,Nantes,A,Christophe Galtier,Michel Der Zakarian,1.0000,2.0000,0.0000,48.7089,37.7358,3.2091,20.7256,13.3144,0.4149,36.3636,8.9109,11.3913,0.3364,34.0136,45.6910,9.0000,0.0000,9.0000,1.3198,1.7171,0.5363,1.7171
3900580,2016-01-15,Ligue 1,2015/2016,21.0000,OGC Nice,Angers,H,Claude Puel,Stéphane Moulin,2.0000,1.0000,3.0000,64.0481,70.1493,6.3333,18.8062,10.5263,0.2214,28.5714,7.3864,10.3448,0.3676,43.3566,55.5541,12.0000,0.0000,11.0000,1.8660,0.7046,0.2990,0.7046
3900580,2016-01-15,Ligue 1,2015/2016,21.0000,Angers,OGC Nice,A,Stéphane Moulin,Claude Puel,1.0000,2.0000,0.0000,35.9519,29.8507,3.5361,21.0969,13.7026,0.4242,14.2857,7.5000,27.7778,0.3290,33.7719,40.3882,7.0000,0.0000,9.0000,0.7046,1.8660,0.7046,0.2990
3900581,2016-01-16,Ligue 1,2015/2016,21.0000,Bordeaux,Lille,H,Willy Sagnol,Frédéric Antonetti,1.0000,0.0000,3.0000,56.2682,57.9787,5.0476,20.6675,13.0189,0.2848,25.0000,13.6000,10.7188,0.4733,38.4977,47.9598,14.0000,0.0000,14.0000,0.8132,0.3244,0.8132,0.3244
3900581,2016-01-16,Ligue 1,2015/2016,21.0000,Lille,Bordeaux,A,Frédéric Antonetti,Willy Sagnol,0.0000,1.0000,0.0000,43.7318,42.0213,4.0408,21.2566,15.9091,0.4238,62.5000,2.7523,12.6471,0.2383,45.6522,51.3726,10.0000,0.0000,10.0000,0.3244,0.8132,0.3244,0.8132
3900582,2016-01-16,Ligue 1,2015/2016,21.0000,Gazélec Ajaccio,Stade de Reims,H,Thierry Laurey,Olivier Guégan,2.0000,2.0000,1.0000,58.2661,60.6195,5.2400,22.5064,16.2214,0.4150,40.0000,10.9375,9.8621,0.4662,45.5959,49.6807,20.0000,0.0000,19.0000,2.2806,0.4782,2.2806,0.4782
3900582,2016-01-16,Ligue 1,2015/2016,21.0000,Stade de Reims,Gazélec Ajaccio,A,Olivier Guégan,Thierry Laurey,2.0000,2.0000,1.0000,41.7339,39.3805,3.2500,20.8892,13.3903,0.4984,0.0000,6.8966,18.5238,0.3581,39.1304,46.6733,12.0000,0.0000,10.0000,0.4782,2.2806,0.4782,2.2806
3900583,2016-01-16,Ligue 1,2015/2016,21.0000,Troyes,Rennes,H,Claude Robin,Philippe Jacques William Montanier,2.0000,4.0000,0.0000,48.9544,60.1449,4.8247,20.0748,12.1795,0.3698,40.0000,6.4516,13.6207,0.5307,54.7368,50.9604,16.0000,0.0000,12.0000,0.8052,3.1497,0.8052,1.5827
3900583,2016-01-16,Ligue 1,2015/2016,21.0000,Rennes,Troyes,A,Philippe Jacques William Montanier,Claude Robin,4.0000,2.0000,3.0000,51.0456,39.8551,5.1250,20.5007,16.0569,0.3500,0.0000,6.2069,14.5238,0.2583,29.3233,46.6149,11.0000,0.0000,19.0000,3.1497,0.8052,1.5827,0.8052
3900584,2016-01-16,Ligue 1,2015/2016,21.0000,Bastia,Montpellier,H,Ghislain Printant,Pascal Baills,1.0000,0.0000,3.0000,44.5352,38.3234,3.9082,21.5418,13.5770,0.4067,20.0000,7.2917,9.5122,0.4033,36.9863,54.8019,10.0000,0.0000,2.0000,0.3039,1.0197,0.3039,1.0197
3900584,2016-01-16,Ligue 1,2015/2016,21.0000,Montpellier,Bastia,A,Pascal Baills,Ghislain Printant,0.0000,1.0000,0.0000,55.4648,61.6766,3.9667,20.1816,13.6555,0.3783,0.0000,10.0775,13.3200,0.2225,41.2371,46.9865,7.0000,0.0000,8.0000,1.0197,0.3039,1.0197,0.3039
3900585,2016-01-16,Ligue 1,2015/2016,21.0000,Toulouse,Paris Saint-Germain,H,Dominique Arribagé,Laurent Blanc,0.0000,1.0000,0.0000,26.0469,34.8958,3.4430,19.2718,13.2353,0.4408,0.0000,12.0879,39.8824,0.1903,34.5238,49.8816,9.0000,1.0000,9.0000,0.6518,0.9045,0.6518,0.9045
3900585,2016-01-16,Ligue 1,2015/2016,21.0000,Paris Saint-Germain,Toulouse,A,Laurent Blanc,Dominique Arribagé,1.0000,0.0000,3.0000,73.9531,65.1042,9.0968,18.5504,7.3286,0.2035,80.0000,8.6420,8.0741,0.3248,48.5149,54.2080,14.0000,1.0000,12.0000,0.9045,0.6518,0.9045,0.6518
3900586,2016-01-16,Ligue 1,2015/2016,21.0000,Guingamp,Nantes,H,Jocelyn Gourvennec,Michel Der Zakarian,2.0000,2.0000,1.0000,42.0519,46.2151,2.9245,20.7005,17.0968,0.4719,0.0000,10.8527,11.7931,0.3385,39.6552,54.2679,24.0000,0.0000,9.0000,0.9787,0.5131,0.9787,0.5131
3900586,2016-01-16,Ligue 1,2015/2016,21.0000,Nantes,Guingamp,A,Michel Der Zakarian,Jocelyn Gourvennec,2.0000,2.0000,1.0000,57.9481,53.7849,4.6300,19.7027,12.9590,0.4236,0.0000,7.5472,7.5333,0.4343,43.8272,46.2559,11.0000,0.0000,9.0000,0.5131,0.9787,0.5131,0.9787
3900587,2016-01-17,Ligue 1,2015/2016,21.0000,Saint-Étienne,Lyon,H,Christophe Galtier,Bruno Génésio,1.0000,0.0000,3.0000,30.5987,24.7423,2.6588,22.9340,19.0265,0.5502,0.0000,5.3333,12.0278,0.3994,32.4000,50.6766,6.0000,2.0000,9.0000,0.5949,1.1171,0.5949,1.1171
3900587,2016-01-17,Ligue 1,2015/2016,21.0000,Lyon,Saint-Étienne,A,Bruno Génésio,Christophe Galtier,0.0000,1.0000,0.0000,69.4013,75.2577,5.4660,20.6320,12.0782,0.2789,50.0000,7.1856,12.2941,0.4710,47.6923,49.8349,8.0000,0.0000,19.0000,1.1171,0.5949,1.1171,0.5949
3900588,2016-01-17,Ligue 1,2015/2016,21.0000,Lorient,AS Monaco,H,Sylvain Ripoll,Leonardo Jardim,0.0000,2.0000,0.0000,54.2747,57.7982,4.7064,19.9989,12.4756,0.3458,0.0000,8.5366,11.2258,0.3088,41.4966,53.3758,19.0000,0.0000,8.0000,0.7153,0.6789,0.7153,0.6789
3900588,2016-01-17,Ligue 1,2015/2016,21.0000,AS Monaco,Lorient,A,Leonardo Jardim,Sylvain Ripoll,2.0000,0.0000,3.0000,45.7253,42.2018,3.8000,20.8488,12.9187,0.3696,7.6923,11.4754,9.9487,0.3770,40.8451,45.7852,3.0000,0.0000,6.0000,0.6789,0.7153,0.6789,0.7153
3900589,2016-01-17,Ligue 1,2015/2016,21.0000,Stade Malherbe Caen,Olympique de Marseille,H,Patrice Garande,Míchel,1.0000,3.0000,0.0000,39.4456,44.2424,3.0882,21.0878,15.5556,0.5159,0.0000,16.8142,11.8919,0.4032,50.6550,49.6122,9.0000,1.0000,7.0000,0.6838,2.1029,0.6838,2.1029
3900589,2016-01-17,Ligue 1,2015/2016,21.0000,Olympique de Marseille,Stade Malherbe Caen,A,Míchel,Patrice Garande,3.0000,1.0000,3.0000,60.5544,55.7576,3.8672,19.5625,11.5152,0.3227,14.2857,5.7692,8.1212,0.4297,46.5409,49.4191,10.0000,2.0000,15.0000,2.1029,0.6838,2.1029,0.6838
3900590,2016-01-22,Ligue 1,2015/2016,22.0000,Rennes,Gazélec Ajaccio,H,Rolland Courbis,Thierry Laurey,1.0000,0.0000,3.0000,54.7297,53.4091,4.8019,19.6625,10.2161,0.3302,42.8571,7.8740,15.5000,0.3049,48.2517,50.7880,5.0000,0.0000,10.0000,1.3482,0.3957,1.3482,0.3957
3900590,2016-01-22,Ligue 1,2015/2016,22.0000,Gazélec Ajaccio,Rennes,A,Thierry Laurey,Rolland Courbis,0.0000,1.0000,0.0000,45.2703,46.5909,4.4043,20.9829,15.2174,0.3110,18.1818,10.3448,14.1034,0.4568,30.1158,48.2447,14.0000,0.0000,8.0000,0.3957,1.3482,0.3957,1.3482
3900591,2016-01-23,Ligue 1,2015/2016,22.0000,Paris Saint-Germain,Angers,H,Laurent Blanc,Stéphane Moulin,5.0000,1.0000,3.0000,69.2533,61.5385,10.3523,17.5252,5.2689,0.1661,88.8889,4.8951,13.7083,0.4310,50.8287,51.0642,9.0000,0.0000,16.0000,2.2072,0.4222,2.2072,0.4222
3900591,2016-01-23,Ligue 1,2015/2016,22.0000,Angers,Paris Saint-Germain,A,Stéphane Moulin,Laurent Blanc,1.0000,5.0000,0.0000,30.7467,38.4615,4.1778,18.4669,7.9787,0.3015,0.0000,4.8780,24.9032,0.2304,34.8624,48.1442,6.0000,0.0000,11.0000,0.4222,2.2072,0.4222,2.2072
3900592,2016-01-23,Ligue 1,2015/2016,22.0000,Montpellier,Stade Malherbe Caen,H,Pascal Baills,Patrice Garande,1.0000,2.0000,0.0000,63.2900,61.1650,5.4386,19.0435,11.1290,0.3441,42.8571,9.3168,15.3889,0.3646,48.6111,54.1929,14.0000,0.0000,16.0000,1.1652,0.8390,1.1652,0.8390
3900592,2016-01-23,Ligue 1,2015/2016,22.0000,Stade Malherbe Caen,Montpellier,A,Patrice Garande,Pascal Baills,2.0000,1.0000,3.0000,36.7100,38.8350,4.0581,21.2239,14.3266,0.4890,0.0000,11.4754,16.8000,0.2643,37.7778,45.3864,7.0000,1.0000,9.0000,0.8390,1.1652,0.8390,1.1652
3900593,2016-01-23,Ligue 1,2015/2016,22.0000,Lille,Troyes,H,Frédéric Antonetti,Claude Robin,1.0000,3.0000,0.0000,57.0722,63.4921,4.6937,19.0876,12.0921,0.3488,42.8571,10.1604,8.4722,0.4263,54.5946,55.6583,17.0000,0.0000,22.0000,2.0330,0.6110,1.2495,0.6110
3900593,2016-01-23,Ligue 1,2015/2016,22.0000,Troyes,Lille,A,Claude Robin,Frédéric Antonetti,3.0000,1.0000,3.0000,42.9278,36.5079,3.6635,21.0155,13.6483,0.4194,8.3333,4.2373,19.0526,0.3172,32.2404,42.7595,12.0000,0.0000,7.0000,0.6110,2.0330,0.6110,1.2495
3900594,2016-01-23,Ligue 1,2015/2016,22.0000,Nantes,Bordeaux,H,Michel Der Zakarian,Willy Sagnol,2.0000,2.0000,1.0000,37.5412,39.8693,2.8788,21.8763,17.5439,0.4674,0.0000,5.1948,15.2759,0.2900,39.3939,49.7103,14.0000,2.0000,9.0000,0.9926,0.7339,0.9926,0.7339
3900594,2016-01-23,Ligue 1,2015/2016,22.0000,Bordeaux,Nantes,A,Willy Sagnol,Michel Der Zakarian,2.0000,2.0000,1.0000,62.4588,60.1307,4.4425,19.9086,13.3466,0.2992,50.0000,6.3636,12.9000,0.4678,55.6250,52.9396,14.0000,0.0000,8.0000,0.7339,0.9926,0.7339,0.9926
3900595,2016-01-23,Ligue 1,2015/2016,22.0000,OGC Nice,Lorient,H,Claude Puel,Sylvain Ripoll,2.0000,1.0000,3.0000,55.9122,48.2353,6.2449,18.3364,8.3333,0.2326,20.0000,9.9099,11.9091,0.3506,41.5301,48.1028,7.0000,1.0000,8.0000,0.5697,1.2324,0.5697,1.2324
3900595,2016-01-23,Ligue 1,2015/2016,22.0000,Lorient,OGC Nice,A,Sylvain Ripoll,Claude Puel,1.0000,2.0000,0.0000,44.0878,51.7647,4.9574,18.9006,7.5107,0.2840,11.1111,12.2642,13.2000,0.2870,42.6316,52.3573,8.0000,1.0000,13.0000,1.2324,0.5697,1.2324,0.5697
3900596,2016-01-23,Ligue 1,2015/2016,22.0000,Guingamp,Bastia,H,Jocelyn Gourvennec,Ghislain Printant,1.0000,0.0000,3.0000,60.6190,71.2707,4.5766,20.8305,13.1890,0.3547,37.5000,14.4509,13.6364,0.2683,63.6364,59.0707,22.0000,0.0000,16.0000,1.8662,0.1686,1.0827,0.1686
3900596,2016-01-23,Ligue 1,2015/2016,22.0000,Bastia,Guingamp,A,Ghislain Printant,Jocelyn Gourvennec,0.0000,1.0000,0.0000,39.3810,28.7293,3.7907,22.5202,18.0982,0.4483,0.0000,8.3333,17.1304,0.2676,29.6053,38.1168,1.0000,0.0000,4.0000,0.1686,1.8662,0.1686,1.0827
3900597,2016-01-24,Ligue 1,2015/2016,22.0000,Lyon,Olympique de Marseille,H,Bruno Génésio,Míchel,1.0000,1.0000,1.0000,65.8215,79.6875,5.2411,20.3222,11.0733,0.3167,66.6667,7.9498,6.5122,0.5846,60.9137,58.7252,18.0000,0.0000,22.0000,1.9465,0.7837,1.9465,0.7837
3900597,2016-01-24,Ligue 1,2015/2016,22.0000,Olympique de Marseille,Lyon,A,Míchel,Bruno Génésio,1.0000,1.0000,1.0000,34.1785,20.3125,3.1319,22.0692,15.4386,0.4651,7.6923,14.7059,25.0667,0.3498,36.1233,41.1233,7.0000,0.0000,7.0000,0.7837,1.9465,0.7837,1.9465
3900598,2016-01-24,Ligue 1,2015/2016,22.0000,AS Monaco,Toulouse,H,Leonardo Jardim,Dominique Arribagé,4.0000,0.0000,3.0000,47.8111,48.0000,3.4190,21.3532,13.9276,0.3913,40.0000,16.0714,8.4595,0.4327,43.3673,54.4500,12.0000,1.0000,15.0000,2.9450,1.5882,2.9450,0.8047
3900598,2016-01-24,Ligue 1,2015/2016,22.0000,Toulouse,AS Monaco,A,Dominique Arribagé,Leonardo Jardim,0.0000,4.0000,0.0000,52.1889,52.0000,3.6111,18.8778,9.7436,0.3766,22.2222,7.8261,8.4286,0.2988,46.7742,49.0846,11.0000,2.0000,10.0000,1.5882,2.9450,0.8047,2.9450
3900599,2016-01-24,Ligue 1,2015/2016,22.0000,Stade de Reims,Saint-Étienne,H,Olivier Guégan,Christophe Galtier,1.0000,1.0000,1.0000,48.7154,60.4167,3.7434,20.0208,13.4752,0.4367,0.0000,9.5890,13.5667,0.3333,40.4624,57.6547,28.0000,0.0000,13.0000,2.3826,0.3996,2.3826,0.3996
3900599,2016-01-24,Ligue 1,2015/2016,22.0000,Saint-Étienne,Stade de Reims,A,Christophe Galtier,Olivier Guégan,1.0000,1.0000,1.0000,51.2846,39.5833,4.8542,19.5300,10.5150,0.3966,0.0000,5.5556,8.0732,0.4037,43.2161,51.2705,10.0000,0.0000,5.0000,0.3996,2.3826,0.3996,2.3826
3900600,2016-01-29,Ligue 1,2015/2016,23.0000,Olympique de Marseille,Lille,H,Míchel,Frédéric Antonetti,1.0000,1.0000,1.0000,56.9231,52.5000,4.4273,20.2682,12.5257,0.3326,50.0000,11.7188,11.3077,0.4405,38.9189,52.1661,20.0000,1.0000,16.0000,1.7175,0.9963,1.7175,0.9963
3900600,2016-01-29,Ligue 1,2015/2016,23.0000,Lille,Olympique de Marseille,A,Frédéric Antonetti,Míchel,1.0000,1.0000,1.0000,43.0769,47.5000,4.1348,20.1472,13.8587,0.3724,0.0000,8.4906,11.3243,0.3441,45.5497,47.5984,9.0000,1.0000,12.0000,0.9963,1.7175,0.9963,1.7175
3900601,2016-01-30,Ligue 1,2015/2016,23.0000,Gazélec Ajaccio,Montpellier,H,Thierry Laurey,Frédéric Hantz,0.0000,4.0000,0.0000,61.3762,64.5570,4.8350,22.5890,16.2651,0.3597,25.0000,10.6952,8.5556,0.3046,33.9623,52.1510,12.0000,0.0000,16.0000,1.0701,1.6993,1.0701,0.9158
3900601,2016-01-30,Ligue 1,2015/2016,23.0000,Montpellier,Gazélec Ajaccio,A,Frédéric Hantz,Thierry Laurey,4.0000,0.0000,3.0000,38.6238,35.4430,2.9896,22.8251,17.4216,0.5427,0.0000,8.2645,19.2778,0.2839,31.8471,44.5606,9.0000,0.0000,8.0000,1.6993,1.0701,0.9158,1.0701
3900602,2016-01-30,Ligue 1,2015/2016,23.0000,Lorient,Stade de Reims,H,Sylvain Ripoll,Olivier Guégan,2.0000,0.0000,3.0000,44.4086,40.9357,3.4272,22.3434,13.5977,0.4064,0.0000,8.3333,19.7895,0.3656,34.9206,44.2626,5.0000,1.0000,9.0000,1.4439,1.6056,1.4439,1.6056
3900602,2016-01-30,Ligue 1,2015/2016,23.0000,Stade de Reims,Lorient,A,Olivier Guégan,Sylvain Ripoll,0.0000,2.0000,0.0000,55.5914,59.0643,4.5446,24.2718,18.3007,0.3931,40.0000,9.6774,12.1923,0.3874,50.0000,50.2286,6.0000,0.0000,12.0000,1.6056,1.4439,1.6056,1.4439
3900603,2016-01-30,Ligue 1,2015/2016,23.0000,Toulouse,Guingamp,H,Dominique Arribagé,Jocelyn Gourvennec,1.0000,2.0000,0.0000,62.9792,63.5945,4.2066,19.1416,11.1984,0.3465,16.6667,6.9620,9.8333,0.5325,48.3333,49.0762,14.0000,0.0000,14.0000,2.2837,1.0081,0.7167,1.0081
3900603,2016-01-30,Ligue 1,2015/2016,23.0000,Guingamp,Toulouse,A,Jocelyn Gourvennec,Dominique Arribagé,2.0000,1.0000,3.0000,37.0208,36.4055,2.8571,22.5197,18.9286,0.5014,0.0000,7.9208,15.3600,0.2783,30.6250,41.5179,4.0000,1.0000,6.0000,1.0081,2.2837,1.0081,0.7167
3900604,2016-01-30,Ligue 1,2015/2016,23.0000,Angers,AS Monaco,H,Stéphane Moulin,Leonardo Jardim,3.0000,0.0000,3.0000,42.3645,40.0000,4.0645,21.9367,12.9630,0.3010,16.6667,12.1212,15.8077,0.2735,36.2500,51.4867,16.0000,0.0000,19.0000,2.4917,0.5116,2.4917,0.5116
3900604,2016-01-30,Ligue 1,2015/2016,23.0000,AS Monaco,Angers,A,Leonardo Jardim,Stéphane Moulin,0.0000,3.0000,0.0000,57.6355,60.0000,5.7609,21.1662,11.3208,0.2569,66.6667,7.3333,13.2500,0.4163,48.0447,51.0663,8.0000,0.0000,9.0000,0.5116,2.4917,0.5116,2.4917
3900605,2016-01-30,Ligue 1,2015/2016,23.0000,Bastia,Lyon,H,François Ciccolini,Bruno Génésio,1.0000,0.0000,3.0000,29.2503,18.0000,2.3229,24.0474,21.0762,0.5516,0.0000,15.7895,15.6071,0.3239,35.0230,40.3974,5.0000,0.0000,7.0000,0.7113,1.0007,0.7113,1.0007
3900605,2016-01-30,Ligue 1,2015/2016,23.0000,Lyon,Bastia,A,Bruno Génésio,François Ciccolini,0.0000,1.0000,0.0000,70.7497,82.0000,6.1188,19.2885,9.7087,0.3509,83.3333,5.9361,5.7500,0.4693,70.7692,61.6879,17.0000,0.0000,9.0000,1.0007,0.7113,1.0007,0.7113
3900606,2016-01-30,Ligue 1,2015/2016,23.0000,Troyes,Nantes,H,Claude Robin,Michel Der Zakarian,0.0000,1.0000,0.0000,51.0870,50.8333,5.2424,21.1260,12.5241,0.3224,20.0000,8.9172,15.8750,0.2944,46.5409,47.1735,14.0000,1.0000,13.0000,0.8001,0.7690,0.8001,0.7690
3900606,2016-01-30,Ligue 1,2015/2016,23.0000,Nantes,Troyes,A,Michel Der Zakarian,Claude Robin,1.0000,0.0000,3.0000,48.9130,49.1667,5.2660,19.8144,12.1212,0.3146,16.6667,9.0278,19.0476,0.3688,38.4615,49.2337,11.0000,0.0000,10.0000,0.7690,0.8001,0.7690,0.8001
3900608,2016-01-31,Ligue 1,2015/2016,23.0000,Stade Malherbe Caen,OGC Nice,H,Patrice Garande,Claude Puel,2.0000,0.0000,3.0000,25.4984,22.6190,2.4444,22.0347,16.6667,0.5525,8.3333,9.5890,36.6667,0.2676,32.1053,38.2476,5.0000,2.0000,9.0000,1.8033,2.2582,1.0198,2.2582
3900608,2016-01-31,Ligue 1,2015/2016,23.0000,OGC Nice,Stade Malherbe Caen,A,Claude Puel,Patrice Garande,0.0000,2.0000,0.0000,74.5016,77.3810,6.3592,18.8497,9.7710,0.2635,20.0000,8.0189,8.5500,0.4074,57.5758,54.4417,19.0000,0.0000,16.0000,2.2582,1.8033,2.2582,1.0198
3900609,2016-01-31,Ligue 1,2015/2016,23.0000,Bordeaux,Rennes,H,Willy Sagnol,Rolland Courbis,4.0000,0.0000,3.0000,50.0000,70.7602,5.4889,19.8808,11.7409,0.3096,25.0000,9.1503,18.0769,0.3114,53.6145,51.6778,14.0000,2.0000,21.0000,1.8050,0.6239,1.8050,0.6239
3900609,2016-01-31,Ligue 1,2015/2016,23.0000,Rennes,Bordeaux,A,Rolland Courbis,Willy Sagnol,0.0000,4.0000,0.0000,50.0000,29.2398,5.3696,20.2668,13.3603,0.3280,18.1818,6.7416,13.9615,0.2345,40.0000,46.9418,4.0000,1.0000,8.0000,0.6239,1.8050,0.6239,1.8050
3900610,2016-02-02,Ligue 1,2015/2016,24.0000,Montpellier,Olympique de Marseille,H,Frédéric Hantz,Míchel,0.0000,1.0000,0.0000,44.4782,60.0000,3.8700,21.2154,12.9199,0.3981,33.3333,8.3333,10.8000,0.3449,42.8571,49.7033,7.0000,1.0000,12.0000,0.4930,0.2286,0.4930,0.2286
3900610,2016-02-02,Ligue 1,2015/2016,24.0000,Olympique de Marseille,Montpellier,A,Míchel,Frédéric Hantz,1.0000,0.0000,3.0000,55.5218,40.0000,4.5755,18.9983,10.5155,0.3558,50.0000,6.1856,8.9375,0.3872,41.7647,47.3588,7.0000,0.0000,4.0000,0.2286,0.4930,0.2286,0.4930
3900611,2016-02-02,Ligue 1,2015/2016,24.0000,AS Monaco,Bastia,H,Leonardo Jardim,François Ciccolini,2.0000,0.0000,3.0000,53.0521,65.8031,5.6875,20.6787,10.8059,0.3212,75.0000,13.5802,11.2703,0.3537,49.1892,52.1090,5.0000,0.0000,7.0000,1.1429,0.2652,1.1429,0.2652
3900611,2016-02-02,Ligue 1,2015/2016,24.0000,Bastia,AS Monaco,A,François Ciccolini,Leonardo Jardim,0.0000,2.0000,0.0000,46.9479,34.1969,4.7576,21.5837,15.7113,0.3348,14.2857,10.4167,19.4762,0.2893,38.0117,44.6302,8.0000,0.0000,11.0000,0.2652,1.1429,0.2652,1.1429
3900612,2016-02-03,Ligue 1,2015/2016,24.0000,Guingamp,Troyes,H,Jocelyn Gourvennec,Claude Robin,4.0000,0.0000,3.0000,52.9299,44.7236,5.2447,21.3087,13.3874,0.3006,12.5000,7.7586,22.5333,0.2082,32.3529,43.8292,6.0000,0.0000,12.0000,2.0062,1.0768,2.0062,1.0768
3900612,2016-02-03,Ligue 1,2015/2016,24.0000,Troyes,Guingamp,A,Claude Robin,Jocelyn Gourvennec,0.0000,4.0000,0.0000,47.0701,55.2764,4.5521,20.2100,13.0435,0.4073,25.0000,7.0922,16.8077,0.3085,51.7647,50.6942,10.0000,2.0000,15.0000,1.0768,2.0062,1.0768,2.0062
3900613,2016-02-03,Ligue 1,2015/2016,24.0000,OGC Nice,Toulouse,H,Claude Puel,Dominique Arribagé,1.0000,0.0000,3.0000,60.9225,54.8638,6.8421,19.3528,11.8462,0.2419,66.6667,9.2025,13.3636,0.5234,42.5532,49.1197,15.0000,1.0000,12.0000,1.4804,0.6732,1.4804,0.6732
3900613,2016-02-03,Ligue 1,2015/2016,24.0000,Toulouse,OGC Nice,A,Dominique Arribagé,Claude Puel,0.0000,1.0000,0.0000,39.0775,45.1362,4.2258,18.1664,11.1959,0.3961,0.0000,8.0000,21.9565,0.3100,34.5622,45.5957,8.0000,0.0000,7.0000,0.6732,1.4804,0.6732,1.4804
3900614,2016-02-03,Ligue 1,2015/2016,24.0000,Lille,Stade Malherbe Caen,H,Frédéric Antonetti,Patrice Garande,1.0000,0.0000,3.0000,62.7859,65.8228,5.2000,18.6721,9.8901,0.3098,50.0000,5.4054,7.4545,0.4413,34.1772,49.3221,10.0000,1.0000,12.0000,0.6072,0.4664,0.6072,0.4664
3900614,2016-02-03,Ligue 1,2015/2016,24.0000,Stade Malherbe Caen,Lille,A,Patrice Garande,Frédéric Antonetti,0.0000,1.0000,0.0000,37.2141,34.1772,3.1443,21.4534,17.3770,0.4653,0.0000,13.4615,16.3333,0.3113,32.9787,46.6232,12.0000,0.0000,10.0000,0.4664,0.6072,0.4664,0.6072
3900615,2016-02-03,Ligue 1,2015/2016,24.0000,Nantes,Gazélec Ajaccio,H,Michel Der Zakarian,Thierry Laurey,3.0000,1.0000,3.0000,55.9548,56.2914,4.5556,20.4951,12.3984,0.3347,33.3333,15.2381,11.8571,0.3683,42.4051,50.1309,7.0000,1.0000,15.0000,1.9108,0.4551,1.9108,0.4551
3900615,2016-02-03,Ligue 1,2015/2016,24.0000,Gazélec Ajaccio,Nantes,A,Thierry Laurey,Michel Der Zakarian,1.0000,3.0000,0.0000,44.0452,43.7086,3.7677,23.1957,18.4987,0.3817,0.0000,4.0816,18.7826,0.3119,40.5882,46.9360,8.0000,0.0000,4.0000,0.4551,1.9108,0.4551,1.9108
3900616,2016-02-03,Ligue 1,2015/2016,24.0000,Lyon,Bordeaux,H,Bruno Génésio,Willy Sagnol,3.0000,0.0000,3.0000,57.2029,64.0187,4.4537,19.7966,10.1871,0.3562,60.0000,8.7500,10.9615,0.3243,41.6667,53.2114,14.0000,1.0000,17.0000,2.1258,1.0574,2.1258,1.0574
3900616,2016-02-03,Ligue 1,2015/2016,24.0000,Bordeaux,Lyon,A,Willy Sagnol,Bruno Génésio,0.0000,3.0000,0.0000,42.7971,35.9813,3.7609,20.5091,14.4509,0.3809,0.0000,12.3711,12.1667,0.3971,30.5556,47.6036,14.0000,0.0000,12.0000,1.0574,2.1258,1.0574,2.1258
3900617,2016-02-03,Ligue 1,2015/2016,24.0000,Stade de Reims,Angers,H,Olivier Guégan,Stéphane Moulin,2.0000,1.0000,3.0000,55.8923,68.8073,4.5417,20.7768,11.2385,0.2993,0.0000,4.2945,13.2174,0.2621,49.5146,57.8343,17.0000,0.0000,14.0000,0.6928,1.2757,0.6928,1.2757
3900617,2016-02-03,Ligue 1,2015/2016,24.0000,Angers,Stade de Reims,A,Stéphane Moulin,Olivier Guégan,1.0000,2.0000,0.0000,44.1077,31.1927,3.8851,21.3865,15.0888,0.4149,0.0000,9.8901,16.0526,0.3855,23.4375,45.4561,10.0000,0.0000,12.0000,1.2757,0.6928,1.2757,0.6928
3900618,2016-02-03,Ligue 1,2015/2016,24.0000,Paris Saint-Germain,Lorient,H,Laurent Blanc,Sylvain Ripoll,3.0000,1.0000,3.0000,62.1729,54.3210,8.1648,18.7767,8.7483,0.2359,66.6667,8.4416,13.5000,0.4319,41.7476,50.2491,18.0000,1.0000,16.0000,2.0677,0.7192,2.0677,0.7192
3900618,2016-02-03,Ligue 1,2015/2016,24.0000,Lorient,Paris Saint-Germain,A,Sylvain Ripoll,Laurent Blanc,1.0000,3.0000,0.0000,37.8271,45.6790,4.7222,19.3485,11.0588,0.3606,42.8571,4.5455,25.0833,0.2755,29.6296,48.5442,9.0000,0.0000,11.0000,0.7192,2.0677,0.7192,2.0677
3900619,2016-02-04,Ligue 1,2015/2016,24.0000,Rennes,Saint-Étienne,H,Rolland Courbis,Christophe Galtier,0.0000,1.0000,0.0000,48.9468,35.2941,4.3232,19.3613,10.5140,0.3866,9.0909,9.4118,15.6667,0.3517,40.2235,42.0602,6.0000,0.0000,5.0000,0.7041,0.4163,0.7041,0.4163
3900619,2016-02-04,Ligue 1,2015/2016,24.0000,Saint-Étienne,Rennes,A,Christophe Galtier,Rolland Courbis,1.0000,0.0000,3.0000,51.0532,64.7059,4.2952,19.4534,11.0865,0.3769,14.2857,11.5646,11.2286,0.3156,51.2987,57.6434,17.0000,0.0000,13.0000,0.4163,0.7041,0.4163,0.7041
3900620,2016-02-06,Ligue 1,2015/2016,25.0000,Stade Malherbe Caen,Stade de Reims,H,Patrice Garande,Olivier Guégan,0.0000,2.0000,0.0000,51.5366,58.7879,3.4000,21.6993,17.1123,0.4201,0.0000,10.2362,8.2632,0.5293,53.4562,55.6579,22.0000,1.0000,16.0000,1.4124,1.5154,1.4124,1.5154
3900620,2016-02-06,Ligue 1,2015/2016,25.0000,Stade de Reims,Stade Malherbe Caen,A,Olivier Guégan,Patrice Garande,2.0000,0.0000,3.0000,48.4634,41.2121,3.3585,19.0905,12.3596,0.4394,0.0000,7.8652,13.2727,0.3739,35.5828,47.1104,14.0000,1.0000,12.0000,1.5154,1.4124,1.5154,1.4124
3900621,2016-02-06,Ligue 1,2015/2016,25.0000,Toulouse,Nantes,H,Dominique Arribagé,Michel Der Zakarian,0.0000,0.0000,1.0000,51.1628,44.1441,3.9619,19.1140,9.3750,0.3551,11.1111,7.2072,12.0000,0.4329,35.0000,45.9355,7.0000,0.0000,9.0000,0.5000,1.5729,0.5000,1.5729
3900621,2016-02-06,Ligue 1,2015/2016,25.0000,Nantes,Toulouse,A,Michel Der Zakarian,Dominique Arribagé,0.0000,0.0000,1.0000,48.8372,55.8559,4.5333,20.4314,14.4608,0.3276,25.0000,10.4167,7.7174,0.5207,42.8571,56.9821,15.0000,1.0000,16.0000,1.5729,0.5000,1.5729,0.5000
3900622,2016-02-06,Ligue 1,2015/2016,25.0000,Bastia,Troyes,H,François Ciccolini,Mohamed Bradja,2.0000,0.0000,3.0000,41.9223,53.0928,3.5900,20.6562,16.7131,0.3649,12.5000,10.7438,27.8667,0.2870,46.0123,49.1241,12.0000,0.0000,11.0000,1.7325,0.4973,0.9490,0.4973
3900622,2016-02-06,Ligue 1,2015/2016,25.0000,Troyes,Bastia,A,Mohamed Bradja,François Ciccolini,0.0000,2.0000,0.0000,58.0777,46.9072,5.5158,18.0043,8.9695,0.3436,87.5000,3.9062,9.7857,0.3610,43.9189,47.2376,5.0000,0.0000,11.0000,0.4973,1.7325,0.4973,0.9490
3900623,2016-02-06,Ligue 1,2015/2016,25.0000,Lorient,Montpellier,H,Sylvain Ripoll,Frédéric Hantz,1.0000,1.0000,1.0000,49.1480,50.5618,4.0579,20.5577,15.2749,0.3697,0.0000,5.8065,14.9200,0.3086,43.4286,42.1684,6.0000,1.0000,6.0000,0.5230,0.7078,0.5230,0.7078
3900623,2016-02-06,Ligue 1,2015/2016,25.0000,Montpellier,Lorient,A,Frédéric Hantz,Sylvain Ripoll,1.0000,1.0000,1.0000,50.8520,49.4382,4.9808,19.9874,9.8456,0.3631,50.0000,8.5714,11.1212,0.4708,43.4109,48.1687,9.0000,0.0000,11.0000,0.7078,0.5230,0.7078,0.5230
3900624,2016-02-06,Ligue 1,2015/2016,25.0000,Angers,Lyon,H,Stéphane Moulin,Bruno Génésio,0.0000,3.0000,0.0000,33.4858,37.7193,3.7500,23.2086,20.9524,0.4208,25.0000,6.5421,24.9048,0.2834,37.8641,43.5029,5.0000,0.0000,6.0000,0.6026,0.5386,0.6026,0.5386
3900624,2016-02-06,Ligue 1,2015/2016,25.0000,Lyon,Angers,A,Bruno Génésio,Stéphane Moulin,3.0000,0.0000,3.0000,66.5142,62.2807,8.6835,19.4809,9.7668,0.2559,20.0000,3.1746,8.3226,0.4727,51.4451,52.8532,14.0000,0.0000,9.0000,0.5386,0.6026,0.5386,0.6026
3900625,2016-02-06,Ligue 1,2015/2016,25.0000,AS Monaco,OGC Nice,H,Leonardo Jardim,Claude Puel,1.0000,0.0000,3.0000,32.6336,36.7347,3.3182,22.2158,17.1233,0.4069,0.0000,13.0952,13.7105,0.1870,49.2424,52.5009,11.0000,1.0000,8.0000,1.5017,0.5986,1.5017,0.5986
3900625,2016-02-06,Ligue 1,2015/2016,25.0000,OGC Nice,AS Monaco,A,Claude Puel,Leonardo Jardim,0.0000,1.0000,0.0000,67.3664,63.2653,6.6429,18.7956,9.0630,0.2411,20.0000,12.9496,10.6522,0.4211,43.0556,50.3387,15.0000,0.0000,13.0000,0.5986,1.5017,0.5986,1.5017
3900626,2016-02-06,Ligue 1,2015/2016,25.0000,Gazélec Ajaccio,Guingamp,H,Thierry Laurey,Jocelyn Gourvennec,0.0000,0.0000,1.0000,68.0447,79.8206,5.6735,23.0880,14.7482,0.3826,80.0000,8.0851,5.7368,0.5979,57.8947,58.2935,23.0000,0.0000,16.0000,1.0806,0.0216,1.0806,0.0216
3900626,2016-02-06,Ligue 1,2015/2016,25.0000,Guingamp,Gazélec Ajaccio,A,Jocelyn Gourvennec,Thierry Laurey,0.0000,0.0000,1.0000,31.9553,20.1794,2.5955,23.1037,19.0476,0.6114,0.0000,2.7027,26.5385,0.1839,14.2857,34.6694,2.0000,1.0000,3.0000,0.0216,1.0806,0.0216,1.0806
3900627,2016-02-07,Ligue 1,2015/2016,25.0000,Bordeaux,Saint-Étienne,H,Willy Sagnol,Christophe Galtier,1.0000,4.0000,0.0000,58.0791,68.0000,4.5408,20.4905,14.8315,0.3479,42.8571,12.5874,15.7778,0.2291,50.5882,57.4696,20.0000,0.0000,10.0000,0.9376,2.7341,0.9376,1.9506
3900627,2016-02-07,Ligue 1,2015/2016,25.0000,Saint-Étienne,Bordeaux,A,Christophe Galtier,Willy Sagnol,4.0000,1.0000,3.0000,41.9209,32.0000,3.2708,21.0275,16.2420,0.4459,0.0000,6.0976,11.0312,0.2451,26.9841,43.6373,5.0000,1.0000,14.0000,2.7341,0.9376,1.9506,0.9376
3900628,2016-02-07,Ligue 1,2015/2016,25.0000,Lille,Rennes,H,Frédéric Antonetti,Rolland Courbis,1.0000,1.0000,1.0000,46.2793,58.8571,4.6067,19.8477,10.0000,0.3402,25.0000,11.3821,11.4324,0.3188,52.9762,56.0042,17.0000,0.0000,16.0000,1.2356,1.0867,1.2356,0.3032
3900628,2016-02-07,Ligue 1,2015/2016,25.0000,Rennes,Lille,A,Rolland Courbis,Frédéric Antonetti,1.0000,1.0000,1.0000,53.7207,41.1429,4.5728,19.0494,8.4926,0.3178,30.0000,5.8140,14.4286,0.2952,38.0597,45.2402,8.0000,0.0000,10.0000,1.0867,1.2356,0.3032,1.2356
3900629,2016-02-07,Ligue 1,2015/2016,25.0000,Olympique de Marseille,Paris Saint-Germain,H,Míchel,Laurent Blanc,1.0000,2.0000,0.0000,45.8515,66.9456,4.7426,20.7481,12.7349,0.2732,44.4444,11.3636,18.0370,0.3403,52.1327,60.0802,22.0000,1.0000,18.0000,0.9716,1.3281,0.9716,1.3281
3900629,2016-02-07,Ligue 1,2015/2016,25.0000,Paris Saint-Germain,Olympique de Marseille,A,Laurent Blanc,Míchel,2.0000,1.0000,3.0000,54.1485,33.0544,6.1383,18.8097,9.1854,0.2713,7.6923,6.1224,10.6000,0.2971,28.8462,42.2340,4.0000,0.0000,11.0000,1.3281,0.9716,1.3281,0.9716
3900630,2016-02-12,Ligue 1,2015/2016,26.0000,Rennes,Angers,H,Rolland Courbis,Stéphane Moulin,1.0000,0.0000,3.0000,68.2854,72.7273,5.7156,19.2339,8.5072,0.2622,70.0000,7.2848,8.8276,0.4906,64.3312,53.2644,8.0000,0.0000,10.0000,0.9393,0.8292,0.9393,0.8292
3900630,2016-02-12,Ligue 1,2015/2016,26.0000,Angers,Rennes,A,Stéphane Moulin,Rolland Courbis,0.0000,1.0000,0.0000,31.7146,27.2727,3.0000,20.3417,14.2322,0.4754,0.0000,10.7692,16.8000,0.2642,24.7253,45.0713,6.0000,1.0000,10.0000,0.8292,0.9393,0.8292,0.9393
3900631,2016-02-13,Ligue 1,2015/2016,26.0000,Montpellier,Toulouse,H,Frédéric Hantz,Dominique Arribagé,2.0000,0.0000,3.0000,40.0774,35.2941,3.3611,22.8526,15.9780,0.4500,40.0000,12.8440,12.7273,0.3457,42.9907,47.8438,13.0000,0.0000,7.0000,0.9763,0.5127,0.9763,0.5127
3900631,2016-02-13,Ligue 1,2015/2016,26.0000,Toulouse,Montpellier,A,Dominique Arribagé,Frédéric Hantz,0.0000,2.0000,0.0000,59.9226,64.7059,4.9292,19.8283,11.6697,0.3579,12.5000,12.5000,10.3793,0.4565,43.9153,49.3235,14.0000,0.0000,10.0000,0.5127,0.9763,0.5127,0.9763
3900632,2016-02-13,Ligue 1,2015/2016,26.0000,Guingamp,Bordeaux,H,Jocelyn Gourvennec,Willy Sagnol,2.0000,4.0000,0.0000,46.1358,49.7175,3.4948,23.7588,20.0590,0.4571,60.0000,9.8361,8.2750,0.2652,45.0820,53.7708,7.0000,0.0000,9.0000,1.1274,2.0732,1.1274,2.0732
3900632,2016-02-13,Ligue 1,2015/2016,26.0000,Bordeaux,Guingamp,A,Willy Sagnol,Jocelyn Gourvennec,4.0000,2.0000,3.0000,53.8642,50.2825,4.1020,20.9316,13.4328,0.3922,0.0000,8.1818,9.8929,0.3782,30.8725,47.7847,8.0000,1.0000,12.0000,2.0732,1.1274,2.0732,1.1274
3900633,2016-02-13,Ligue 1,2015/2016,26.0000,Gazélec Ajaccio,Troyes,H,Thierry Laurey,Mohamed Bradja,2.0000,3.0000,0.0000,56.0502,74.0351,3.7345,22.3506,18.4834,0.4808,25.0000,12.1951,7.8889,0.5195,51.0000,61.6648,30.0000,0.0000,19.0000,2.1592,0.5432,2.1592,0.5432
3900633,2016-02-13,Ligue 1,2015/2016,26.0000,Troyes,Gazélec Ajaccio,A,Mohamed Bradja,Thierry Laurey,3.0000,2.0000,3.0000,43.9498,25.9649,3.2600,22.2231,19.9387,0.5072,13.3333,6.0606,15.0625,0.3646,27.9330,38.4425,5.0000,0.0000,6.0000,0.5432,2.1592,0.5432,2.1592
3900634,2016-02-13,Ligue 1,2015/2016,26.0000,Paris Saint-Germain,Lille,H,Laurent Blanc,Frédéric Antonetti,0.0000,0.0000,1.0000,62.7599,46.7532,6.8333,19.9674,9.9187,0.2702,37.5000,8.7719,7.5263,0.5203,50.7317,50.3455,9.0000,1.0000,12.0000,1.5432,0.1247,1.5432,0.1247
3900634,2016-02-13,Ligue 1,2015/2016,26.0000,Lille,Paris Saint-Germain,A,Frédéric Antonetti,Laurent Blanc,0.0000,0.0000,1.0000,37.2401,53.2468,3.3800,22.5152,18.3432,0.4073,12.5000,2.9703,18.1935,0.3072,52.4510,49.0693,9.0000,0.0000,5.0000,0.1247,1.5432,0.1247,1.5432
3900635,2016-02-13,Ligue 1,2015/2016,26.0000,Stade de Reims,Bastia,H,Olivier Guégan,François Ciccolini,0.0000,1.0000,0.0000,55.9456,50.5682,4.4545,20.9953,12.0181,0.3863,28.5714,6.7164,6.5476,0.4524,44.3182,59.2687,16.0000,0.0000,13.0000,1.3073,0.6835,1.3073,0.6835
3900635,2016-02-13,Ligue 1,2015/2016,26.0000,Bastia,Stade de Reims,A,François Ciccolini,Olivier Guégan,1.0000,0.0000,3.0000,44.0544,49.4318,3.0943,21.4277,15.5488,0.3961,0.0000,11.7647,12.6667,0.2429,35.8333,53.4800,11.0000,3.0000,12.0000,0.6835,1.3073,0.6835,1.3073
3900636,2016-02-13,Ligue 1,2015/2016,26.0000,Nantes,Lorient,H,Michel Der Zakarian,Sylvain Ripoll,2.0000,1.0000,3.0000,45.2191,49.5146,4.6067,21.4379,14.6341,0.3238,14.2857,12.2951,10.9167,0.3073,38.4615,49.7309,6.0000,0.0000,10.0000,1.3043,0.9367,1.3043,0.1532
3900636,2016-02-13,Ligue 1,2015/2016,26.0000,Lorient,Nantes,A,Sylvain Ripoll,Michel Der Zakarian,1.0000,2.0000,0.0000,54.7809,50.4854,4.9300,19.2068,10.5477,0.3114,14.2857,3.1008,10.8333,0.4141,40.9574,50.1678,8.0000,0.0000,4.0000,0.9367,1.3043,0.1532,1.3043
3900637,2016-02-14,Ligue 1,2015/2016,26.0000,OGC Nice,Olympique de Marseille,H,Claude Puel,Míchel,1.0000,1.0000,1.0000,53.1481,56.4655,5.3367,18.9572,11.6635,0.3117,0.0000,7.5000,8.8780,0.4032,39.2157,51.9760,17.0000,0.0000,9.0000,0.7780,1.8740,0.7780,1.8740
3900637,2016-02-14,Ligue 1,2015/2016,26.0000,Olympique de Marseille,OGC Nice,A,Míchel,Claude Puel,1.0000,1.0000,1.0000,0.0000,0.0000,,,,,,,,0.0000,,,0.0000,0.0000,0.0000,0.0000,2.6521,0.0000,2.6521
3900638,2016-02-14,Ligue 1,2015/2016,26.0000,Lyon,Stade Malherbe Caen,H,Bruno Génésio,Patrice Garande,4.0000,1.0000,3.0000,60.7781,57.9787,5.2475,19.2726,9.6226,0.3479,44.4444,5.2632,8.1212,0.3485,46.9231,53.6028,12.0000,1.0000,21.0000,3.7992,1.0894,3.7992,1.0894
3900638,2016-02-14,Ligue 1,2015/2016,26.0000,Stade Malherbe Caen,Lyon,A,Patrice Garande,Bruno Génésio,1.0000,4.0000,0.0000,39.2219,42.0213,3.0800,21.8100,17.2078,0.4638,0.0000,12.3810,16.5200,0.2768,33.1250,43.8850,9.0000,1.0000,15.0000,1.0894,3.7992,1.0894,3.7992
3900639,2016-02-14,Ligue 1,2015/2016,26.0000,Saint-Étienne,AS Monaco,H,Christophe Galtier,Leonardo Jardim,1.0000,1.0000,1.0000,57.3427,61.2150,4.0566,20.0206,15.8140,0.4235,16.6667,9.0323,7.9697,0.3579,42.7481,53.4174,17.0000,0.0000,20.0000,1.4177,0.8623,1.4177,0.8623
3900639,2016-02-14,Ligue 1,2015/2016,26.0000,AS Monaco,Saint-Étienne,A,Leonardo Jardim,Christophe Galtier,1.0000,1.0000,1.0000,42.6573,38.7850,2.9600,19.9725,11.1486,0.4793,7.1429,9.3750,18.2222,0.3293,34.5679,50.9286,13.0000,0.0000,8.0000,0.8623,1.4177,0.8623,1.4177
3901144,2016-02-19,Ligue 1,2015/2016,27.0000,Bordeaux,OGC Nice,H,Willy Sagnol,Claude Puel,0.0000,0.0000,1.0000,47.0163,71.5596,4.8265,21.0353,14.7992,0.3221,0.0000,9.3923,18.0000,0.2662,53.8462,54.3316,19.0000,0.0000,14.0000,1.1824,0.5057,1.1824,0.5057
3901144,2016-02-19,Ligue 1,2015/2016,27.0000,OGC Nice,Bordeaux,A,Claude Puel,Willy Sagnol,0.0000,0.0000,1.0000,52.9837,28.4404,6.2529,18.9117,10.8456,0.2886,10.0000,10.7143,10.4839,0.4346,36.2832,44.5672,6.0000,0.0000,10.0000,0.5057,1.1824,0.5057,1.1824
3901145,2016-02-20,Ligue 1,2015/2016,27.0000,Angers,Montpellier,H,Stéphane Moulin,Frédéric Hantz,2.0000,3.0000,0.0000,42.7435,41.9192,3.9583,21.5666,15.7895,0.4914,0.0000,9.2308,16.0000,0.4219,38.2716,49.9525,11.0000,0.0000,13.0000,1.5793,1.0879,1.5793,1.0879
3901145,2016-02-20,Ligue 1,2015/2016,27.0000,Montpellier,Angers,A,Frédéric Hantz,Stéphane Moulin,3.0000,2.0000,3.0000,57.2565,58.0808,4.8667,21.4829,14.8728,0.3566,14.2857,6.9620,8.8611,0.4372,48.9362,55.2400,13.0000,1.0000,12.0000,1.0879,1.5793,1.0879,1.5793
3901146,2016-02-20,Ligue 1,2015/2016,27.0000,Paris Saint-Germain,Stade de Reims,H,Laurent Blanc,Olivier Guégan,4.0000,1.0000,3.0000,70.2881,62.2642,8.4316,16.7178,7.4906,0.2165,42.8571,4.4304,10.4400,0.3850,44.6043,49.3245,11.0000,1.0000,15.0000,1.3732,0.6473,1.3732,0.6473
3901146,2016-02-20,Ligue 1,2015/2016,27.0000,Stade de Reims,Paris Saint-Germain,A,Olivier Guégan,Laurent Blanc,1.0000,4.0000,0.0000,29.7119,37.7358,3.1562,18.0942,9.5710,0.4035,20.0000,5.5556,27.8333,0.3712,50.7886,50.7978,5.0000,0.0000,10.0000,0.6473,1.3732,0.6473,1.3732
3901147,2016-02-20,Ligue 1,2015/2016,27.0000,Toulouse,Gazélec Ajaccio,H,Dominique Arribagé,Thierry Laurey,1.0000,1.0000,1.0000,54.3210,52.6042,4.1982,20.8950,11.1588,0.4218,0.0000,14.6154,14.2727,0.3446,37.2549,52.7933,20.0000,0.0000,13.0000,1.4208,0.9793,1.4208,0.9793
3901147,2016-02-20,Ligue 1,2015/2016,27.0000,Gazélec Ajaccio,Toulouse,A,Thierry Laurey,Dominique Arribagé,1.0000,1.0000,1.0000,45.6790,47.3958,3.7353,22.5378,18.8976,0.4613,0.0000,10.7438,13.8214,0.3049,43.4783,45.7171,12.0000,0.0000,9.0000,0.9793,1.4208,0.9793,1.4208
3901148,2016-02-20,Ligue 1,2015/2016,27.0000,Lorient,Guingamp,H,Sylvain Ripoll,Jocelyn Gourvennec,4.0000,3.0000,3.0000,58.4884,59.4737,4.5600,21.0446,13.5965,0.4011,20.0000,6.6225,14.2778,0.4230,40.3974,54.4440,20.0000,0.0000,27.0000,2.8153,0.7965,2.8153,0.7965
3901148,2016-02-20,Ligue 1,2015/2016,27.0000,Guingamp,Lorient,A,Jocelyn Gourvennec,Sylvain Ripoll,3.0000,4.0000,0.0000,41.5116,40.5263,3.2796,22.5297,16.3934,0.4761,0.0000,6.4815,22.8000,0.2744,26.8116,45.6765,14.0000,1.0000,14.0000,0.7965,2.8153,0.7965,2.8153
3901149,2016-02-20,Ligue 1,2015/2016,27.0000,AS Monaco,Troyes,H,Leonardo Jardim,Mohamed Bradja,3.0000,1.0000,3.0000,44.7038,44.6903,4.3365,19.2604,9.0909,0.3284,50.0000,13.2231,14.6000,0.4188,44.9612,49.5626,10.0000,6.0000,17.0000,2.9326,1.0963,2.9326,1.0963
3901149,2016-02-20,Ligue 1,2015/2016,27.0000,Troyes,AS Monaco,A,Mohamed Bradja,Leonardo Jardim,1.0000,3.0000,0.0000,55.2962,55.3097,5.7653,19.5530,11.3274,0.3044,75.0000,8.9172,13.8077,0.3655,36.8132,49.6130,8.0000,1.0000,15.0000,1.0963,2.9326,1.0963,2.9326
3901150,2016-02-21,Ligue 1,2015/2016,27.0000,Olympique de Marseille,Saint-Étienne,H,Míchel,Christophe Galtier,1.0000,1.0000,1.0000,49.7332,47.3684,3.7830,19.6811,12.7182,0.3677,50.0000,7.6923,10.1875,0.5159,44.0329,44.1891,5.0000,1.0000,8.0000,0.5509,0.8494,0.5509,0.8494
3901150,2016-02-21,Ligue 1,2015/2016,27.0000,Saint-Étienne,Olympique de Marseille,A,Christophe Galtier,Míchel,1.0000,1.0000,1.0000,50.2668,52.6316,3.9524,19.8197,12.0482,0.3297,11.1111,6.3492,8.8158,0.3691,54.0698,56.0374,16.0000,1.0000,15.0000,0.8494,0.5509,0.8494,0.5509
3901151,2016-02-21,Ligue 1,2015/2016,27.0000,Lille,Lyon,H,Frédéric Antonetti,Bruno Génésio,1.0000,0.0000,3.0000,45.7647,42.3529,3.1048,20.6038,14.1104,0.4137,30.0000,8.6957,8.7368,0.3579,47.2727,57.4474,16.0000,0.0000,11.0000,0.7858,1.0273,0.7858,1.0273
3901151,2016-02-21,Ligue 1,2015/2016,27.0000,Lyon,Lille,A,Bruno Génésio,Frédéric Antonetti,0.0000,1.0000,0.0000,54.2353,57.6471,3.7130,19.0469,9.9751,0.4018,0.0000,4.8387,7.2500,0.4807,44.3850,46.8623,7.0000,1.0000,12.0000,1.0273,0.7858,1.0273,0.7858
3901152,2016-02-21,Ligue 1,2015/2016,27.0000,Stade Malherbe Caen,Rennes,H,Patrice Garande,Rolland Courbis,1.0000,0.0000,3.0000,35.4554,50.0000,3.0800,22.6476,20.7792,0.4662,0.0000,14.2857,12.7073,0.4112,41.3284,46.6224,9.0000,1.0000,12.0000,1.1649,0.6804,1.1649,0.6804
3901152,2016-02-21,Ligue 1,2015/2016,27.0000,Rennes,Stade Malherbe Caen,A,Rolland Courbis,Patrice Garande,0.0000,1.0000,0.0000,64.5446,50.0000,6.1200,18.9974,9.4771,0.2999,50.0000,7.3171,8.2667,0.4337,47.1338,52.2530,10.0000,0.0000,8.0000,0.6804,1.1649,0.6804,1.1649
3901153,2016-02-26,Ligue 1,2015/2016,28.0000,OGC Nice,Bastia,H,Claude Puel,François Ciccolini,0.0000,2.0000,0.0000,68.0380,70.6294,6.0000,19.8973,11.6162,0.2398,62.5000,8.0645,8.2069,0.4719,47.5524,54.5440,10.0000,0.0000,10.0000,0.9855,0.4506,0.9855,0.4506
3901153,2016-02-26,Ligue 1,2015/2016,28.0000,Bastia,OGC Nice,A,François Ciccolini,Claude Puel,2.0000,0.0000,3.0000,31.9620,29.3706,2.9326,23.1013,19.9234,0.4771,22.2222,7.2464,14.0833,0.2651,35.6725,48.1214,10.0000,1.0000,11.0000,0.4506,0.9855,0.4506,0.9855
3901154,2016-02-27,Ligue 1,2015/2016,28.0000,Troyes,Lorient,H,Mohamed Bradja,Sylvain Ripoll,0.0000,1.0000,0.0000,58.1331,58.6047,5.5096,20.0212,11.1693,0.2898,41.6667,7.5949,12.3333,0.3510,44.6541,49.0171,10.0000,0.0000,11.0000,0.5808,2.2100,0.5808,2.2100
3901154,2016-02-27,Ligue 1,2015/2016,28.0000,Lorient,Troyes,A,Sylvain Ripoll,Mohamed Bradja,1.0000,0.0000,3.0000,41.8669,41.3953,4.1020,19.3921,12.9353,0.3648,0.0000,8.5714,20.3636,0.3370,33.9623,48.4523,14.0000,1.0000,19.0000,2.2100,0.5808,2.2100,0.5808
3901155,2016-02-27,Ligue 1,2015/2016,28.0000,Montpellier,Lille,H,Frédéric Hantz,Frédéric Antonetti,3.0000,0.0000,3.0000,52.9101,59.3361,4.4200,21.0779,15.8371,0.3020,14.2857,15.0943,10.2333,0.3124,50.3597,57.2073,18.0000,0.0000,9.0000,1.0393,0.3886,1.0393,0.3886
3901155,2016-02-27,Ligue 1,2015/2016,28.0000,Lille,Montpellier,A,Frédéric Antonetti,Frédéric Hantz,0.0000,3.0000,0.0000,47.0899,40.6639,4.4773,19.7212,10.9137,0.3192,27.2727,12.3894,10.5517,0.3780,26.9841,44.9516,9.0000,0.0000,6.0000,0.3886,1.0393,0.3886,1.0393
3901156,2016-02-27,Ligue 1,2015/2016,28.0000,Guingamp,Angers,H,Jocelyn Gourvennec,Stéphane Moulin,2.0000,2.0000,1.0000,57.7576,61.1429,4.7812,19.9915,10.8932,0.3511,25.0000,6.4286,13.0000,0.3003,42.8571,53.1283,12.0000,0.0000,15.0000,2.7774,1.0075,1.9939,0.2240
3901156,2016-02-27,Ligue 1,2015/2016,28.0000,Angers,Guingamp,A,Stéphane Moulin,Jocelyn Gourvennec,2.0000,2.0000,1.0000,42.2424,38.8571,3.8023,20.9374,13.4557,0.4283,0.0000,9.0909,21.8750,0.2314,38.9831,39.3400,11.0000,0.0000,8.0000,1.0075,2.7774,0.2240,1.9939
3901157,2016-02-27,Ligue 1,2015/2016,28.0000,Stade de Reims,Bordeaux,H,Olivier Guégan,Willy Sagnol,4.0000,1.0000,3.0000,37.4600,46.0606,3.2527,22.4929,18.2432,0.4489,0.0000,10.2273,15.8571,0.3020,35.0282,49.0791,9.0000,0.0000,15.0000,1.1984,0.6728,1.1984,0.6728
3901157,2016-02-27,Ligue 1,2015/2016,28.0000,Bordeaux,Stade de Reims,A,Willy Sagnol,Olivier Guégan,1.0000,4.0000,0.0000,62.5400,53.9394,5.6989,19.9781,10.9434,0.2997,0.0000,8.8000,8.4667,0.4302,48.3444,49.5600,10.0000,0.0000,6.0000,0.6728,1.1984,0.6728,1.1984
3901158,2016-02-27,Ligue 1,2015/2016,28.0000,Toulouse,Rennes,H,Dominique Arribagé,Rolland Courbis,1.0000,2.0000,0.0000,45.7457,52.7778,3.9732,20.9088,13.7079,0.3700,0.0000,12.1212,11.8108,0.3929,39.9142,49.2362,9.0000,1.0000,8.0000,0.4092,1.7193,0.4092,1.7193
3901158,2016-02-27,Ligue 1,2015/2016,28.0000,Rennes,Toulouse,A,Rolland Courbis,Dominique Arribagé,2.0000,1.0000,3.0000,54.2543,47.2222,4.4746,20.7220,12.8788,0.3556,25.0000,6.3830,11.0968,0.4060,43.8424,50.9223,13.0000,0.0000,18.0000,1.7193,0.4092,1.7193,0.4092
3901159,2016-02-28,Ligue 1,2015/2016,28.0000,Lyon,Paris Saint-Germain,H,Bruno Génésio,Laurent Blanc,2.0000,1.0000,3.0000,37.3747,61.2360,3.6180,21.1513,13.6646,0.3822,0.0000,5.0000,16.4194,0.3056,51.8325,54.6901,14.0000,2.0000,14.0000,1.2475,0.3708,1.2475,0.3708
3901159,2016-02-28,Ligue 1,2015/2016,28.0000,Paris Saint-Germain,Lyon,A,Laurent Blanc,Bruno Génésio,1.0000,2.0000,0.0000,62.6253,38.7640,6.2935,20.3238,12.6079,0.2342,33.3333,6.3830,11.8500,0.2118,27.8481,43.6340,4.0000,0.0000,7.0000,0.3708,1.2475,0.3708,1.2475
3901160,2016-02-28,Ligue 1,2015/2016,28.0000,Nantes,AS Monaco,H,Michel Der Zakarian,Leonardo Jardim,0.0000,0.0000,1.0000,54.1888,62.6263,4.2710,21.3623,16.4114,0.3626,0.0000,8.1250,11.1034,0.4074,50.0000,52.0784,16.0000,0.0000,13.0000,0.9984,0.3207,0.9984,0.3207
3901160,2016-02-28,Ligue 1,2015/2016,28.0000,AS Monaco,Nantes,A,Leonardo Jardim,Michel Der Zakarian,0.0000,0.0000,1.0000,45.8112,37.3737,4.0526,21.5276,15.0649,0.4004,8.3333,5.2632,14.6522,0.2407,31.7073,48.2160,11.0000,1.0000,4.0000,0.3207,0.9984,0.3207,0.9984
3901161,2016-02-28,Ligue 1,2015/2016,28.0000,Saint-Étienne,Stade Malherbe Caen,H,Christophe Galtier,Patrice Garande,1.0000,2.0000,0.0000,62.3958,57.2770,4.6930,19.1368,11.0280,0.3721,63.6364,6.6667,7.0857,0.5125,43.7838,54.1769,18.0000,0.0000,15.0000,1.2639,1.3948,1.2639,1.3948
3901161,2016-02-28,Ligue 1,2015/2016,28.0000,Stade Malherbe Caen,Saint-Étienne,A,Patrice Garande,Christophe Galtier,2.0000,1.0000,3.0000,37.6042,42.7230,2.6972,22.1211,18.7075,0.4697,8.3333,16.2162,17.3600,0.2003,27.5000,45.7824,12.0000,0.0000,16.0000,1.3948,1.2639,1.3948,1.2639
3901162,2016-03-04,Ligue 1,2015/2016,29.0000,Stade Malherbe Caen,AS Monaco,H,Patrice Garande,Leonardo Jardim,2.0000,2.0000,1.0000,47.8632,45.8937,3.8654,21.2214,15.9204,0.4361,0.0000,7.9710,15.7727,0.4959,38.4298,48.6972,10.0000,0.0000,14.0000,1.5485,0.5322,0.7650,0.5322
3901162,2016-03-04,Ligue 1,2015/2016,29.0000,AS Monaco,Stade Malherbe Caen,A,Leonardo Jardim,Patrice Garande,2.0000,2.0000,1.0000,52.1368,54.1063,3.8468,21.5008,16.8618,0.3907,0.0000,8.8889,9.6061,0.3839,47.0930,49.6836,10.0000,0.0000,8.0000,0.5322,1.5485,0.5322,0.7650
3901163,2016-03-05,Ligue 1,2015/2016,29.0000,OGC Nice,Troyes,H,Claude Puel,Mohamed Bradja,2.0000,1.0000,3.0000,67.3333,65.7534,7.1619,17.0011,5.5851,0.2198,42.8571,8.3333,14.3810,0.2577,55.4455,61.8233,20.0000,0.0000,17.0000,1.7924,0.7214,1.7924,0.7214
3901163,2016-03-05,Ligue 1,2015/2016,29.0000,Troyes,OGC Nice,A,Mohamed Bradja,Claude Puel,1.0000,2.0000,0.0000,32.6667,34.2466,3.7692,20.1288,13.7026,0.4042,9.0909,7.6087,23.6400,0.2760,31.3901,40.1948,7.0000,0.0000,9.0000,0.7214,1.7924,0.7214,1.7924
3901164,2016-03-05,Ligue 1,2015/2016,29.0000,Angers,Saint-Étienne,H,Stéphane Moulin,Christophe Galtier,0.0000,0.0000,1.0000,37.6434,36.4162,3.2553,21.3503,16.6667,0.4992,0.0000,5.3191,22.7895,0.3863,43.7229,50.1950,13.0000,0.0000,7.0000,0.3549,1.5552,0.3549,1.5552
3901164,2016-03-05,Ligue 1,2015/2016,29.0000,Saint-Étienne,Angers,A,Christophe Galtier,Stéphane Moulin,0.0000,0.0000,1.0000,62.3566,63.5838,5.0755,20.4656,12.8253,0.3242,50.0000,2.0000,7.7429,0.5069,53.5519,54.7690,14.0000,0.0000,7.0000,1.5552,0.3549,1.5552,0.3549
3901165,2016-03-05,Ligue 1,2015/2016,29.0000,Bordeaux,Gazélec Ajaccio,H,Willy Sagnol,Thierry Laurey,1.0000,1.0000,1.0000,48.8974,53.0303,4.5340,20.8022,13.7045,0.3443,0.0000,13.8614,17.2500,0.3302,40.3409,53.0309,11.0000,0.0000,12.0000,1.6055,0.1927,0.8220,0.1927
3901165,2016-03-05,Ligue 1,2015/2016,29.0000,Gazélec Ajaccio,Bordeaux,A,Thierry Laurey,Willy Sagnol,1.0000,1.0000,1.0000,51.1026,46.9697,5.0737,22.3363,16.1826,0.3244,57.1429,7.4074,11.4000,0.4333,51.5837,47.9689,4.0000,0.0000,4.0000,0.1927,1.6055,0.1927,0.8220
3901166,2016-03-05,Ligue 1,2015/2016,29.0000,Paris Saint-Germain,Montpellier,H,Laurent Blanc,Frédéric Hantz,0.0000,0.0000,1.0000,62.8311,46.1538,7.6452,19.8073,10.4079,0.2374,83.3333,10.8108,9.3125,0.4209,41.2698,49.5179,4.0000,0.0000,8.0000,0.8288,0.3271,0.8288,0.3271
3901166,2016-03-05,Ligue 1,2015/2016,29.0000,Montpellier,Paris Saint-Germain,A,Frédéric Hantz,Laurent Blanc,0.0000,0.0000,1.0000,37.1689,53.8462,4.3298,21.6906,16.2162,0.3857,20.0000,9.1549,17.1842,0.2964,58.6667,53.1479,11.0000,0.0000,6.0000,0.3271,0.8288,0.3271,0.8288
3901167,2016-03-05,Ligue 1,2015/2016,29.0000,Bastia,Lorient,H,François Ciccolini,Sylvain Ripoll,0.0000,0.0000,1.0000,52.0635,68.3824,4.5455,20.9612,12.4444,0.4067,,11.4754,8.8571,0.4415,48.5000,56.6222,12.0000,0.0000,25.0000,2.1365,0.0865,2.1365,0.0865
3901167,2016-03-05,Ligue 1,2015/2016,29.0000,Lorient,Bastia,A,Sylvain Ripoll,François Ciccolini,0.0000,0.0000,1.0000,47.9365,31.6176,3.9596,20.0737,12.2449,0.3520,0.0000,4.1096,14.5600,0.4593,35.8407,43.0858,7.0000,0.0000,2.0000,0.0865,2.1365,0.0865,2.1365
3901168,2016-03-05,Ligue 1,2015/2016,29.0000,Lille,Stade de Reims,H,Frédéric Antonetti,Olivier Guégan,2.0000,0.0000,3.0000,49.1505,56.4626,3.2430,20.8203,14.1210,0.4198,33.3333,6.7308,10.8333,0.4129,54.3353,49.5851,10.0000,0.0000,8.0000,1.2567,0.3452,1.2567,0.3452
3901168,2016-03-05,Ligue 1,2015/2016,29.0000,Stade de Reims,Lille,A,Olivier Guégan,Frédéric Antonetti,0.0000,2.0000,0.0000,50.8495,43.5374,3.9677,22.5587,17.0732,0.3885,50.0000,8.7912,5.1273,0.3975,39.7516,52.5042,12.0000,0.0000,9.0000,0.3452,1.2567,0.3452,1.2567
3901169,2016-03-06,Ligue 1,2015/2016,29.0000,Olympique de Marseille,Toulouse,H,Míchel,Pascal Dupraz,1.0000,1.0000,1.0000,55.4717,69.8690,4.8981,19.6836,11.7202,0.3491,0.0000,15.5172,9.5000,0.4576,44.9074,53.5168,15.0000,1.0000,20.0000,2.1103,1.0757,2.1103,1.0757
3901169,2016-03-06,Ligue 1,2015/2016,29.0000,Toulouse,Olympique de Marseille,A,Pascal Dupraz,Míchel,1.0000,1.0000,1.0000,44.5283,30.1310,4.3131,18.7199,8.6651,0.3923,0.0000,7.9208,13.0667,0.2670,33.7580,47.1760,10.0000,1.0000,18.0000,1.0757,2.1103,1.0757,2.1103
3901170,2016-03-06,Ligue 1,2015/2016,29.0000,Rennes,Nantes,H,Rolland Courbis,Michel Der Zakarian,4.0000,1.0000,3.0000,35.1174,29.2079,3.8182,21.8646,17.8571,0.4122,0.0000,3.6145,17.8077,0.3126,36.1111,45.9121,5.0000,0.0000,12.0000,1.2846,0.6078,1.2846,0.6078
3901170,2016-03-06,Ligue 1,2015/2016,29.0000,Nantes,Rennes,A,Michel Der Zakarian,Rolland Courbis,1.0000,4.0000,0.0000,64.8826,70.7921,6.9355,19.8810,13.0233,0.2714,0.0000,6.8421,6.8049,0.4305,45.3416,52.9748,9.0000,0.0000,11.0000,0.6078,1.2846,0.6078,1.2846
3901171,2016-03-06,Ligue 1,2015/2016,29.0000,Lyon,Guingamp,H,Bruno Génésio,Jocelyn Gourvennec,5.0000,1.0000,3.0000,66.2231,74.4048,6.3511,19.5185,11.0553,0.2817,40.0000,4.4025,7.4865,0.4091,60.0000,58.8000,17.0000,0.0000,16.0000,4.3248,1.6215,4.3248,1.6215
3901171,2016-03-06,Ligue 1,2015/2016,29.0000,Guingamp,Lyon,A,Jocelyn Gourvennec,Bruno Génésio,1.0000,5.0000,0.0000,33.7769,25.5952,3.2386,21.7003,15.7895,0.4632,0.0000,9.8361,21.5238,0.3369,33.0275,42.6648,7.0000,2.0000,11.0000,1.6215,4.3248,1.6215,4.3248
3901172,2016-03-09,Ligue 1,2015/2016,27.0000,Bastia,Nantes,H,François Ciccolini,Michel Der Zakarian,0.0000,0.0000,1.0000,50.5519,56.5714,3.9800,21.9495,15.8291,0.3665,0.0000,12.8000,14.6667,0.4866,46.3303,51.3382,14.0000,0.0000,5.0000,0.3533,0.4438,0.3533,0.4438
3901172,2016-03-09,Ligue 1,2015/2016,27.0000,Nantes,Bastia,A,Michel Der Zakarian,François Ciccolini,0.0000,0.0000,1.0000,49.4481,43.4286,4.0309,20.0816,12.5320,0.4332,0.0000,8.9109,10.1250,0.4410,50.0000,48.8468,6.0000,1.0000,8.0000,0.4438,0.3533,0.4438,0.3533
3901173,2016-03-09,Ligue 1,2015/2016,28.0000,Gazélec Ajaccio,Olympique de Marseille,H,Thierry Laurey,Míchel,1.0000,1.0000,1.0000,47.0944,50.5263,3.3200,22.0978,17.7711,0.5075,60.0000,12.3967,8.8857,0.4256,41.3978,49.2113,13.0000,0.0000,16.0000,1.5042,0.8611,1.5042,0.8611
3901173,2016-03-09,Ligue 1,2015/2016,28.0000,Olympique de Marseille,Gazélec Ajaccio,A,Míchel,Thierry Laurey,1.0000,1.0000,1.0000,0.0000,0.0000,,,,,,,,0.0000,,,0.0000,0.0000,0.0000,0.0000,2.3653,0.0000,2.3653
3901174,2016-03-11,Ligue 1,2015/2016,30.0000,AS Monaco,Stade de Reims,H,Leonardo Jardim,Olivier Guégan,2.0000,2.0000,1.0000,44.5255,51.4793,3.7900,21.8384,14.2480,0.4283,0.0000,6.5041,9.1087,0.4192,47.9821,54.1774,15.0000,1.0000,12.0000,1.4484,1.3751,1.4484,1.3751
3901174,2016-03-11,Ligue 1,2015/2016,30.0000,Stade de Reims,AS Monaco,A,Olivier Guégan,Leonardo Jardim,2.0000,2.0000,1.0000,55.4745,48.5207,4.2613,19.7467,13.3192,0.3662,0.0000,10.0000,12.4583,0.3466,42.5676,52.7672,14.0000,1.0000,10.0000,1.3751,1.4484,1.3751,1.4484
3901175,2016-03-12,Ligue 1,2015/2016,30.0000,Montpellier,OGC Nice,H,Frédéric Hantz,Claude Puel,0.0000,2.0000,0.0000,45.3581,61.0778,4.4135,19.8962,11.3290,0.3334,57.1429,11.1111,12.5476,0.4466,63.4058,62.2773,22.0000,0.0000,11.0000,1.2709,1.8919,1.2709,1.8919
3901175,2016-03-12,Ligue 1,2015/2016,30.0000,OGC Nice,Montpellier,A,Claude Puel,Frédéric Hantz,2.0000,0.0000,3.0000,54.6419,38.9222,5.3868,18.7436,9.2820,0.2594,12.5000,7.0588,15.6087,0.4094,29.5238,39.9821,4.0000,1.0000,10.0000,1.8919,1.2709,1.8919,1.2709
3901176,2016-03-12,Ligue 1,2015/2016,30.0000,Toulouse,Bordeaux,H,Pascal Dupraz,Willy Sagnol,4.0000,0.0000,3.0000,52.2779,60.3448,4.1979,20.4497,12.6551,0.3888,12.5000,8.6331,7.4286,0.3723,40.3846,55.5215,13.0000,2.0000,21.0000,4.7415,0.5835,3.1745,0.5835
3901176,2016-03-12,Ligue 1,2015/2016,30.0000,Bordeaux,Toulouse,A,Willy Sagnol,Pascal Dupraz,0.0000,4.0000,0.0000,47.7221,39.6552,3.8316,23.1731,20.6044,0.4193,11.1111,9.5238,13.1667,0.3595,32.1212,49.3590,11.0000,0.0000,13.0000,0.5835,4.7415,0.5835,3.1745
3901177,2016-03-12,Ligue 1,2015/2016,30.0000,Bastia,Lille,H,François Ciccolini,Frédéric Antonetti,1.0000,2.0000,0.0000,45.8586,42.1769,4.0505,20.9174,13.2170,0.4084,0.0000,14.1176,14.4286,0.3396,41.2088,46.2093,8.0000,0.0000,10.0000,0.8146,0.9675,0.8146,0.9675
3901177,2016-03-12,Ligue 1,2015/2016,30.0000,Lille,Bastia,A,Frédéric Antonetti,François Ciccolini,2.0000,1.0000,3.0000,54.1414,57.8231,4.2883,20.8171,15.1261,0.3244,0.0000,8.1633,9.8421,0.3436,53.8462,54.6682,7.0000,1.0000,9.0000,0.9675,0.8146,0.9675,0.8146
3901178,2016-03-12,Ligue 1,2015/2016,30.0000,Lorient,Olympique de Marseille,H,Sylvain Ripoll,Míchel,1.0000,1.0000,1.0000,40.1328,44.4444,3.6634,19.0120,11.0811,0.3753,0.0000,9.9010,15.4194,0.3265,39.8058,53.4421,10.0000,1.0000,15.0000,1.8755,0.7889,1.8755,0.7889
3901178,2016-03-12,Ligue 1,2015/2016,30.0000,Olympique de Marseille,Lorient,A,Míchel,Sylvain Ripoll,1.0000,1.0000,1.0000,0.0000,0.0000,,,,,,,,0.0000,,,0.0000,0.0000,0.0000,0.0000,2.6644,0.0000,2.6644
3901179,2016-03-12,Ligue 1,2015/2016,30.0000,Gazélec Ajaccio,Stade Malherbe Caen,H,Thierry Laurey,Patrice Garande,1.0000,0.0000,3.0000,59.1640,59.0909,5.3263,21.3067,15.6126,0.3545,14.2857,7.2917,10.6087,0.5118,35.3846,50.2295,17.0000,0.0000,19.0000,1.1086,0.7611,1.1086,0.7611
3901179,2016-03-12,Ligue 1,2015/2016,30.0000,Stade Malherbe Caen,Gazélec Ajaccio,A,Patrice Garande,Thierry Laurey,0.0000,1.0000,0.0000,0.0000,0.0000,,,,,,,,0.0000,,,0.0000,0.0000,0.0000,0.0000,1.8697,0.0000,1.8697
3901180,2016-03-12,Ligue 1,2015/2016,30.0000,Guingamp,Saint-Étienne,H,Jocelyn Gourvennec,Christophe Galtier,2.0000,0.0000,3.0000,33.1959,28.8889,2.6139,22.2610,15.1515,0.4642,9.0909,5.1948,24.9412,0.2361,25.4902,46.0553,7.0000,0.0000,7.0000,1.3253,0.8711,1.3253,0.8711
3901180,2016-03-12,Ligue 1,2015/2016,30.0000,Saint-Étienne,Guingamp,A,Christophe Galtier,Jocelyn Gourvennec,0.0000,2.0000,0.0000,66.8041,71.1111,5.8431,19.7515,8.8926,0.3179,66.6667,5.9783,7.4062,0.5186,46.1078,49.3034,9.0000,1.0000,16.0000,0.8711,1.3253,0.8711,1.3253
3901181,2016-03-13,Ligue 1,2015/2016,30.0000,Rennes,Lyon,H,Rolland Courbis,Bruno Génésio,2.0000,2.0000,1.0000,40.7534,33.6585,3.6023,20.6196,12.9338,0.4767,0.0000,9.0909,13.3846,0.3487,37.5691,44.9008,10.0000,0.0000,13.0000,1.2151,2.3303,1.2151,2.3303
3901181,2016-03-13,Ligue 1,2015/2016,30.0000,Lyon,Rennes,A,Bruno Génésio,Rolland Courbis,2.0000,2.0000,1.0000,59.2466,66.3415,4.6465,18.9559,10.8696,0.3429,0.0000,7.7419,9.7407,0.4090,50.6849,54.9236,14.0000,3.0000,17.0000,2.3303,1.2151,2.3303,1.2151
3901182,2016-03-13,Ligue 1,2015/2016,30.0000,Nantes,Angers,H,Michel Der Zakarian,Stéphane Moulin,2.0000,0.0000,3.0000,51.4636,61.3734,4.6952,20.5141,13.7931,0.3169,0.0000,7.4713,9.9474,0.3346,50.0000,55.8069,18.0000,1.0000,12.0000,0.6663,0.2297,0.6663,0.2297
3901182,2016-03-13,Ligue 1,2015/2016,30.0000,Angers,Nantes,A,Stéphane Moulin,Michel Der Zakarian,0.0000,2.0000,0.0000,48.5364,38.6266,4.3178,19.5496,12.5541,0.3827,0.0000,9.6000,13.8800,0.3780,39.3204,46.5314,8.0000,0.0000,6.0000,0.2297,0.6663,0.2297,0.6663
3901183,2016-03-13,Ligue 1,2015/2016,30.0000,Troyes,Paris Saint-Germain,H,Mohamed Bradja,Laurent Blanc,0.0000,9.0000,0.0000,36.2543,54.0000,4.8077,18.6733,12.2667,0.2945,28.5714,8.0000,22.2222,0.2439,38.6740,47.0546,9.0000,0.0000,16.0000,1.1702,5.7232,1.1702,4.9397
3901183,2016-03-13,Ligue 1,2015/2016,30.0000,Paris Saint-Germain,Troyes,A,Laurent Blanc,Mohamed Bradja,9.0000,0.0000,3.0000,63.7457,46.0000,8.8000,18.2302,8.2386,0.2169,90.9091,11.1111,14.7895,0.3460,47.9452,55.6198,17.0000,4.0000,22.0000,5.7232,1.1702,4.9397,1.1702
3901184,2016-03-18,Ligue 1,2015/2016,31.0000,Olympique de Marseille,Rennes,H,Míchel,Rolland Courbis,2.0000,5.0000,0.0000,61.3407,78.9256,5.3363,17.9649,9.2869,0.2731,20.0000,8.3744,10.5455,0.4062,53.8012,60.9035,19.0000,2.0000,14.0000,1.4260,1.4700,1.4260,1.4700
3901184,2016-03-18,Ligue 1,2015/2016,31.0000,Rennes,Olympique de Marseille,A,Rolland Courbis,Míchel,5.0000,2.0000,3.0000,38.6593,21.0744,4.4881,18.9767,11.6711,0.3298,0.0000,9.2308,12.6061,0.2650,22.5989,43.5571,5.0000,0.0000,13.0000,1.4700,1.4260,1.4700,1.4260
3901185,2016-03-19,Ligue 1,2015/2016,31.0000,Stade de Reims,Guingamp,H,Olivier Guégan,Jocelyn Gourvennec,0.0000,1.0000,0.0000,74.7890,91.9643,5.7965,18.9289,8.7023,0.3061,100.0000,9.9174,6.0000,0.5063,72.7273,63.7101,26.0000,0.0000,20.0000,1.3539,0.1693,1.3539,0.1693
3901185,2016-03-19,Ligue 1,2015/2016,31.0000,Guingamp,Stade de Reims,A,Jocelyn Gourvennec,Olivier Guégan,1.0000,0.0000,3.0000,25.2110,8.0357,2.3373,21.8168,16.4948,0.7068,0.0000,2.7027,24.7059,0.2567,20.8791,34.2783,3.0000,2.0000,2.0000,0.1693,1.3539,0.1693,1.3539
3901186,2016-03-19,Ligue 1,2015/2016,31.0000,Lyon,Nantes,H,Bruno Génésio,Michel Der Zakarian,2.0000,0.0000,3.0000,59.6442,64.4068,5.2252,20.3911,11.7241,0.3339,40.0000,7.7419,16.8000,0.3039,54.1985,54.1961,11.0000,1.0000,8.0000,1.7969,0.3147,1.0134,0.3147
3901186,2016-03-19,Ligue 1,2015/2016,31.0000,Nantes,Lyon,A,Michel Der Zakarian,Bruno Génésio,0.0000,2.0000,0.0000,40.3558,35.5932,4.0638,21.9169,16.4921,0.4083,0.0000,9.0909,16.8214,0.2794,34.8315,44.6420,6.0000,0.0000,7.0000,0.3147,1.7969,0.3147,1.0134
3901187,2016-03-19,Ligue 1,2015/2016,31.0000,Angers,Lorient,H,Stéphane Moulin,Sylvain Ripoll,5.0000,1.0000,3.0000,42.3033,51.8919,3.0673,21.8020,15.9875,0.4389,0.0000,4.4643,12.8621,0.3360,42.3529,52.2962,11.0000,2.0000,23.0000,3.9570,0.8567,3.1735,0.8567
3901187,2016-03-19,Ligue 1,2015/2016,31.0000,Lorient,Angers,A,Sylvain Ripoll,Stéphane Moulin,1.0000,5.0000,0.0000,57.6967,48.1081,4.6875,20.4129,10.0000,0.3802,22.2222,8.1967,13.6111,0.3261,40.4959,45.7141,3.0000,0.0000,5.0000,0.8567,3.9570,0.8567,3.1735
3901188,2016-03-19,Ligue 1,2015/2016,31.0000,Saint-Étienne,Montpellier,H,Christophe Galtier,Frédéric Hantz,3.0000,0.0000,3.0000,42.8108,42.4870,3.5521,22.9824,20.5279,0.4765,50.0000,11.3043,10.4857,0.3932,35.0962,51.7517,10.0000,0.0000,9.0000,2.0484,0.5114,2.0484,0.5114
3901188,2016-03-19,Ligue 1,2015/2016,31.0000,Montpellier,Saint-Étienne,A,Frédéric Hantz,Christophe Galtier,0.0000,3.0000,0.0000,57.1892,57.5130,4.8646,19.7080,12.6338,0.3252,14.2857,7.3770,15.5000,0.4293,42.3529,44.3533,10.0000,0.0000,7.0000,0.5114,2.0484,0.5114,2.0484
3901189,2016-03-19,Ligue 1,2015/2016,31.0000,Lille,Toulouse,H,Frédéric Antonetti,Pascal Dupraz,1.0000,0.0000,3.0000,51.5060,43.9153,4.1204,19.7473,13.7079,0.3995,0.0000,7.7670,18.5556,0.3747,33.1492,45.8525,9.0000,0.0000,6.0000,0.2278,1.0604,0.2278,1.0604
3901189,2016-03-19,Ligue 1,2015/2016,31.0000,Toulouse,Lille,A,Pascal Dupraz,Frédéric Antonetti,0.0000,1.0000,0.0000,48.4940,56.0847,3.9259,21.2522,16.5094,0.4363,12.5000,14.3836,13.0323,0.3918,54.7264,52.7955,17.0000,0.0000,10.0000,1.0604,0.2278,1.0604,0.2278
3901190,2016-03-19,Ligue 1,2015/2016,31.0000,Stade Malherbe Caen,Troyes,H,Patrice Garande,Mohamed Bradja,2.0000,1.0000,3.0000,49.2130,61.8557,3.8426,21.6756,16.6265,0.3926,28.5714,12.1795,11.4545,0.2934,52.8169,58.2930,17.0000,1.0000,24.0000,1.0296,0.2597,1.0296,0.2597
3901190,2016-03-19,Ligue 1,2015/2016,31.0000,Troyes,Stade Malherbe Caen,A,Mohamed Bradja,Patrice Garande,1.0000,2.0000,0.0000,50.7870,38.1443,3.6053,20.8758,13.8686,0.4045,22.2222,6.6667,17.4444,0.3305,32.2581,37.0818,4.0000,0.0000,4.0000,0.2597,1.0296,0.2597,1.0296
3901191,2016-03-20,Ligue 1,2015/2016,31.0000,OGC Nice,Gazélec Ajaccio,H,Claude Puel,Thierry Laurey,3.0000,0.0000,3.0000,61.6450,50.0000,7.1398,18.5389,8.7349,0.2314,25.0000,9.2437,19.1176,0.3047,39.2593,49.8987,4.0000,1.0000,10.0000,1.6197,0.5155,1.6197,0.5155
3901191,2016-03-20,Ligue 1,2015/2016,31.0000,Gazélec Ajaccio,OGC Nice,A,Thierry Laurey,Claude Puel,0.0000,3.0000,0.0000,38.3550,50.0000,4.3778,21.1913,14.7208,0.3512,25.0000,4.5872,18.6452,0.3118,46.8468,54.0491,13.0000,0.0000,12.0000,0.5155,1.6197,0.5155,1.6197
3901192,2016-03-20,Ligue 1,2015/2016,31.0000,Bordeaux,Bastia,H,Ulrich Ramé,François Ciccolini,1.0000,1.0000,1.0000,43.4560,39.6648,3.8776,21.3500,16.3158,0.3870,0.0000,13.6842,17.4348,0.2532,31.4286,46.5540,4.0000,0.0000,12.0000,1.0567,0.9794,1.0567,0.9794
3901192,2016-03-20,Ligue 1,2015/2016,31.0000,Bastia,Bordeaux,A,François Ciccolini,Ulrich Ramé,1.0000,1.0000,1.0000,56.5440,60.3352,5.1111,21.6289,14.0316,0.3297,20.0000,11.9718,12.5000,0.3271,48.9209,49.2533,8.0000,0.0000,8.0000,0.9794,1.0567,0.9794,1.0567
3901193,2016-03-20,Ligue 1,2015/2016,31.0000,Paris Saint-Germain,AS Monaco,H,Laurent Blanc,Leonardo Jardim,0.0000,2.0000,0.0000,73.4272,74.9077,8.8526,18.1660,9.2747,0.2135,80.0000,8.0851,8.8462,0.3832,49.5935,55.4359,21.0000,0.0000,23.0000,2.2382,2.0700,2.2382,1.2865
3901193,2016-03-20,Ligue 1,2015/2016,31.0000,AS Monaco,Paris Saint-Germain,A,Leonardo Jardim,Laurent Blanc,2.0000,0.0000,3.0000,26.5728,25.0923,3.6076,21.0612,15.0877,0.4141,9.0909,9.3023,24.5833,0.2176,43.5233,49.1000,9.0000,1.0000,12.0000,2.0700,2.2382,1.2865,2.2382
3901194,2016-04-01,Ligue 1,2015/2016,32.0000,AS Monaco,Bordeaux,H,Leonardo Jardim,Ulrich Ramé,1.0000,2.0000,0.0000,62.4350,80.4124,4.1339,20.9612,14.6667,0.3464,33.3333,7.6923,7.3171,0.4848,52.0000,54.0557,12.0000,0.0000,15.0000,1.5346,0.9991,0.7511,0.9991
3901194,2016-04-01,Ligue 1,2015/2016,32.0000,Bordeaux,AS Monaco,A,Ulrich Ramé,Leonardo Jardim,2.0000,1.0000,3.0000,37.5650,19.5876,2.8037,22.7565,19.3333,0.4718,0.0000,10.4478,10.0000,0.4633,32.0144,45.9084,6.0000,3.0000,10.0000,0.9991,1.5346,0.9991,0.7511
3901195,2016-04-02,Ligue 1,2015/2016,32.0000,Gazélec Ajaccio,Saint-Étienne,H,,,0.0000,2.0000,0.0000,56.0818,64.6707,4.1062,25.4879,21.9828,0.4214,50.0000,7.3034,12.5385,0.4412,55.5556,53.8788,17.0000,2.0000,17.0000,1.4489,0.7188,1.4489,0.7188
3901195,2016-04-02,Ligue 1,2015/2016,32.0000,Saint-Étienne,Gazélec Ajaccio,A,,,2.0000,0.0000,3.0000,43.9182,35.3293,3.3774,25.6871,22.6257,0.4640,30.0000,8.8889,18.5500,0.3186,42.7711,40.5412,5.0000,1.0000,8.0000,0.7188,1.4489,0.7188,1.4489
3901196,2016-04-02,Ligue 1,2015/2016,32.0000,Paris Saint-Germain,OGC Nice,H,Laurent Blanc,Claude Puel,4.0000,1.0000,3.0000,55.8083,55.1724,7.1429,17.5255,8.3077,0.1778,0.0000,4.5455,17.6667,0.3162,50.5814,46.4100,8.0000,1.0000,12.0000,1.2392,0.4340,1.2392,0.4340
3901196,2016-04-02,Ligue 1,2015/2016,32.0000,OGC Nice,Paris Saint-Germain,A,Claude Puel,Laurent Blanc,1.0000,4.0000,0.0000,44.1917,44.8276,5.8488,18.3945,10.1392,0.1932,16.6667,9.0909,17.1667,0.2780,39.2670,54.3087,8.0000,0.0000,6.0000,0.4340,1.2392,0.4340,1.2392
3901197,2016-04-02,Ligue 1,2015/2016,32.0000,Guingamp,Montpellier,H,Jocelyn Gourvennec,Frédéric Hantz,2.0000,2.0000,1.0000,46.3387,51.1628,3.0917,18.5183,12.1662,0.4641,10.0000,8.0000,16.7895,0.3262,28.1046,53.1241,11.0000,0.0000,10.0000,0.7629,0.4677,0.7629,0.4677
3901197,2016-04-02,Ligue 1,2015/2016,32.0000,Montpellier,Guingamp,A,Frédéric Hantz,Jocelyn Gourvennec,2.0000,2.0000,1.0000,53.6613,48.8372,4.3511,21.1657,14.4254,0.3617,9.0909,5.9259,8.6129,0.4025,40.4908,48.7529,10.0000,0.0000,12.0000,0.4677,0.7629,0.4677,0.7629
3901198,2016-04-02,Ligue 1,2015/2016,32.0000,Troyes,Angers,H,,,0.0000,1.0000,0.0000,52.1947,49.0196,4.2348,20.4833,13.5524,0.3562,50.0000,6.6667,12.7143,0.4092,44.3902,50.3618,15.0000,0.0000,12.0000,1.1605,1.0116,1.1605,1.0116
3901198,2016-04-02,Ligue 1,2015/2016,32.0000,Angers,Troyes,A,,,1.0000,0.0000,3.0000,47.8053,50.9804,3.8522,19.2510,11.9639,0.3940,0.0000,10.1695,15.5385,0.3437,46.2766,47.3280,10.0000,1.0000,18.0000,1.0116,1.1605,1.0116,1.1605
3901199,2016-04-02,Ligue 1,2015/2016,32.0000,Rennes,Stade de Reims,H,Rolland Courbis,Olivier Guégan,3.0000,1.0000,3.0000,45.9485,42.0513,4.4375,19.8122,10.0939,0.3429,0.0000,2.6786,15.6538,0.3139,36.5169,46.4779,4.0000,3.0000,10.0000,1.3549,0.3406,1.3549,0.3406
3901199,2016-04-02,Ligue 1,2015/2016,32.0000,Stade de Reims,Rennes,A,Olivier Guégan,Rolland Courbis,1.0000,3.0000,0.0000,54.0515,57.9487,5.1414,20.4625,10.8055,0.2984,16.6667,6.8966,8.9000,0.4710,39.6476,55.4290,20.0000,0.0000,10.0000,0.3406,1.3549,0.3406,1.3549
3901200,2016-04-02,Ligue 1,2015/2016,32.0000,Toulouse,Stade Malherbe Caen,H,,,2.0000,0.0000,3.0000,47.6244,45.4545,3.0696,22.5852,18.1303,0.5545,0.0000,8.6957,10.3667,0.4752,45.9091,49.4483,12.0000,0.0000,7.0000,0.5878,0.2020,0.5878,0.2020
3901200,2016-04-02,Ligue 1,2015/2016,32.0000,Stade Malherbe Caen,Toulouse,A,,,0.0000,2.0000,0.0000,0.0000,0.0000,,,,,,,,0.0000,,,0.0000,0.0000,0.0000,0.0000,0.7898,0.0000,0.7898
3901201,2016-04-03,Ligue 1,2015/2016,32.0000,Bastia,Olympique de Marseille,H,,,2.0000,1.0000,3.0000,31.7422,47.4074,2.4000,22.7826,19.4444,0.5126,0.0000,8.5366,12.7500,0.3986,45.1754,52.9822,11.0000,1.0000,6.0000,1.0286,0.3682,0.2451,0.3682
3901201,2016-04-03,Ligue 1,2015/2016,32.0000,Olympique de Marseille,Bastia,A,,,1.0000,2.0000,0.0000,0.0000,0.0000,,,,,,,,0.0000,,,0.0000,0.0000,0.0000,0.0000,1.3969,0.0000,0.6134
3901202,2016-04-03,Ligue 1,2015/2016,32.0000,Lorient,Lyon,H,,,1.0000,3.0000,0.0000,38.1498,37.5635,3.2087,20.6250,14.6341,0.4628,13.3333,6.4220,21.0000,0.2764,42.2680,47.4991,8.0000,1.0000,8.0000,1.3486,1.7584,1.3486,1.7584
3901202,2016-04-03,Ligue 1,2015/2016,32.0000,Lyon,Lorient,A,,,3.0000,1.0000,3.0000,61.8502,62.4365,6.2500,20.2066,11.2308,0.3191,100.0000,2.9240,11.4828,0.3995,45.0867,49.4510,9.0000,0.0000,17.0000,1.7584,1.3486,1.7584,1.3486
3901203,2016-04-03,Ligue 1,2015/2016,32.0000,Nantes,Lille,H,Michel Der Zakarian,,0.0000,3.0000,0.0000,58.5513,70.6897,4.8796,22.2617,17.6471,0.3763,28.5714,6.0241,10.3636,0.4126,55.2941,52.8276,7.0000,0.0000,13.0000,0.4460,0.7288,0.4460,0.7288
3901203,2016-04-03,Ligue 1,2015/2016,32.0000,Lille,Nantes,A,,Michel Der Zakarian,3.0000,0.0000,3.0000,41.4487,29.3103,3.8830,22.6311,16.4384,0.4313,0.0000,8.1081,26.0000,0.2921,34.1176,42.2612,6.0000,1.0000,11.0000,0.7288,0.4460,0.7288,0.4460
3901204,2016-04-08,Ligue 1,2015/2016,33.0000,Montpellier,Lyon,H,,,0.0000,2.0000,0.0000,37.3473,43.9252,3.4815,22.1040,17.0213,0.5171,9.0909,10.0775,27.9500,0.3719,46.8165,47.9545,11.0000,2.0000,7.0000,0.6537,3.0130,0.6537,3.0130
3901204,2016-04-08,Ligue 1,2015/2016,33.0000,Lyon,Montpellier,A,,,2.0000,0.0000,3.0000,62.6527,56.0748,6.4667,19.6150,11.3402,0.2904,44.4444,4.8193,8.3056,0.4089,43.4286,44.7736,6.0000,0.0000,14.0000,3.0130,0.6537,3.0130,0.6537
3901205,2016-04-09,Ligue 1,2015/2016,33.0000,Stade Malherbe Caen,Lorient,H,Patrice Garande,Sylvain Ripoll,1.0000,2.0000,0.0000,54.2293,81.8182,4.6518,21.7173,14.3954,0.3268,40.0000,9.7561,9.5000,0.4497,57.0776,61.9574,28.0000,0.0000,18.0000,1.0157,1.9914,1.0157,1.2079
3901205,2016-04-09,Ligue 1,2015/2016,33.0000,Lorient,Stade Malherbe Caen,A,Sylvain Ripoll,Patrice Garande,2.0000,1.0000,3.0000,45.7707,18.1818,4.0943,20.7437,12.4424,0.3666,0.0000,4.3478,12.1538,0.2998,32.9480,43.4303,12.0000,1.0000,16.0000,1.9914,1.0157,1.2079,1.0157
3901206,2016-04-09,Ligue 1,2015/2016,33.0000,Toulouse,Bastia,H,,,4.0000,0.0000,3.0000,46.7016,68.2927,3.6923,20.9417,15.6250,0.4172,0.0000,9.5238,10.2750,0.3792,52.3316,53.8805,9.0000,2.0000,11.0000,1.3026,0.0632,1.3026,0.0632
3901206,2016-04-09,Ligue 1,2015/2016,33.0000,Bastia,Toulouse,A,,,0.0000,4.0000,0.0000,53.2984,31.7073,4.6947,20.1301,13.9013,0.3340,18.1818,8.2192,11.9167,0.2197,33.6735,47.7760,9.0000,0.0000,3.0000,0.0632,1.3026,0.0632,1.3026
3901207,2016-04-09,Ligue 1,2015/2016,33.0000,Stade de Reims,Nantes,H,Olivier Guégan,,2.0000,1.0000,3.0000,39.4144,43.7500,2.8155,21.5036,16.8966,0.4721,0.0000,6.7416,16.3913,0.3643,39.7959,49.1147,8.0000,1.0000,10.0000,0.5902,1.4897,0.5902,1.4897
3901207,2016-04-09,Ligue 1,2015/2016,33.0000,Nantes,Stade de Reims,A,,Olivier Guégan,1.0000,2.0000,0.0000,60.5856,56.2500,4.7822,21.0895,14.9068,0.3753,12.5000,12.0301,10.8696,0.4400,42.8571,47.8500,14.0000,0.0000,14.0000,1.4897,0.5902,1.4897,0.5902
3901208,2016-04-09,Ligue 1,2015/2016,33.0000,Guingamp,Paris Saint-Germain,H,,,0.0000,2.0000,0.0000,32.6855,45.4106,3.3978,19.4950,13.9241,0.4711,0.0000,7.6271,16.0270,0.3241,42.1053,48.9173,2.0000,0.0000,8.0000,0.5324,1.9549,0.5324,1.1714
3901208,2016-04-09,Ligue 1,2015/2016,33.0000,Paris Saint-Germain,Guingamp,A,,,2.0000,0.0000,3.0000,67.3145,54.5894,7.3814,18.0627,6.1453,0.2252,50.0000,6.2500,6.7838,0.4081,42.3841,51.3858,12.0000,0.0000,14.0000,1.9549,0.5324,1.1714,0.5324
3901209,2016-04-09,Ligue 1,2015/2016,33.0000,Angers,Gazélec Ajaccio,H,,,0.0000,0.0000,1.0000,53.1350,43.2258,3.7500,22.1994,15.8621,0.3979,0.0000,4.1667,9.8750,0.3923,51.4451,50.5702,6.0000,0.0000,7.0000,0.1917,0.1549,0.1917,0.1549
3901209,2016-04-09,Ligue 1,2015/2016,33.0000,Gazélec Ajaccio,Angers,A,,,0.0000,0.0000,1.0000,46.8650,56.7742,3.9286,23.1986,18.1818,0.4418,25.0000,5.7851,11.6765,0.3680,38.0435,49.2835,5.0000,0.0000,3.0000,0.1549,0.1917,0.1549,0.1917
3901210,2016-04-09,Ligue 1,2015/2016,33.0000,Saint-Étienne,Troyes,H,,,1.0000,0.0000,3.0000,58.5492,68.3060,4.6147,21.3951,16.8986,0.3640,87.5000,10.1911,9.2059,0.4350,60.3448,53.5549,6.0000,0.0000,16.0000,1.4667,0.2647,1.4667,0.2647
3901210,2016-04-09,Ligue 1,2015/2016,33.0000,Troyes,Saint-Étienne,A,,,0.0000,1.0000,0.0000,41.4508,31.6940,3.3137,21.7280,17.1598,0.4333,17.6471,7.0588,18.2273,0.4071,33.0435,42.2596,6.0000,1.0000,9.0000,0.2647,1.4667,0.2647,1.4667
3901211,2016-04-10,Ligue 1,2015/2016,33.0000,Olympique de Marseille,Bordeaux,H,Míchel,Ulrich Ramé,0.0000,0.0000,1.0000,72.0238,78.7440,6.2642,19.7427,10.6928,0.2540,44.4444,14.5251,5.2683,0.4752,48.5075,52.5720,9.0000,0.0000,7.0000,0.4432,0.5585,0.4432,0.5585
3901211,2016-04-10,Ligue 1,2015/2016,33.0000,Bordeaux,Olympique de Marseille,A,Ulrich Ramé,Míchel,0.0000,0.0000,1.0000,27.9762,21.2560,2.6136,22.3398,18.2609,0.5511,0.0000,11.5942,17.6207,0.3388,32.5203,46.5560,13.0000,0.0000,9.0000,0.5585,0.4432,0.5585,0.4432
3901212,2016-04-10,Ligue 1,2015/2016,33.0000,Lille,AS Monaco,H,,,4.0000,1.0000,3.0000,51.1111,46.8208,4.1010,20.4925,14.5320,0.3515,10.0000,2.0000,10.5333,0.3023,45.8647,46.2845,6.0000,1.0000,9.0000,1.8094,0.5192,1.8094,0.5192
3901212,2016-04-10,Ligue 1,2015/2016,33.0000,AS Monaco,Lille,A,,,1.0000,4.0000,0.0000,48.8889,53.1792,3.9899,19.7047,10.8861,0.4349,33.3333,11.8110,13.2308,0.3630,43.1138,48.3561,10.0000,1.0000,7.0000,0.5192,1.8094,0.5192,1.8094
3901213,2016-04-10,Ligue 1,2015/2016,33.0000,OGC Nice,Rennes,H,Claude Puel,Rolland Courbis,3.0000,0.0000,3.0000,58.3012,54.9107,6.3977,19.2918,10.3020,0.2455,0.0000,9.3525,14.4500,0.3958,35.0877,50.6545,13.0000,1.0000,13.0000,2.9635,0.9296,2.1800,0.9296
3901213,2016-04-10,Ligue 1,2015/2016,33.0000,Rennes,OGC Nice,A,Rolland Courbis,Claude Puel,0.0000,3.0000,0.0000,41.6988,45.0893,4.0978,19.8636,13.2626,0.3536,0.0000,3.9370,15.3448,0.2715,41.4634,49.9229,10.0000,1.0000,9.0000,0.9296,2.9635,0.9296,2.1800
3901214,2016-04-15,Ligue 1,2015/2016,34.0000,Lyon,OGC Nice,H,,,1.0000,1.0000,1.0000,52.6212,73.8318,4.5481,19.1944,8.6681,0.3171,25.0000,8.6207,11.1944,0.4802,58.2609,55.9714,21.0000,0.0000,14.0000,1.1081,0.7454,1.1081,0.7454
3901214,2016-04-15,Ligue 1,2015/2016,34.0000,OGC Nice,Lyon,A,,,1.0000,1.0000,1.0000,47.3788,26.1682,4.8851,19.2606,10.1176,0.2471,0.0000,9.5238,20.3333,0.3816,20.1970,40.0929,5.0000,0.0000,7.0000,0.7454,1.1081,0.7454,1.1081
3901215,2016-04-16,Ligue 1,2015/2016,34.0000,Gazélec Ajaccio,Lille,H,,,2.0000,4.0000,0.0000,40.2720,55.6213,3.9186,25.7130,22.8487,0.4179,50.0000,12.0301,11.8718,0.3292,55.8511,50.9873,15.0000,2.0000,14.0000,1.3579,1.6208,1.3579,1.6208
3901215,2016-04-16,Ligue 1,2015/2016,34.0000,Lille,Gazélec Ajaccio,A,,,4.0000,2.0000,3.0000,59.7280,44.3787,5.1100,21.1287,13.8943,0.3309,30.0000,9.3458,10.9600,0.3896,33.3333,44.4168,5.0000,0.0000,14.0000,1.6208,1.3579,1.6208,1.3579
3901216,2016-04-16,Ligue 1,2015/2016,34.0000,Paris Saint-Germain,Stade Malherbe Caen,H,,,6.0000,0.0000,3.0000,67.1053,46.2366,7.1078,19.5748,9.1034,0.2398,62.5000,11.4035,13.3333,0.3120,35.0427,46.0618,13.0000,1.0000,22.0000,3.5175,0.8299,3.5175,0.8299
3901216,2016-04-16,Ligue 1,2015/2016,34.0000,Stade Malherbe Caen,Paris Saint-Germain,A,,,0.0000,6.0000,0.0000,0.0000,0.0000,,,,,,,,0.0000,,,0.0000,0.0000,0.0000,0.0000,4.3474,0.0000,4.3474
3901217,2016-04-16,Ligue 1,2015/2016,34.0000,Troyes,Stade de Reims,H,,,2.0000,1.0000,3.0000,58.2375,57.4359,3.9697,20.4358,14.7583,0.3814,13.3333,8.1301,11.4737,0.4557,38.2550,43.7840,8.0000,2.0000,21.0000,2.5316,1.3601,1.7481,1.3601
3901217,2016-04-16,Ligue 1,2015/2016,34.0000,Stade de Reims,Troyes,A,,,1.0000,2.0000,0.0000,41.7625,42.5641,2.8737,22.0073,15.0183,0.4978,14.2857,10.7843,10.7586,0.3904,49.4382,52.5418,16.0000,3.0000,15.0000,1.3601,2.5316,1.3601,1.7481
3901218,2016-04-16,Ligue 1,2015/2016,34.0000,Bordeaux,Angers,H,,,1.0000,3.0000,0.0000,68.3249,85.6522,6.0385,18.9098,7.9618,0.2604,,9.7778,11.5000,0.3590,67.8571,53.1941,17.0000,0.0000,17.0000,1.7225,0.2151,1.7225,0.2151
3901218,2016-04-16,Ligue 1,2015/2016,34.0000,Angers,Bordeaux,A,,,3.0000,1.0000,3.0000,31.6751,14.3478,3.2963,20.6254,11.6105,0.4359,30.7692,1.7544,18.0000,0.2065,25.8993,41.7782,3.0000,0.0000,4.0000,0.2151,1.7225,0.2151,1.7225
3901219,2016-04-16,Ligue 1,2015/2016,34.0000,Lorient,Toulouse,H,Sylvain Ripoll,Pascal Dupraz,1.0000,1.0000,1.0000,58.8632,43.7500,4.9369,21.0188,13.8686,0.3573,46.1538,9.7015,10.0000,0.3958,32.5444,48.0619,13.0000,0.0000,11.0000,0.5670,0.8805,0.5670,0.8805
3901219,2016-04-16,Ligue 1,2015/2016,34.0000,Toulouse,Lorient,A,Pascal Dupraz,Sylvain Ripoll,1.0000,1.0000,1.0000,41.1368,56.2500,3.2703,21.1954,12.9477,0.4882,11.1111,10.5263,12.4103,0.4075,58.2329,53.8158,13.0000,0.0000,11.0000,0.8805,0.5670,0.8805,0.5670
3901220,2016-04-16,Ligue 1,2015/2016,34.0000,Bastia,Saint-Étienne,H,,,0.0000,1.0000,0.0000,46.8449,59.5506,3.3009,21.4097,16.0858,0.4182,0.0000,13.0435,14.0714,0.3742,50.5376,51.9836,13.0000,1.0000,16.0000,1.0058,0.6937,1.0058,0.6937
3901220,2016-04-16,Ligue 1,2015/2016,34.0000,Saint-Étienne,Bastia,A,,,1.0000,0.0000,3.0000,53.1551,40.4494,4.3824,19.9791,11.8568,0.3964,30.0000,9.4340,7.3846,0.4680,42.4390,53.1853,10.0000,1.0000,9.0000,0.6937,1.0058,0.6937,1.0058
3901221,2016-04-17,Ligue 1,2015/2016,34.0000,Rennes,Guingamp,H,,,0.0000,3.0000,0.0000,62.7979,69.3396,6.2472,18.5994,8.0935,0.3211,20.0000,9.8837,11.6818,0.4067,42.4658,46.2686,9.0000,0.0000,10.0000,0.6941,1.4593,0.6941,1.4593
3901221,2016-04-17,Ligue 1,2015/2016,34.0000,Guingamp,Rennes,A,,,3.0000,0.0000,3.0000,37.2021,30.6604,3.2872,21.7449,15.2104,0.5026,0.0000,8.0808,39.0000,0.2805,26.4706,43.4798,8.0000,0.0000,12.0000,1.4593,0.6941,1.4593,0.6941
3901222,2016-04-17,Ligue 1,2015/2016,34.0000,Nantes,Montpellier,H,,,0.0000,2.0000,0.0000,54.5178,47.9638,5.0938,22.0657,16.7689,0.3587,28.5714,9.9291,12.5000,0.3460,40.6452,51.2694,11.0000,0.0000,10.0000,0.6047,0.5410,0.6047,0.5410
3901222,2016-04-17,Ligue 1,2015/2016,34.0000,Montpellier,Nantes,A,,,2.0000,0.0000,3.0000,45.4822,52.0362,3.7961,21.9592,17.9028,0.3973,0.0000,9.7744,20.8947,0.2849,44.4444,47.7322,8.0000,1.0000,11.0000,0.5410,0.6047,0.5410,0.6047
3901223,2016-04-17,Ligue 1,2015/2016,34.0000,AS Monaco,Olympique de Marseille,H,,,2.0000,1.0000,3.0000,39.4450,67.5159,3.0275,19.3898,10.9091,0.4331,14.2857,12.2951,11.4889,0.3191,53.8462,63.7070,20.0000,0.0000,14.0000,0.9694,0.5239,0.9694,0.5239
3901223,2016-04-17,Ligue 1,2015/2016,34.0000,Olympique de Marseille,AS Monaco,A,,,1.0000,2.0000,0.0000,0.0000,0.0000,,,,,,,,0.0000,,,0.0000,0.0000,0.0000,0.0000,1.4934,0.0000,1.4934
3901224,2016-04-22,Ligue 1,2015/2016,35.0000,OGC Nice,Stade de Reims,H,,,2.0000,0.0000,3.0000,65.2668,53.2967,6.9300,18.2739,8.6580,0.1788,12.5000,5.0420,13.5000,0.2771,35.4545,52.0731,14.0000,1.0000,10.0000,1.8733,1.3160,1.0898,1.3160
3901224,2016-04-22,Ligue 1,2015/2016,35.0000,Stade de Reims,OGC Nice,A,,,0.0000,2.0000,0.0000,34.7332,46.7033,4.2143,20.1163,15.2542,0.4192,0.0000,5.5556,18.9062,0.2869,48.1308,52.4027,15.0000,0.0000,11.0000,1.3160,1.8733,1.3160,1.0898
3901225,2016-04-23,Ligue 1,2015/2016,35.0000,Toulouse,Lyon,H,,,2.0000,3.0000,0.0000,35.1536,31.0881,2.7416,24.0207,24.1803,0.5819,0.0000,14.4330,12.7419,0.4509,34.2412,47.6308,16.0000,2.0000,9.0000,1.7847,1.7392,1.7847,1.7392
3901225,2016-04-23,Ligue 1,2015/2016,35.0000,Lyon,Toulouse,A,,,3.0000,2.0000,3.0000,64.8464,68.9119,5.1919,20.1783,12.8405,0.3554,0.0000,7.3620,11.4000,0.2330,47.2222,55.8585,20.0000,0.0000,12.0000,1.7392,1.7847,1.7392,1.7847
3901226,2016-04-24,Ligue 1,2015/2016,35.0000,Montpellier,Troyes,H,Frédéric Hantz,Mohamed Bradja,4.0000,1.0000,3.0000,38.8438,35.6522,3.4737,21.3899,15.1515,0.4481,7.1429,3.6036,17.3478,0.2570,30.3226,47.9787,11.0000,4.0000,14.0000,1.3180,2.0446,1.3180,2.0446
3901226,2016-04-24,Ligue 1,2015/2016,35.0000,Troyes,Montpellier,A,Mohamed Bradja,Frédéric Hantz,1.0000,4.0000,0.0000,61.1562,64.3478,5.9892,20.7959,14.0036,0.3381,57.1429,7.9787,17.7333,0.3655,47.8571,44.4978,11.0000,0.0000,17.0000,2.0446,1.3180,2.0446,1.3180
3901227,2016-04-24,Ligue 1,2015/2016,35.0000,Olympique de Marseille,Nantes,H,Franck Passi,Michel Der Zakarian,1.0000,1.0000,1.0000,54.3408,43.5484,3.8684,20.8454,13.1519,0.3799,30.0000,1.8519,8.2941,0.3357,44.0559,49.3052,7.0000,0.0000,7.0000,0.9099,0.3057,0.9099,0.3057
3901227,2016-04-24,Ligue 1,2015/2016,35.0000,Nantes,Olympique de Marseille,A,Michel Der Zakarian,Franck Passi,1.0000,1.0000,1.0000,45.6592,56.4516,3.6154,20.4700,14.0957,0.4487,0.0000,9.7744,8.1250,0.3748,47.8947,52.7828,12.0000,1.0000,7.0000,0.3057,0.9099,0.3057,0.9099
3901228,2016-04-24,Ligue 1,2015/2016,35.0000,Saint-Étienne,Lorient,H,,,2.0000,0.0000,3.0000,48.4623,51.0309,4.8557,20.4739,14.4374,0.3005,50.0000,9.9291,10.5641,0.3219,47.7528,54.2114,14.0000,0.0000,12.0000,1.1982,0.4062,1.1982,0.4062
3901228,2016-04-24,Ligue 1,2015/2016,35.0000,Lorient,Saint-Étienne,A,,,0.0000,2.0000,0.0000,51.5377,48.9691,5.0300,19.5869,11.1332,0.2288,0.0000,9.0909,23.5000,0.3308,33.7209,47.0155,12.0000,0.0000,10.0000,0.4062,1.1982,0.4062,1.1982
3901229,2016-04-24,Ligue 1,2015/2016,35.0000,Guingamp,Stade Malherbe Caen,H,,,1.0000,1.0000,1.0000,57.5230,60.6218,4.7383,21.5147,15.5819,0.3743,75.0000,8.2278,9.7097,0.3831,46.5409,53.0147,17.0000,1.0000,11.0000,0.7515,0.7564,0.7515,0.7564
3901229,2016-04-24,Ligue 1,2015/2016,35.0000,Stade Malherbe Caen,Guingamp,A,,,1.0000,1.0000,1.0000,0.0000,0.0000,,,,,,,,0.0000,,,0.0000,0.0000,0.0000,0.0000,1.5079,0.0000,1.5079
3901230,2016-04-24,Ligue 1,2015/2016,35.0000,Gazélec Ajaccio,Bastia,H,,,3.0000,2.0000,3.0000,48.4163,54.8387,3.5534,23.8367,20.7650,0.4671,36.3636,6.6176,13.0741,0.4211,40.6250,45.8925,7.0000,0.0000,8.0000,1.3592,1.2372,0.5757,1.2372
3901230,2016-04-24,Ligue 1,2015/2016,35.0000,Bastia,Gazélec Ajaccio,A,,,2.0000,3.0000,0.0000,51.5837,45.1613,3.6698,22.7289,18.5090,0.4284,20.0000,8.1633,12.0800,0.3505,40.6667,62.0570,19.0000,0.0000,17.0000,1.2372,1.3592,1.2372,0.5757
3901231,2016-04-24,Ligue 1,2015/2016,35.0000,Rennes,AS Monaco,H,Rolland Courbis,Leonardo Jardim,1.0000,1.0000,1.0000,60.0000,65.2720,4.5826,20.6427,12.5237,0.3770,0.0000,7.5269,10.9615,0.4340,53.8012,50.3690,12.0000,0.0000,11.0000,0.9319,1.6977,0.9319,1.6977
3901231,2016-04-24,Ligue 1,2015/2016,35.0000,AS Monaco,Rennes,A,Leonardo Jardim,Rolland Courbis,1.0000,1.0000,1.0000,40.0000,34.7280,3.6809,22.7128,16.4740,0.4624,20.0000,14.1414,12.6774,0.3536,42.1053,47.4096,5.0000,1.0000,9.0000,1.6977,0.9319,1.6977,0.9319
3901232,2016-04-27,Ligue 1,2015/2016,35.0000,Lille,Angers,H,Frédéric Antonetti,Stéphane Moulin,0.0000,0.0000,1.0000,67.7151,83.1050,6.4095,17.3760,7.2808,0.2408,50.0000,4.8544,7.1500,0.3983,61.8705,58.2459,14.0000,0.0000,12.0000,1.0989,0.3049,1.0989,0.3049
3901232,2016-04-27,Ligue 1,2015/2016,35.0000,Angers,Lille,A,Stéphane Moulin,Frédéric Antonetti,0.0000,0.0000,1.0000,32.2849,16.8950,3.5114,20.0683,12.9450,0.4856,0.0000,4.7619,22.0952,0.3620,23.7736,38.9418,5.0000,0.0000,8.0000,0.3049,1.0989,0.3049,1.0989
3901233,2016-04-29,Ligue 1,2015/2016,36.0000,Paris Saint-Germain,Rennes,H,Laurent Blanc,Rolland Courbis,4.0000,0.0000,3.0000,65.7609,68.8976,9.0000,17.6069,7.6543,0.2288,66.6667,7.7626,12.5000,0.2222,47.9592,58.4644,14.0000,0.0000,27.0000,4.7551,0.2233,4.7551,0.2233
3901233,2016-04-29,Ligue 1,2015/2016,36.0000,Rennes,Paris Saint-Germain,A,Rolland Courbis,Laurent Blanc,0.0000,4.0000,0.0000,34.2391,31.1024,4.9136,18.6869,12.0603,0.3170,7.6923,4.9505,41.5714,0.1913,29.6296,41.1480,8.0000,0.0000,9.0000,0.2233,4.7551,0.2233,4.7551
3901234,2016-04-30,Ligue 1,2015/2016,36.0000,Stade de Reims,Montpellier,H,David Guion,Frédéric Hantz,2.0000,3.0000,0.0000,48.8499,36.3636,3.8416,21.8404,15.2062,0.4382,16.6667,10.3093,15.3684,0.3298,34.4156,47.5958,13.0000,3.0000,16.0000,2.0236,0.7221,2.0236,0.7221
3901234,2016-04-30,Ligue 1,2015/2016,36.0000,Montpellier,Stade de Reims,A,Frédéric Hantz,David Guion,3.0000,2.0000,3.0000,51.1501,63.6364,3.9412,20.8356,13.6816,0.4048,0.0000,10.0671,15.8182,0.2601,46.5517,49.5851,12.0000,0.0000,11.0000,0.7221,2.0236,0.7221,2.0236
3901235,2016-04-30,Ligue 1,2015/2016,36.0000,Lyon,Gazélec Ajaccio,H,Bruno Génésio,Thierry Laurey,2.0000,1.0000,3.0000,70.3390,68.0203,6.9899,19.0933,6.9364,0.2406,66.6667,4.5977,7.1875,0.5048,52.8302,55.0660,14.0000,0.0000,6.0000,0.2913,0.3605,0.2913,0.3605
3901235,2016-04-30,Ligue 1,2015/2016,36.0000,Gazélec Ajaccio,Lyon,A,Thierry Laurey,Bruno Génésio,1.0000,2.0000,0.0000,29.6610,31.9797,3.2169,23.6194,20.5993,0.4689,0.0000,5.9524,17.1935,0.3092,36.3636,45.5571,7.0000,1.0000,6.0000,0.3605,0.2913,0.3605,0.2913
3901236,2016-04-30,Ligue 1,2015/2016,36.0000,Nantes,OGC Nice,H,Michel Der Zakarian,Claude Puel,1.0000,0.0000,3.0000,43.5849,68.8679,4.2708,20.2421,15.3659,0.3522,0.0000,8.6093,15.9032,0.3194,54.4503,57.1168,25.0000,0.0000,18.0000,1.6331,0.6387,1.6331,0.6387
3901236,2016-04-30,Ligue 1,2015/2016,36.0000,OGC Nice,Nantes,A,Claude Puel,Michel Der Zakarian,0.0000,1.0000,0.0000,56.4151,31.1321,5.7812,19.5522,11.8919,0.2662,0.0000,9.7826,15.9412,0.3615,32.3353,41.8237,6.0000,0.0000,6.0000,0.6387,1.6331,0.6387,1.6331
3901237,2016-04-30,Ligue 1,2015/2016,36.0000,Saint-Étienne,Toulouse,H,Christophe Galtier,Pascal Dupraz,0.0000,0.0000,1.0000,53.6946,48.4444,3.5140,22.6760,18.0851,0.4823,25.0000,12.1212,9.1200,0.3138,38.1356,49.8845,11.0000,0.0000,9.0000,0.4305,2.1119,0.4305,1.3284
3901237,2016-04-30,Ligue 1,2015/2016,36.0000,Toulouse,Saint-Étienne,A,Pascal Dupraz,Christophe Galtier,0.0000,0.0000,1.0000,46.3054,51.5556,3.0600,22.5603,18.6275,0.4713,8.3333,12.8788,12.5000,0.2500,34.8624,45.5755,10.0000,1.0000,9.0000,2.1119,0.4305,1.3284,0.4305
3901238,2016-04-30,Ligue 1,2015/2016,36.0000,AS Monaco,Guingamp,H,Leonardo Jardim,Jocelyn Gourvennec,3.0000,2.0000,3.0000,54.6980,65.6051,4.0769,21.3977,13.6792,0.3303,0.0000,7.9710,10.1818,0.4173,59.1716,54.8351,9.0000,0.0000,16.0000,1.0835,0.8250,1.0835,0.8250
3901238,2016-04-30,Ligue 1,2015/2016,36.0000,Guingamp,AS Monaco,A,Jocelyn Gourvennec,Leonardo Jardim,2.0000,3.0000,0.0000,45.3020,34.3949,3.4412,22.0638,15.9544,0.3908,20.0000,8.6957,12.9231,0.3845,36.1702,43.3490,5.0000,0.0000,9.0000,0.8250,1.0835,0.8250,1.0835
3901240,2016-04-30,Ligue 1,2015/2016,36.0000,Lorient,Lille,H,,Frédéric Antonetti,0.0000,1.0000,0.0000,53.2913,57.5000,5.2941,20.4511,12.7778,0.3236,44.4444,9.4937,17.1739,0.3166,46.3415,49.6420,10.0000,0.0000,13.0000,0.6156,0.8216,0.6156,0.8216
3901240,2016-04-30,Ligue 1,2015/2016,36.0000,Lille,Lorient,A,Frédéric Antonetti,,1.0000,0.0000,3.0000,46.7087,42.5000,4.4712,19.6076,9.4624,0.3473,8.3333,10.8108,13.8065,0.2437,46.5278,44.1771,7.0000,3.0000,14.0000,0.8216,0.6156,0.8216,0.6156
3901241,2016-04-30,Ligue 1,2015/2016,36.0000,Stade Malherbe Caen,Bastia,H,Patrice Garande,François Ciccolini,0.0000,0.0000,1.0000,52.5281,70.8995,4.4211,20.2443,11.7063,0.3293,0.0000,13.3758,13.2500,0.2347,44.5378,55.0728,13.0000,2.0000,14.0000,1.2185,0.5828,1.2185,0.5828
3901241,2016-04-30,Ligue 1,2015/2016,36.0000,Bastia,Stade Malherbe Caen,A,François Ciccolini,Patrice Garande,0.0000,0.0000,1.0000,47.4719,29.1005,4.0727,21.0047,12.9464,0.3294,16.6667,14.8148,19.0500,0.3672,45.1456,47.0869,10.0000,1.0000,7.0000,0.5828,1.2185,0.5828,1.2185
3901242,2016-05-01,Ligue 1,2015/2016,36.0000,Angers,Olympique de Marseille,H,Stéphane Moulin,Franck Passi,0.0000,1.0000,0.0000,52.6316,46.0674,4.2788,21.3187,13.9326,0.3732,0.0000,8.0357,13.5000,0.3844,41.0405,50.2661,8.0000,1.0000,13.0000,0.6115,1.1250,0.6115,1.1250
3901242,2016-05-01,Ligue 1,2015/2016,36.0000,Olympique de Marseille,Angers,A,Franck Passi,Stéphane Moulin,1.0000,0.0000,3.0000,0.0000,0.0000,,,,,,,,0.0000,,,0.0000,0.0000,0.0000,0.0000,1.7366,0.0000,1.7366
3901243,2016-05-07,Ligue 1,2015/2016,37.0000,Bastia,Angers,H,François Ciccolini,Stéphane Moulin,1.0000,0.0000,3.0000,55.3084,47.2906,4.3153,20.8005,14.4050,0.3104,12.5000,8.2569,8.8182,0.3824,39.0533,47.8930,8.0000,0.0000,9.0000,0.8815,1.4132,0.8815,0.6297
3901243,2016-05-07,Ligue 1,2015/2016,37.0000,Angers,Bastia,A,Stéphane Moulin,François Ciccolini,0.0000,1.0000,0.0000,44.6916,52.7094,3.6635,19.5233,13.3858,0.4396,20.0000,8.0882,9.0889,0.4406,46.8880,47.6122,9.0000,0.0000,10.0000,1.4132,0.8815,0.6297,0.8815
3901244,2016-05-07,Ligue 1,2015/2016,37.0000,Toulouse,Troyes,H,Pascal Dupraz,Mohamed Bradja,1.0000,0.0000,3.0000,50.9692,65.0273,2.9141,19.2690,11.2601,0.4136,0.0000,11.2782,10.8065,0.4651,56.0000,55.6628,15.0000,0.0000,14.0000,1.2777,0.1270,1.2777,0.1270
3901244,2016-05-07,Ligue 1,2015/2016,37.0000,Troyes,Toulouse,A,Mohamed Bradja,Pascal Dupraz,0.0000,1.0000,0.0000,49.0308,34.9727,3.4340,21.4850,14.2857,0.4302,18.7500,8.0808,9.3438,0.5414,38.0165,43.3315,6.0000,0.0000,4.0000,0.1270,1.2777,0.1270,1.2777
3901245,2016-05-07,Ligue 1,2015/2016,37.0000,Bordeaux,Lorient,H,Ulrich Ramé,Sylvain Ripoll,3.0000,0.0000,3.0000,54.4583,46.8750,5.8202,19.2743,11.0039,0.2543,11.1111,8.1633,9.3889,0.3053,40.0000,49.2597,11.0000,0.0000,11.0000,1.0069,0.8882,1.0069,0.8882
3901245,2016-05-07,Ligue 1,2015/2016,37.0000,Lorient,Bordeaux,A,Sylvain Ripoll,Ulrich Ramé,0.0000,3.0000,0.0000,45.5417,53.1250,4.4421,20.7196,13.2701,0.3147,50.0000,8.2645,19.6364,0.3116,46.8927,50.8869,14.0000,0.0000,10.0000,0.8882,1.0069,0.8882,1.0069
3901246,2016-05-07,Ligue 1,2015/2016,37.0000,Nantes,Stade Malherbe Caen,H,Michel Der Zakarian,Patrice Garande,1.0000,2.0000,0.0000,67.9426,74.4108,5.8818,20.4713,11.2828,0.2909,40.0000,8.1633,8.6923,0.3791,37.7953,53.9585,16.0000,1.0000,16.0000,0.8413,1.2219,0.8413,0.4384
3901246,2016-05-07,Ligue 1,2015/2016,37.0000,Stade Malherbe Caen,Nantes,A,Patrice Garande,Michel Der Zakarian,2.0000,1.0000,3.0000,0.0000,0.0000,,,,,,,,0.0000,,,0.0000,0.0000,0.0000,0.0000,2.0632,0.0000,1.2797
3901247,2016-05-07,Ligue 1,2015/2016,37.0000,Gazélec Ajaccio,Paris Saint-Germain,H,Thierry Laurey,Laurent Blanc,0.0000,4.0000,0.0000,27.3927,34.6154,3.3023,22.8542,17.2535,0.4234,40.0000,5.8824,27.6400,0.2375,36.8421,47.2136,6.0000,0.0000,7.0000,0.3503,1.7456,0.3503,1.7456
3901247,2016-05-07,Ligue 1,2015/2016,37.0000,Paris Saint-Germain,Gazélec Ajaccio,A,Laurent Blanc,Thierry Laurey,4.0000,0.0000,3.0000,72.6073,65.3846,10.1951,20.1077,10.4067,0.1618,88.8889,6.7568,11.6190,0.3614,45.8333,54.1824,7.0000,0.0000,9.0000,1.7456,0.3503,1.7456,0.3503
3901248,2016-05-07,Ligue 1,2015/2016,37.0000,Lille,Guingamp,H,Frédéric Antonetti,Jocelyn Gourvennec,0.0000,0.0000,1.0000,64.7000,73.9535,5.3945,19.3397,9.5238,0.3370,75.0000,10.8108,10.2963,0.3116,60.0000,57.7874,12.0000,1.0000,29.0000,1.4446,0.1014,1.4446,0.1014
3901248,2016-05-07,Ligue 1,2015/2016,37.0000,Guingamp,Lille,A,Jocelyn Gourvennec,Frédéric Antonetti,0.0000,0.0000,1.0000,35.3000,26.0465,3.2151,22.1886,16.0535,0.4740,20.0000,8.4337,18.7273,0.2056,26.3158,42.8327,6.0000,0.0000,2.0000,0.1014,1.4446,0.1014,1.4446
3901249,2016-05-07,Ligue 1,2015/2016,37.0000,Montpellier,Rennes,H,Frédéric Hantz,Rolland Courbis,2.0000,0.0000,3.0000,53.7845,64.2553,5.9362,20.4852,13.2616,0.3263,80.0000,13.0435,22.3529,0.3218,46.1078,49.4811,13.0000,0.0000,17.0000,1.4653,0.5771,1.4653,0.5771
3901249,2016-05-07,Ligue 1,2015/2016,37.0000,Rennes,Montpellier,A,Rolland Courbis,Frédéric Hantz,0.0000,2.0000,0.0000,46.2155,35.7447,5.2444,21.4907,15.8898,0.2920,0.0000,5.8333,23.7647,0.2202,45.1128,44.6576,9.0000,0.0000,10.0000,0.5771,1.4653,0.5771,1.4653
3901250,2016-05-07,Ligue 1,2015/2016,37.0000,OGC Nice,Saint-Étienne,H,Claude Puel,Christophe Galtier,2.0000,0.0000,3.0000,63.6853,78.5340,5.5102,18.1765,8.5185,0.2200,0.0000,10.2564,9.2667,0.4214,58.4507,55.6412,15.0000,2.0000,12.0000,1.3532,0.2031,1.3532,0.2031
3901250,2016-05-07,Ligue 1,2015/2016,37.0000,Saint-Étienne,OGC Nice,A,Christophe Galtier,Claude Puel,0.0000,2.0000,0.0000,36.3147,21.4660,3.5696,19.6493,12.0567,0.3264,0.0000,10.2041,17.7727,0.3739,25.7919,40.0245,4.0000,0.0000,2.0000,0.2031,1.3532,0.2031,1.3532
3901251,2016-05-07,Ligue 1,2015/2016,37.0000,Olympique de Marseille,Stade de Reims,H,Franck Passi,David Guion,1.0000,0.0000,3.0000,57.2176,57.2289,4.7184,20.6458,12.1399,0.3581,28.5714,10.3448,10.4828,0.3325,43.3824,51.8750,12.0000,2.0000,21.0000,2.2845,1.1875,2.2845,1.1875
3901251,2016-05-07,Ligue 1,2015/2016,37.0000,Stade de Reims,Olympique de Marseille,A,David Guion,Franck Passi,0.0000,1.0000,0.0000,42.7824,42.7711,3.4752,20.3564,14.5299,0.3828,18.1818,8.6022,11.3056,0.2962,58.0247,51.7304,9.0000,1.0000,14.0000,1.1875,2.2845,1.1875,2.2845
3901252,2016-05-07,Ligue 1,2015/2016,37.0000,Lyon,AS Monaco,H,Bruno Génésio,Leonardo Jardim,6.0000,1.0000,3.0000,65.7704,74.4792,6.1368,19.0764,9.2624,0.2452,85.7143,6.5359,7.4706,0.4079,46.6667,52.3925,12.0000,1.0000,23.0000,4.0973,0.7711,4.0973,0.7711
3901252,2016-05-07,Ligue 1,2015/2016,37.0000,AS Monaco,Lyon,A,Leonardo Jardim,Bruno Génésio,1.0000,6.0000,0.0000,34.2296,25.5208,3.1628,19.4097,9.9265,0.3539,0.0000,4.7619,17.0769,0.2484,48.1013,50.4000,9.0000,0.0000,11.0000,0.7711,4.0973,0.7711,4.0973
3901253,2016-05-11,Ligue 1,2015/2016,35.0000,Bordeaux,Paris Saint-Germain,H,Ulrich Ramé,Laurent Blanc,1.0000,1.0000,1.0000,32.0926,31.4433,4.8889,20.2349,14.4886,0.4060,0.0000,6.6667,25.1200,0.2400,38.5787,49.2920,11.0000,0.0000,8.0000,1.0122,1.8955,1.0122,1.8955
3901253,2016-05-11,Ligue 1,2015/2016,35.0000,Paris Saint-Germain,Bordeaux,A,Laurent Blanc,Ulrich Ramé,1.0000,1.0000,1.0000,67.9074,68.5567,8.5165,18.6838,8.3871,0.2516,83.3333,4.8193,11.1481,0.3505,45.5882,51.4486,10.0000,0.0000,11.0000,1.8955,1.0122,1.8955,1.0122
3901254,2016-05-14,Ligue 1,2015/2016,38.0000,Stade de Reims,Lyon,H,David Guion,Bruno Génésio,4.0000,1.0000,3.0000,32.9114,24.0876,3.4051,20.7676,16.7286,0.4232,16.6667,7.0175,13.5429,0.2814,36.8715,46.3463,9.0000,3.0000,14.0000,2.3913,1.7025,1.6078,1.7025
3901254,2016-05-14,Ligue 1,2015/2016,38.0000,Lyon,Stade de Reims,A,Bruno Génésio,David Guion,1.0000,4.0000,0.0000,67.0886,75.9124,5.7500,18.3569,8.3478,0.2953,57.1429,2.8777,8.5000,0.4840,52.9801,52.4140,10.0000,0.0000,9.0000,1.7025,2.3913,1.7025,1.6078
3901255,2016-05-14,Ligue 1,2015/2016,38.0000,Angers,Toulouse,H,Stéphane Moulin,Pascal Dupraz,2.0000,3.0000,0.0000,51.3123,43.0464,2.9717,22.8508,19.3651,0.5108,0.0000,5.1020,9.2963,0.3531,40.4580,46.8589,5.0000,0.0000,6.0000,0.2160,1.9120,0.2160,1.1285
3901255,2016-05-14,Ligue 1,2015/2016,38.0000,Toulouse,Angers,A,Pascal Dupraz,Stéphane Moulin,3.0000,2.0000,3.0000,48.6877,56.9536,2.7273,22.1027,18.3333,0.5448,40.0000,10.8108,9.7931,0.3402,44.3609,52.9865,8.0000,1.0000,15.0000,1.9120,0.2160,1.1285,0.2160
3901256,2016-05-14,Ligue 1,2015/2016,38.0000,AS Monaco,Montpellier,H,Leonardo Jardim,Frédéric Hantz,2.0000,0.0000,3.0000,38.8732,37.8238,3.5146,20.2543,14.0884,0.4125,0.0000,11.5789,15.0000,0.3149,40.9756,51.2930,9.0000,5.0000,15.0000,3.9129,1.3733,3.1294,1.3733
3901256,2016-05-14,Ligue 1,2015/2016,38.0000,Montpellier,AS Monaco,A,Frédéric Hantz,Leonardo Jardim,0.0000,2.0000,0.0000,61.1268,62.1762,4.9744,18.8564,10.1375,0.3367,25.0000,5.9211,9.3333,0.4420,51.9126,50.8347,9.0000,1.0000,10.0000,1.3733,3.9129,1.3733,3.1294
3901257,2016-05-14,Ligue 1,2015/2016,38.0000,Saint-Étienne,Lille,H,Christophe Galtier,Frédéric Antonetti,0.0000,1.0000,0.0000,55.9140,61.1940,4.0893,21.0760,14.4105,0.4105,44.4444,8.9744,8.1081,0.4293,47.1591,58.3282,20.0000,0.0000,12.0000,0.9247,1.3080,0.9247,0.5245
3901257,2016-05-14,Ligue 1,2015/2016,38.0000,Lille,Saint-Étienne,A,Frédéric Antonetti,Christophe Galtier,1.0000,0.0000,3.0000,44.0860,38.8060,3.8526,20.6223,13.6612,0.3971,0.0000,7.6923,15.5217,0.3558,32.4324,42.9870,7.0000,1.0000,12.0000,1.3080,0.9247,0.5245,0.9247
3901258,2016-05-14,Ligue 1,2015/2016,38.0000,Guingamp,OGC Nice,H,Jocelyn Gourvennec,Claude Puel,2.0000,3.0000,0.0000,34.8123,52.2581,3.4286,20.4068,11.3889,0.4113,66.6667,11.5385,19.3030,0.2421,45.4054,47.9420,10.0000,2.0000,14.0000,1.5210,0.8965,1.5210,0.8965
3901258,2016-05-14,Ligue 1,2015/2016,38.0000,OGC Nice,Guingamp,A,Claude Puel,Jocelyn Gourvennec,3.0000,2.0000,3.0000,65.1877,47.7419,7.8696,17.7937,7.3204,0.2069,16.6667,10.3093,9.0882,0.4289,50.2857,51.3159,8.0000,1.0000,10.0000,0.8965,1.5210,0.8965,1.5210
3901259,2016-05-14,Ligue 1,2015/2016,38.0000,Troyes,Olympique de Marseille,H,Mohamed Bradja,Franck Passi,1.0000,1.0000,1.0000,42.3671,34.1727,4.6598,18.6043,10.1770,0.4000,37.5000,10.1695,31.6429,0.2470,23.4940,34.3833,6.0000,1.0000,9.0000,0.9773,2.5128,0.9773,1.7293
3901259,2016-05-14,Ligue 1,2015/2016,38.0000,Olympique de Marseille,Troyes,A,Franck Passi,Mohamed Bradja,1.0000,1.0000,1.0000,57.6329,65.8273,5.8224,19.0568,9.1493,0.3164,50.0000,11.6071,10.3611,0.3866,62.8272,60.7857,23.0000,2.0000,18.0000,2.5128,0.9773,1.7293,0.9773
3901260,2016-05-14,Ligue 1,2015/2016,38.0000,Lorient,Gazélec Ajaccio,H,Sylvain Ripoll,Thierry Laurey,1.0000,0.0000,3.0000,53.1132,36.3636,5.1300,20.7692,14.0351,0.3856,9.0909,5.5556,15.7500,0.2897,34.0278,41.8481,4.0000,1.0000,8.0000,0.8927,1.9617,0.8927,1.9617
3901260,2016-05-14,Ligue 1,2015/2016,38.0000,Gazélec Ajaccio,Lorient,A,Thierry Laurey,Sylvain Ripoll,0.0000,1.0000,0.0000,46.8868,63.6364,4.3235,24.0318,21.9955,0.4520,50.0000,8.3333,11.6500,0.3535,57.2864,55.3045,21.0000,0.0000,19.0000,1.9617,0.8927,1.9617,0.8927
3901261,2016-05-14,Ligue 1,2015/2016,38.0000,Paris Saint-Germain,Nantes,H,Laurent Blanc,Michel Der Zakarian,4.0000,0.0000,3.0000,60.8963,42.6295,7.1196,17.4535,6.4122,0.2895,90.0000,11.0294,13.8421,0.3303,31.9728,48.6471,8.0000,4.0000,19.0000,3.6387,0.7472,3.6387,0.7472
3901261,2016-05-14,Ligue 1,2015/2016,38.0000,Nantes,Paris Saint-Germain,A,Michel Der Zakarian,Laurent Blanc,0.0000,4.0000,0.0000,39.1037,57.3705,4.5977,19.6885,13.2500,0.3193,18.1818,11.6883,29.6667,0.2193,46.7105,45.0239,8.0000,0.0000,15.0000,0.7472,3.6387,0.7472,3.6387
3901262,2016-05-14,Ligue 1,2015/2016,38.0000,Stade Malherbe Caen,Bordeaux,H,Patrice Garande,Ulrich Ramé,1.0000,0.0000,3.0000,38.4393,35.8744,3.9022,21.7869,16.1560,0.4201,0.0000,5.6604,15.5714,0.3286,30.0000,45.1344,8.0000,1.0000,10.0000,1.2697,1.1483,0.4862,1.1483
3901262,2016-05-14,Ligue 1,2015/2016,38.0000,Bordeaux,Stade Malherbe Caen,A,Ulrich Ramé,Patrice Garande,0.0000,1.0000,0.0000,61.5607,64.1256,5.4434,19.7744,11.7851,0.2908,25.0000,4.9724,7.1220,0.4361,47.7011,58.6504,15.0000,0.0000,11.0000,1.1483,1.2697,1.1483,0.4862
3901263,2016-05-14,Ligue 1,2015/2016,38.0000,Rennes,Bastia,H,Rolland Courbis,François Ciccolini,1.0000,2.0000,0.0000,57.8462,76.5957,5.1000,19.6916,12.1569,0.3433,33.3333,9.6591,13.3462,0.2360,57.7320,55.5830,14.0000,0.0000,17.0000,1.6280,1.0372,1.6280,1.0372
3901263,2016-05-14,Ligue 1,2015/2016,38.0000,Bastia,Rennes,A,François Ciccolini,Rolland Courbis,2.0000,1.0000,3.0000,42.1538,23.4043,4.5556,23.2905,18.4282,0.3551,8.3333,11.9403,19.1053,0.3067,27.7457,39.5202,7.0000,1.0000,9.0000,1.0372,1.6280,1.0372,1.6280
3754078,2015-08-08,Premier League,2015/2016,1.0000,Chelsea,Swansea City,H,José Mourinho,Garry Monk,2.0000,2.0000,1.0000,51.5021,61.4407,4.3232,19.6932,10.0467,0.3603,0.0000,5.5215,11.6429,0.3053,37.6812,48.8800,14.0000,1.0000,10.0000,0.4860,2.4718,0.4860,1.6883
3754078,2015-08-08,Premier League,2015/2016,1.0000,Swansea City,Chelsea,A,Garry Monk,José Mourinho,2.0000,2.0000,1.0000,48.4979,38.5593,4.2234,21.2234,14.6096,0.3684,42.8571,10.5263,11.4400,0.2875,33.3333,45.5760,9.0000,0.0000,16.0000,2.4718,0.4860,1.6883,0.4860
3754097,2015-08-08,Premier League,2015/2016,1.0000,Manchester United,Tottenham Hotspur,H,Louis van Gaal,Mauricio Pochettino,1.0000,0.0000,3.0000,50.1845,60.2151,5.0000,21.9357,15.6000,0.2480,50.0000,7.3529,15.3571,0.3833,48.3092,49.4056,7.0000,2.0000,9.0000,0.5251,0.5846,0.5251,0.5846
3754097,2015-08-08,Premier League,2015/2016,1.0000,Tottenham Hotspur,Manchester United,A,Mauricio Pochettino,Louis van Gaal,0.0000,1.0000,0.0000,49.8155,39.7849,5.1250,22.4912,13.6179,0.2956,57.1429,6.7308,15.4800,0.3051,46.9880,49.3202,8.0000,1.0000,9.0000,0.5846,0.5251,0.5846,0.5251
3754128,2015-08-08,Premier League,2015/2016,1.0000,AFC Bournemouth,Aston Villa,H,Eddie Howe,Tim Sherwood,0.0000,1.0000,0.0000,58.1328,68.7500,5.8511,20.4711,12.5455,0.2761,66.6667,8.9552,10.2258,0.3908,52.3529,56.4042,15.0000,1.0000,12.0000,1.2492,0.6519,1.2492,0.6519
3754128,2015-08-08,Premier League,2015/2016,1.0000,Aston Villa,AFC Bournemouth,A,Tim Sherwood,Eddie Howe,1.0000,0.0000,3.0000,41.8672,31.2500,4.7073,20.5851,13.4715,0.2937,0.0000,10.5263,13.9259,0.3940,32.3529,44.1018,7.0000,0.0000,7.0000,0.6519,1.2492,0.6519,1.2492
3754138,2015-08-08,Premier League,2015/2016,1.0000,Norwich City,Crystal Palace,H,Alex Neil,Alan Pardew,1.0000,3.0000,0.0000,63.0841,55.9322,5.4831,20.9265,13.5246,0.2872,25.0000,9.5541,7.8750,0.4715,35.5705,48.2116,10.0000,0.0000,17.0000,1.4056,1.7983,1.4056,1.7983
3754138,2015-08-08,Premier League,2015/2016,1.0000,Crystal Palace,Norwich City,A,Alan Pardew,Alex Neil,3.0000,1.0000,3.0000,36.9159,44.0678,3.2346,22.8146,19.8473,0.4139,0.0000,9.6774,12.7778,0.2370,37.5000,51.3682,11.0000,0.0000,11.0000,1.7983,1.4056,1.7983,1.4056
3754237,2015-08-08,Premier League,2015/2016,1.0000,Leicester City,Sunderland,H,Claudio Ranieri,Dick Advocaat,4.0000,2.0000,3.0000,44.2329,52.5316,3.4898,23.1836,19.8830,0.4289,0.0000,9.6491,12.8333,0.2771,50.0000,52.0728,10.0000,1.0000,19.0000,2.2611,1.3677,1.4776,1.3677
3754237,2015-08-08,Premier League,2015/2016,1.0000,Sunderland,Leicester City,A,Dick Advocaat,Claudio Ranieri,2.0000,4.0000,0.0000,55.7671,47.4684,4.9222,22.1627,14.8984,0.3790,20.0000,7.9646,11.2800,0.2785,34.5455,43.6077,7.0000,0.0000,9.0000,1.3677,2.2611,1.3677,1.4776
3754300,2015-08-08,Premier League,2015/2016,1.0000,Everton,Watford,H,Roberto Martínez,Quique Sánchez Flores,2.0000,2.0000,1.0000,64.7236,69.5833,4.9237,21.8428,17.0396,0.3650,0.0000,11.1111,12.7368,0.3476,45.0820,49.9745,13.0000,0.0000,11.0000,0.7807,0.6199,0.7807,0.6199
3754300,2015-08-08,Premier League,2015/2016,1.0000,Watford,Everton,A,Quique Sánchez Flores,Roberto Martínez,2.0000,2.0000,1.0000,35.2764,30.4167,3.6824,21.5271,17.5719,0.5480,0.0000,7.6923,17.0000,0.2888,30.6452,41.5306,7.0000,3.0000,11.0000,0.6199,0.7807,0.6199,0.7807
3753985,2015-08-09,Premier League,2015/2016,1.0000,Stoke City,Liverpool,H,Mark Hughes,Brendan Rodgers,0.0000,1.0000,0.0000,47.4950,40.6780,4.4421,22.2393,15.8768,0.3785,0.0000,10.1852,13.7692,0.2099,34.5455,46.9598,13.0000,0.0000,6.0000,0.4151,0.2453,0.4151,0.2453
3753985,2015-08-09,Premier League,2015/2016,1.0000,Liverpool,Stoke City,A,Brendan Rodgers,Mark Hughes,1.0000,0.0000,3.0000,52.5050,59.3220,5.7711,19.9425,9.3946,0.3442,0.0000,4.4776,14.2000,0.3165,48.0000,51.4000,9.0000,0.0000,8.0000,0.2453,0.4151,0.2453,0.4151
3754112,2015-08-09,Premier League,2015/2016,1.0000,Newcastle United,Southampton,H,Steve McClaren,Ronald Koeman,2.0000,2.0000,1.0000,56.9990,61.0879,4.7333,20.2297,11.8712,0.2972,36.3636,11.3095,15.6842,0.2319,35.3535,53.6227,13.0000,0.0000,10.0000,1.6138,1.3297,1.6138,1.3297
3754112,2015-08-09,Premier League,2015/2016,1.0000,Southampton,Newcastle United,A,Ronald Koeman,Steve McClaren,2.0000,2.0000,1.0000,43.0010,38.9121,4.2088,21.6338,16.1880,0.4002,0.0000,5.9259,13.2857,0.2580,34.2466,48.4955,8.0000,1.0000,14.0000,1.3297,1.6138,1.3297,1.6138
3754141,2015-08-09,Premier League,2015/2016,1.0000,Arsenal,West Ham United,H,Arsène Wenger,Slaven Bilić,0.0000,2.0000,0.0000,61.4604,79.4872,5.4231,18.6992,8.5106,0.3008,42.8571,10.2804,14.2381,0.2816,42.9907,57.3500,19.0000,0.0000,23.0000,1.2916,0.4299,1.2916,0.4299
3754141,2015-08-09,Premier League,2015/2016,1.0000,West Ham United,Arsenal,A,Slaven Bilić,Arsène Wenger,2.0000,0.0000,3.0000,38.5396,20.5128,3.3367,21.6101,16.8196,0.3607,27.2727,6.7568,14.5417,0.2261,29.1971,44.7461,5.0000,0.0000,8.0000,0.4299,1.2916,0.4299,1.2916
3754145,2015-08-10,Premier League,2015/2016,1.0000,West Bromwich Albion,Manchester City,H,Tony Pulis,Manuel Pellegrini,0.0000,3.0000,0.0000,32.5444,28.8462,4.3750,22.7036,14.5714,0.3524,0.0000,11.0092,27.7059,0.2218,21.4689,42.4725,6.0000,0.0000,9.0000,0.6684,1.7600,0.6684,1.7600
3754145,2015-08-10,Premier League,2015/2016,1.0000,Manchester City,West Bromwich Albion,A,Manuel Pellegrini,Tony Pulis,3.0000,0.0000,3.0000,67.4556,71.1538,9.2439,18.1137,8.4433,0.1626,20.0000,5.2419,13.7368,0.3013,49.1379,56.7740,15.0000,2.0000,20.0000,1.7600,0.6684,1.7600,0.6684
3754107,2015-08-14,Premier League,2015/2016,2.0000,Aston Villa,Manchester United,H,Tim Sherwood,Louis van Gaal,0.0000,1.0000,0.0000,45.6320,37.3832,4.6042,21.7127,14.7059,0.3080,71.4286,8.2569,17.4783,0.2342,43.7956,45.8465,7.0000,0.0000,5.0000,0.3245,0.5409,0.3245,0.5409
3754107,2015-08-14,Premier League,2015/2016,2.0000,Manchester United,Aston Villa,A,Louis van Gaal,Tim Sherwood,1.0000,0.0000,3.0000,54.3680,62.6168,5.7340,20.7376,12.0594,0.2402,75.0000,3.3333,14.5769,0.3075,45.0331,48.1809,7.0000,1.0000,8.0000,0.5409,0.3245,0.5409,0.3245
3753993,2015-08-15,Premier League,2015/2016,2.0000,Sunderland,Norwich City,H,Dick Advocaat,Alex Neil,1.0000,3.0000,0.0000,43.1120,20.6751,4.7349,22.4514,18.8295,0.4309,0.0000,3.3333,19.7647,0.4530,31.1538,39.8617,10.0000,0.0000,7.0000,0.3874,1.2297,0.3874,1.2297
3753993,2015-08-15,Premier League,2015/2016,2.0000,Norwich City,Sunderland,A,Alex Neil,Dick Advocaat,3.0000,1.0000,3.0000,56.8880,79.3249,4.9057,18.6162,10.5769,0.3604,0.0000,4.5455,16.5238,0.3126,55.8824,58.9140,17.0000,0.0000,18.0000,1.2297,0.3874,1.2297,0.3874
3754034,2015-08-15,Premier League,2015/2016,2.0000,Southampton,Everton,H,Ronald Koeman,Roberto Martínez,0.0000,3.0000,0.0000,54.4148,58.3942,5.2065,20.8068,12.7349,0.3716,66.6667,10.8108,15.5000,0.2748,43.4426,48.8894,14.0000,0.0000,17.0000,1.0568,0.9121,1.0568,0.9121
3754034,2015-08-15,Premier League,2015/2016,2.0000,Everton,Southampton,A,Roberto Martínez,Ronald Koeman,3.0000,0.0000,3.0000,45.5852,41.6058,4.3043,19.7101,12.3737,0.3759,30.7692,6.7164,12.6000,0.2245,21.0084,44.5500,8.0000,1.0000,11.0000,0.9121,1.0568,0.9121,1.0568
3754203,2015-08-15,Premier League,2015/2016,2.0000,West Ham United,Leicester City,H,Slaven Bilić,Claudio Ranieri,1.0000,2.0000,0.0000,70.0541,73.6842,5.6667,21.4634,15.5709,0.3076,63.6364,10.3825,10.0000,0.3646,41.5842,48.3737,10.0000,0.0000,9.0000,0.8064,1.2151,0.8064,1.2151
3754203,2015-08-15,Premier League,2015/2016,2.0000,Leicester City,West Ham United,A,Claudio Ranieri,Slaven Bilić,2.0000,1.0000,3.0000,29.9459,26.3158,3.0526,24.5249,21.5517,0.5094,0.0000,9.0909,17.2000,0.2361,38.5621,43.6020,6.0000,0.0000,10.0000,1.2151,0.8064,1.2151,0.8064
3754267,2015-08-15,Premier League,2015/2016,2.0000,Watford,West Bromwich Albion,H,Quique Sánchez Flores,Tony Pulis,0.0000,0.0000,1.0000,64.1935,74.1525,5.6082,21.1239,16.1765,0.2605,0.0000,11.1650,9.0000,0.5195,43.9306,57.4125,12.0000,2.0000,16.0000,0.9005,0.9314,0.9005,0.9314
3754267,2015-08-15,Premier League,2015/2016,2.0000,West Bromwich Albion,Watford,A,Tony Pulis,Quique Sánchez Flores,0.0000,0.0000,1.0000,35.8065,25.8475,3.2614,21.0841,17.0732,0.4513,0.0000,11.2360,13.8077,0.2362,38.2979,49.1979,5.0000,1.0000,6.0000,0.9314,0.9005,0.9314,0.9005
3754270,2015-08-15,Premier League,2015/2016,2.0000,Tottenham Hotspur,Stoke City,H,Mauricio Pochettino,Mark Hughes,2.0000,2.0000,1.0000,54.0097,37.4384,4.8431,21.3266,12.7530,0.3030,20.0000,6.6667,10.4333,0.3382,38.5093,50.0485,10.0000,1.0000,13.0000,1.4161,2.5967,1.4161,1.8132
3754270,2015-08-15,Premier League,2015/2016,2.0000,Stoke City,Tottenham Hotspur,A,Mark Hughes,Mauricio Pochettino,2.0000,2.0000,1.0000,45.9903,62.5616,4.4688,21.8735,14.4522,0.3005,0.0000,6.8966,15.5714,0.2719,42.1053,49.1304,7.0000,0.0000,15.0000,2.5967,1.4161,1.8132,1.4161
3754344,2015-08-15,Premier League,2015/2016,2.0000,Swansea City,Newcastle United,H,Garry Monk,Steve McClaren,2.0000,0.0000,3.0000,65.8812,74.0331,6.9574,19.6385,7.9511,0.1881,60.0000,6.6667,9.0938,0.4448,57.7640,59.6433,16.0000,0.0000,19.0000,1.8072,0.1287,1.8072,0.1287
3754344,2015-08-15,Premier League,2015/2016,2.0000,Newcastle United,Swansea City,A,Steve McClaren,Garry Monk,0.0000,2.0000,0.0000,34.1188,25.9669,3.3656,21.1700,13.4185,0.3534,22.2222,8.6207,39.7500,0.2475,22.5434,35.3308,3.0000,0.0000,4.0000,0.1287,1.8072,0.1287,1.8072
3754066,2015-08-16,Premier League,2015/2016,2.0000,Manchester City,Chelsea,H,Manuel Pellegrini,José Mourinho,3.0000,0.0000,3.0000,49.8392,49.5495,4.8372,19.0285,9.1346,0.2972,0.0000,7.6023,9.6296,0.3162,33.7838,53.4738,18.0000,2.0000,18.0000,1.7773,0.8011,1.7773,0.8011
3754066,2015-08-16,Premier League,2015/2016,2.0000,Chelsea,Manchester City,A,José Mourinho,Manuel Pellegrini,0.0000,3.0000,0.0000,50.1608,50.4505,5.2785,19.1371,10.5516,0.2813,28.5714,4.4944,11.0000,0.3290,29.4118,52.1471,13.0000,0.0000,11.0000,0.8011,1.7773,0.8011,1.7773
3754312,2015-08-16,Premier League,2015/2016,2.0000,Crystal Palace,Arsenal,H,Alan Pardew,Arsène Wenger,1.0000,2.0000,0.0000,41.1483,36.7742,4.3000,21.7052,15.5039,0.4108,0.0000,12.4088,13.2500,0.2114,33.0769,48.8650,16.0000,0.0000,11.0000,1.2745,1.7779,1.2745,1.7779
3754312,2015-08-16,Premier League,2015/2016,2.0000,Arsenal,Crystal Palace,A,Arsène Wenger,Alan Pardew,2.0000,1.0000,3.0000,58.8517,63.2258,5.8144,19.3266,9.7518,0.2979,0.0000,5.9091,7.4359,0.3605,40.0000,54.7096,20.0000,3.0000,20.0000,1.7779,1.2745,1.7779,1.2745
3754020,2015-08-17,Premier League,2015/2016,2.0000,Liverpool,AFC Bournemouth,H,Brendan Rodgers,Eddie Howe,1.0000,0.0000,3.0000,54.9311,51.3158,4.6139,20.5343,11.3734,0.2504,11.1111,5.6738,9.7586,0.2612,45.9459,58.4160,16.0000,1.0000,19.0000,1.8335,0.7892,1.8335,0.7892
3754020,2015-08-17,Premier League,2015/2016,2.0000,AFC Bournemouth,Liverpool,A,Eddie Howe,Brendan Rodgers,0.0000,1.0000,0.0000,45.0689,48.6842,3.2752,19.5556,12.8852,0.3900,13.3333,8.7302,10.0000,0.4015,43.7500,52.9441,14.0000,0.0000,13.0000,0.7892,1.8335,0.7892,1.8335
3753987,2015-08-22,Premier League,2015/2016,3.0000,Leicester City,Tottenham Hotspur,H,Claudio Ranieri,Mauricio Pochettino,1.0000,1.0000,1.0000,35.5606,43.6735,2.9222,24.8780,23.1939,0.3881,0.0000,10.0840,22.4118,0.2531,29.1667,49.2979,15.0000,1.0000,13.0000,0.6272,1.9718,0.6272,1.9718
3753987,2015-08-22,Premier League,2015/2016,3.0000,Tottenham Hotspur,Leicester City,A,Mauricio Pochettino,Claudio Ranieri,1.0000,1.0000,1.0000,64.4394,56.3265,6.2771,22.0465,12.8599,0.2634,20.0000,3.1646,11.1250,0.2580,25.9259,47.1200,10.0000,2.0000,19.0000,1.9718,0.6272,1.9718,0.6272
3754104,2015-08-22,Premier League,2015/2016,3.0000,Norwich City,Stoke City,H,Alex Neil,Mark Hughes,1.0000,1.0000,1.0000,44.6785,61.6071,3.9213,20.2618,13.4670,0.3538,37.5000,9.2199,12.7586,0.3006,36.0000,53.1034,10.0000,0.0000,22.0000,2.3331,0.6194,2.3331,0.6194
3754104,2015-08-22,Premier League,2015/2016,3.0000,Stoke City,Norwich City,A,Mark Hughes,Alex Neil,1.0000,1.0000,1.0000,55.3215,38.3929,5.3735,21.5114,12.3318,0.2434,16.6667,4.7170,12.8333,0.2754,33.3333,43.2781,10.0000,0.0000,6.0000,0.6194,2.3331,0.6194,2.3331
3754131,2015-08-22,Premier League,2015/2016,3.0000,West Ham United,AFC Bournemouth,H,Slaven Bilić,Eddie Howe,3.0000,4.0000,0.0000,45.0597,40.9326,3.7895,23.4124,18.6111,0.4963,0.0000,5.6452,20.7059,0.2372,39.1667,43.1959,7.0000,0.0000,10.0000,1.6957,2.7379,0.9122,1.9544
3754131,2015-08-22,Premier League,2015/2016,3.0000,AFC Bournemouth,West Ham United,A,Eddie Howe,Slaven Bilić,4.0000,3.0000,3.0000,54.9403,59.0674,4.7158,22.3309,16.0714,0.3960,14.2857,7.3333,14.0476,0.2434,38.6139,47.8424,11.0000,1.0000,16.0000,2.7379,1.6957,1.9544,0.9122
3754180,2015-08-22,Premier League,2015/2016,3.0000,Sunderland,Swansea City,H,Dick Advocaat,Garry Monk,1.0000,1.0000,1.0000,39.3839,33.7423,3.5385,23.0452,18.0124,0.4555,28.5714,8.8889,13.3448,0.3358,38.9189,48.6062,8.0000,0.0000,11.0000,0.8344,1.6330,0.8344,1.6330
3754180,2015-08-22,Premier League,2015/2016,3.0000,Swansea City,Sunderland,A,Garry Monk,Dick Advocaat,1.0000,1.0000,1.0000,60.6161,66.2577,4.9307,21.2996,12.4498,0.2954,0.0000,9.9237,13.5500,0.3855,47.8261,49.9609,8.0000,0.0000,21.0000,1.6330,0.8344,1.6330,0.8344
3754190,2015-08-22,Premier League,2015/2016,3.0000,Crystal Palace,Aston Villa,H,Alan Pardew,Tim Sherwood,2.0000,1.0000,3.0000,48.7304,56.0000,3.4135,20.9003,13.8028,0.4198,9.0909,14.7287,9.4545,0.3255,42.7536,53.2620,15.0000,2.0000,17.0000,0.9895,0.8992,0.9895,0.8992
3754190,2015-08-22,Premier League,2015/2016,3.0000,Aston Villa,Crystal Palace,A,Tim Sherwood,Alan Pardew,1.0000,2.0000,0.0000,51.2696,44.0000,3.5340,22.1409,18.6813,0.3454,21.4286,12.8713,12.0455,0.3052,37.3984,45.1641,6.0000,1.0000,12.0000,0.8992,0.9895,0.8992,0.9895
3754254,2015-08-22,Premier League,2015/2016,3.0000,Manchester United,Newcastle United,H,Louis van Gaal,Steve McClaren,0.0000,0.0000,1.0000,68.5742,79.6117,7.0860,19.9165,8.6495,0.2234,25.0000,8.6643,6.2895,0.2963,46.8750,61.9606,16.0000,0.0000,20.0000,1.5064,0.3728,1.5064,0.3728
3754254,2015-08-22,Premier League,2015/2016,3.0000,Newcastle United,Manchester United,A,Steve McClaren,Louis van Gaal,0.0000,0.0000,1.0000,31.4258,20.3883,2.8000,22.6725,19.2857,0.4001,20.0000,10.5263,18.5500,0.2277,27.9503,40.3575,9.0000,1.0000,6.0000,0.3728,1.5064,0.3728,1.5064
3754059,2015-08-23,Premier League,2015/2016,3.0000,West Bromwich Albion,Chelsea,H,Tony Pulis,José Mourinho,2.0000,3.0000,0.0000,44.0043,44.3089,3.8602,23.7440,18.3844,0.4000,33.3333,9.6296,22.1333,0.3002,31.2102,47.9430,9.0000,0.0000,16.0000,1.7675,2.4750,0.9840,2.4750
3754059,2015-08-23,Premier League,2015/2016,3.0000,Chelsea,West Bromwich Albion,A,José Mourinho,Tony Pulis,3.0000,2.0000,3.0000,55.9957,55.6911,5.5517,20.9475,12.6294,0.2941,0.0000,0.6289,14.6111,0.2482,40.1961,47.2713,7.0000,2.0000,15.0000,2.4750,1.7675,2.4750,0.9840
3754189,2015-08-23,Premier League,2015/2016,3.0000,Watford,Southampton,H,Quique Sánchez Flores,Ronald Koeman,0.0000,0.0000,1.0000,52.2373,62.3894,4.0556,21.6406,17.1233,0.4144,0.0000,11.1765,12.0370,0.2527,44.8276,56.1709,16.0000,0.0000,12.0000,0.8574,0.8235,0.8574,0.8235
3754189,2015-08-23,Premier League,2015/2016,3.0000,Southampton,Watford,A,Ronald Koeman,Quique Sánchez Flores,0.0000,0.0000,1.0000,47.7627,37.6106,4.5000,21.9410,16.9082,0.4214,0.0000,12.2137,12.6250,0.2709,41.9118,43.8426,8.0000,0.0000,15.0000,0.8235,0.8574,0.8235,0.8574
3754233,2015-08-23,Premier League,2015/2016,3.0000,Everton,Manchester City,H,Roberto Martínez,Manuel Pellegrini,0.0000,2.0000,0.0000,45.8167,35.0877,4.1919,21.3641,13.7349,0.3502,55.5556,7.2000,23.3846,0.2849,41.9355,39.6614,6.0000,0.0000,10.0000,0.5893,1.1725,0.5893,1.1725
3754233,2015-08-23,Premier League,2015/2016,3.0000,Manchester City,Everton,A,Manuel Pellegrini,Roberto Martínez,2.0000,0.0000,3.0000,54.1833,64.9123,5.1134,19.1795,9.6774,0.2957,0.0000,6.8293,16.1500,0.2522,45.6897,53.4586,13.0000,1.0000,16.0000,1.1725,0.5893,1.1725,0.5893
3754129,2015-08-24,Premier League,2015/2016,3.0000,Arsenal,Liverpool,H,Arsène Wenger,Brendan Rodgers,0.0000,0.0000,1.0000,65.0450,72.4852,6.7600,17.9322,8.8757,0.3036,0.0000,4.5455,9.4815,0.3686,43.3566,54.5445,23.0000,0.0000,21.0000,2.1089,1.4532,2.1089,1.4532
3754129,2015-08-24,Premier League,2015/2016,3.0000,Liverpool,Arsenal,A,Brendan Rodgers,Arsène Wenger,0.0000,0.0000,1.0000,34.9550,27.5148,3.8090,19.0742,9.7345,0.4009,0.0000,9.0909,13.3000,0.3144,33.9207,49.6591,18.0000,1.0000,18.0000,1.4532,2.1089,1.4532,2.1089
3753984,2015-08-29,Premier League,2015/2016,4.0000,Liverpool,West Ham United,H,Brendan Rodgers,Slaven Bilić,0.0000,3.0000,0.0000,63.5052,69.6203,5.7653,20.2418,9.9115,0.3256,50.0000,5.6075,7.6765,0.4237,59.3333,56.6408,12.0000,1.0000,14.0000,1.0575,0.7312,1.0575,0.7312
3753984,2015-08-29,Premier League,2015/2016,4.0000,West Ham United,Liverpool,A,Slaven Bilić,Brendan Rodgers,3.0000,0.0000,3.0000,36.4948,30.3797,3.0505,20.9125,14.9007,0.3866,0.0000,4.5977,21.8235,0.1656,26.4706,46.5728,14.0000,2.0000,12.0000,0.7312,1.0575,0.7312,1.0575
3754007,2015-08-29,Premier League,2015/2016,4.0000,Stoke City,West Bromwich Albion,H,Mark Hughes,Tony Pulis,0.0000,1.0000,0.0000,48.0080,31.7797,5.2410,21.3583,11.7241,0.2814,57.1429,8.0808,17.2941,0.2126,27.9279,48.4718,8.0000,0.0000,13.0000,0.6554,0.9524,0.6554,0.9524
3754007,2015-08-29,Premier League,2015/2016,4.0000,West Bromwich Albion,Stoke City,A,Tony Pulis,Mark Hughes,1.0000,0.0000,3.0000,51.9920,68.2203,4.5769,21.6075,13.0252,0.2594,33.3333,7.7778,14.3200,0.2676,41.0853,52.6610,10.0000,0.0000,16.0000,0.9524,0.6554,0.9524,0.6554
3754023,2015-08-29,Premier League,2015/2016,4.0000,AFC Bournemouth,Leicester City,H,Eddie Howe,Claudio Ranieri,1.0000,1.0000,1.0000,56.0922,54.0426,4.1495,20.6356,15.5405,0.3488,33.3333,7.8571,19.7692,0.2975,45.3782,44.6380,10.0000,0.0000,4.0000,0.3004,0.8287,0.3004,0.0452
3754023,2015-08-29,Premier League,2015/2016,4.0000,Leicester City,AFC Bournemouth,A,Claudio Ranieri,Eddie Howe,1.0000,1.0000,1.0000,43.9078,45.9574,4.0824,21.9695,17.5793,0.4178,0.0000,10.6061,9.7222,0.3836,45.9184,49.8089,10.0000,0.0000,3.0000,0.8287,0.3004,0.0452,0.3004
3754083,2015-08-29,Premier League,2015/2016,4.0000,Chelsea,Crystal Palace,H,José Mourinho,Alan Pardew,1.0000,2.0000,0.0000,61.7409,66.4234,6.0215,19.7061,10.5357,0.2905,12.5000,5.9361,13.0000,0.4153,42.0382,58.6165,18.0000,1.0000,27.0000,2.2024,2.1446,2.2024,2.1446
3754083,2015-08-29,Premier League,2015/2016,4.0000,Crystal Palace,Chelsea,A,Alan Pardew,José Mourinho,2.0000,1.0000,3.0000,38.2591,33.5766,3.5714,23.1118,19.0769,0.4467,0.0000,9.0090,14.6800,0.2016,21.9512,42.6028,7.0000,0.0000,13.0000,2.1446,2.2024,2.1446,2.2024
3754204,2015-08-29,Premier League,2015/2016,4.0000,Aston Villa,Sunderland,H,Tim Sherwood,Dick Advocaat,2.0000,2.0000,1.0000,63.0480,76.9231,5.6701,19.7922,10.1818,0.3189,20.0000,11.9565,15.5000,0.2740,51.5464,54.0592,18.0000,2.0000,22.0000,3.2987,0.6577,2.5152,0.6577
3754204,2015-08-29,Premier League,2015/2016,4.0000,Sunderland,Aston Villa,A,Dick Advocaat,Tim Sherwood,2.0000,2.0000,1.0000,36.9520,23.0769,4.2603,22.3297,17.3633,0.4029,16.6667,8.1081,12.2812,0.2351,24.6479,48.0336,11.0000,1.0000,7.0000,0.6577,3.2987,0.6577,2.5152
3754205,2015-08-29,Premier League,2015/2016,4.0000,Newcastle United,Arsenal,H,Steve McClaren,Arsène Wenger,0.0000,1.0000,0.0000,27.5465,16.0000,2.6634,20.6255,14.1264,0.3680,12.5000,14.9254,15.9615,0.1773,26.2069,44.5048,7.0000,0.0000,1.0000,0.0429,1.8904,0.0429,1.8904
3754205,2015-08-29,Premier League,2015/2016,4.0000,Arsenal,Newcastle United,A,Arsène Wenger,Steve McClaren,1.0000,0.0000,3.0000,72.4535,84.0000,8.3846,18.7449,5.7667,0.1950,80.0000,3.4700,7.5161,0.3859,50.0000,58.0663,15.0000,0.0000,22.0000,1.8904,0.0429,1.8904,0.0429
3754246,2015-08-29,Premier League,2015/2016,4.0000,Manchester City,Watford,H,Manuel Pellegrini,Quique Sánchez Flores,2.0000,0.0000,3.0000,58.4459,72.7003,8.0244,17.3086,6.6869,0.2222,0.0000,5.8594,13.9615,0.2276,58.9286,60.0221,20.0000,1.0000,18.0000,1.2350,0.4043,1.2350,0.4043
3754246,2015-08-29,Premier League,2015/2016,4.0000,Watford,Manchester City,A,Quique Sánchez Flores,Manuel Pellegrini,0.0000,2.0000,0.0000,41.5541,27.2997,6.6765,17.7503,9.6916,0.2716,15.3846,9.0090,18.5714,0.2413,19.7605,39.8824,7.0000,0.0000,7.0000,0.4043,1.2350,0.4043,1.2350
3754268,2015-08-29,Premier League,2015/2016,4.0000,Tottenham Hotspur,Everton,H,Mauricio Pochettino,Roberto Martínez,0.0000,0.0000,1.0000,50.5641,58.3333,4.8602,21.1429,14.3805,0.3260,87.5000,10.1796,11.0345,0.3091,40.2685,52.6856,12.0000,2.0000,18.0000,2.1179,0.3283,2.1179,0.3283
3754268,2015-08-29,Premier League,2015/2016,4.0000,Everton,Tottenham Hotspur,A,Roberto Martínez,Mauricio Pochettino,0.0000,0.0000,1.0000,49.4359,41.6667,4.5426,21.4430,14.9883,0.3174,35.7143,1.6393,15.7000,0.1176,43.1034,44.9663,6.0000,0.0000,7.0000,0.3283,2.1179,0.3283,2.1179
3754221,2015-08-30,Premier League,2015/2016,4.0000,Swansea City,Manchester United,H,Garry Monk,Louis van Gaal,2.0000,1.0000,3.0000,35.9855,21.9626,4.3012,23.7495,20.1681,0.4005,28.5714,4.7619,22.9524,0.2274,39.7516,49.4476,6.0000,1.0000,9.0000,0.9349,0.9028,0.9349,0.9028
3754221,2015-08-30,Premier League,2015/2016,4.0000,Manchester United,Swansea City,A,Louis van Gaal,Garry Monk,1.0000,2.0000,0.0000,64.0145,78.0374,7.3261,21.3102,12.6113,0.2566,60.0000,9.3596,14.3636,0.2739,39.4495,52.3622,10.0000,0.0000,11.0000,0.9028,0.9349,0.9028,0.9349
3754337,2015-08-30,Premier League,2015/2016,4.0000,Southampton,Norwich City,H,Ronald Koeman,Alex Neil,3.0000,0.0000,3.0000,59.9596,70.2041,5.5816,21.8906,13.7112,0.3184,71.4286,14.3564,19.3333,0.2955,44.4444,47.9937,14.0000,3.0000,23.0000,2.5857,0.7797,2.5857,0.7797
3754337,2015-08-30,Premier League,2015/2016,4.0000,Norwich City,Southampton,A,Alex Neil,Ronald Koeman,0.0000,3.0000,0.0000,40.0404,29.7959,3.8977,23.5146,18.9504,0.3937,18.7500,9.0000,18.8000,0.2243,32.3308,42.6394,6.0000,0.0000,6.0000,0.7797,2.5857,0.7797,2.5857
3754003,2015-09-12,Premier League,2015/2016,5.0000,Manchester United,Liverpool,H,Louis van Gaal,Brendan Rodgers,3.0000,1.0000,3.0000,56.8245,59.5000,5.9894,20.2258,12.2558,0.2289,20.0000,7.3333,19.8889,0.1290,46.6667,53.2446,13.0000,0.0000,9.0000,1.4786,0.6179,0.6951,0.6179
3754003,2015-09-12,Premier League,2015/2016,5.0000,Liverpool,Manchester United,A,Brendan Rodgers,Louis van Gaal,1.0000,3.0000,0.0000,43.1755,40.5000,5.0238,21.3718,14.2180,0.3209,75.0000,7.6190,15.1429,0.2533,33.5484,47.7600,13.0000,0.0000,7.0000,0.6179,1.4786,0.6179,0.6951
3754213,2015-09-12,Premier League,2015/2016,5.0000,Watford,Swansea City,H,Quique Sánchez Flores,Garry Monk,1.0000,0.0000,3.0000,38.4043,41.4847,3.6988,22.3520,17.2638,0.4388,0.0000,7.2581,15.3077,0.2453,36.6197,51.1370,15.0000,1.0000,17.0000,1.1531,0.8221,1.1531,0.8221
3754213,2015-09-12,Premier League,2015/2016,5.0000,Swansea City,Watford,A,Garry Monk,Quique Sánchez Flores,0.0000,1.0000,0.0000,61.5957,58.5153,5.5000,21.7501,14.3939,0.3278,18.1818,10.4294,9.4000,0.2881,41.3462,54.9953,8.0000,0.0000,8.0000,0.8221,1.1531,0.8221,1.1531
3754240,2015-09-12,Premier League,2015/2016,5.0000,Arsenal,Stoke City,H,Arsène Wenger,Mark Hughes,2.0000,0.0000,3.0000,66.6995,80.1688,5.9904,18.1221,7.0626,0.2679,28.5714,7.3394,12.7143,0.2544,52.3256,57.1822,17.0000,1.0000,30.0000,3.7015,0.2829,3.7015,0.2829
3754240,2015-09-12,Premier League,2015/2016,5.0000,Stoke City,Arsenal,A,Mark Hughes,Arsène Wenger,0.0000,2.0000,0.0000,33.3005,19.8312,3.8684,20.3351,13.6054,0.4192,30.7692,7.4627,17.8261,0.2452,22.8916,39.3054,7.0000,0.0000,9.0000,0.2829,3.7015,0.2829,3.7015
3754257,2015-09-12,Premier League,2015/2016,5.0000,Crystal Palace,Manchester City,H,Alan Pardew,Manuel Pellegrini,0.0000,1.0000,0.0000,42.8864,29.9625,3.3796,21.7714,16.1644,0.4151,8.3333,11.6505,12.3077,0.2832,32.2785,51.4385,13.0000,2.0000,10.0000,0.5356,3.5609,0.5356,3.5609
3754257,2015-09-12,Premier League,2015/2016,5.0000,Manchester City,Crystal Palace,A,Manuel Pellegrini,Alan Pardew,1.0000,0.0000,3.0000,57.1136,70.0375,4.3628,19.2819,8.3164,0.2937,16.6667,6.3415,14.5000,0.2745,36.5217,51.0899,12.0000,0.0000,21.0000,3.5609,0.5356,3.5609,0.5356
3754315,2015-09-12,Premier League,2015/2016,5.0000,Norwich City,AFC Bournemouth,H,Alex Neil,Eddie Howe,3.0000,1.0000,3.0000,47.5100,53.1381,5.0581,19.8562,11.9540,0.3234,0.0000,8.7248,12.8519,0.2277,33.3333,52.0485,11.0000,2.0000,12.0000,1.3196,0.7767,1.3196,0.7767
3754315,2015-09-12,Premier League,2015/2016,5.0000,AFC Bournemouth,Norwich City,A,Eddie Howe,Alex Neil,1.0000,3.0000,0.0000,52.4900,46.8619,4.4951,20.8778,12.0950,0.3210,9.0909,6.8702,20.8000,0.2935,40.7143,42.0620,4.0000,1.0000,8.0000,0.7767,1.3196,0.7767,1.3196
3754325,2015-09-12,Premier League,2015/2016,5.0000,West Bromwich Albion,Southampton,H,Tony Pulis,Ronald Koeman,0.0000,0.0000,1.0000,35.4623,34.0426,3.7303,23.5162,18.3735,0.4965,0.0000,7.6271,20.7727,0.2201,42.2819,47.3980,9.0000,0.0000,8.0000,0.5987,1.0923,0.5987,1.0923
3754325,2015-09-12,Premier League,2015/2016,5.0000,Southampton,West Bromwich Albion,A,Ronald Koeman,Tony Pulis,0.0000,0.0000,1.0000,64.5377,65.9574,6.6632,21.3827,13.9021,0.2796,28.5714,8.8670,12.4762,0.3306,48.7805,54.1663,14.0000,2.0000,16.0000,1.0923,0.5987,1.0923,0.5987
3754336,2015-09-12,Premier League,2015/2016,5.0000,Everton,Chelsea,H,Roberto Martínez,José Mourinho,3.0000,1.0000,3.0000,40.2778,32.3944,4.4691,20.7379,12.4309,0.3889,30.0000,9.8214,16.9545,0.2641,31.4465,45.3216,8.0000,1.0000,14.0000,1.2100,0.7958,1.2100,0.7958
3754336,2015-09-12,Premier League,2015/2016,5.0000,Chelsea,Everton,A,José Mourinho,Roberto Martínez,1.0000,3.0000,0.0000,59.7222,67.6056,6.2874,20.1797,11.5174,0.2831,50.0000,7.6190,10.5769,0.3005,38.5246,52.3790,11.0000,0.0000,15.0000,0.7958,1.2100,0.7958,1.2100
3754106,2015-09-13,Premier League,2015/2016,5.0000,Leicester City,Aston Villa,H,Claudio Ranieri,Tim Sherwood,3.0000,2.0000,3.0000,48.3351,61.8557,3.4425,21.2705,15.6812,0.4397,0.0000,6.8966,12.7931,0.2786,59.7015,55.4775,11.0000,2.0000,21.0000,1.4981,1.2169,1.4981,1.2169
3754106,2015-09-13,Premier League,2015/2016,5.0000,Aston Villa,Leicester City,A,Tim Sherwood,Claudio Ranieri,2.0000,3.0000,0.0000,51.6649,38.1443,4.1881,20.5677,13.0024,0.3739,14.2857,3.8835,15.7778,0.3667,26.6667,38.2477,4.0000,1.0000,11.0000,1.2169,1.4981,1.2169,1.4981
3754148,2015-09-13,Premier League,2015/2016,5.0000,Sunderland,Tottenham Hotspur,H,Dick Advocaat,Mauricio Pochettino,0.0000,1.0000,0.0000,44.1106,46.1187,3.1717,22.1802,18.1529,0.5025,12.5000,9.1667,15.8500,0.2839,28.0303,43.3490,7.0000,3.0000,13.0000,1.0747,1.5982,1.0747,1.5982
3754148,2015-09-13,Premier League,2015/2016,5.0000,Tottenham Hotspur,Sunderland,A,Mauricio Pochettino,Dick Advocaat,1.0000,0.0000,3.0000,55.8894,53.8813,3.6396,21.2485,14.8515,0.3934,11.1111,10.1351,8.9231,0.3733,35.7664,49.3096,12.0000,0.0000,17.0000,1.5982,1.0747,1.5982,1.0747
3754329,2015-09-14,Premier League,2015/2016,5.0000,West Ham United,Newcastle United,H,Slaven Bilić,Steve McClaren,2.0000,0.0000,3.0000,38.8889,46.9565,3.1443,21.8336,14.7541,0.4071,16.6667,7.5000,13.5517,0.2299,37.9845,52.6591,14.0000,4.0000,17.0000,2.0925,0.8120,2.0925,0.8120
3754329,2015-09-14,Premier League,2015/2016,5.0000,Newcastle United,West Ham United,A,Steve McClaren,Slaven Bilić,0.0000,2.0000,0.0000,61.1111,53.0435,5.0000,21.5516,13.8000,0.2941,37.5000,9.8039,10.1364,0.4398,36.3057,47.5574,14.0000,0.0000,14.0000,0.8120,2.0925,0.8120,2.0925
3754010,2015-09-19,Premier League,2015/2016,6.0000,Newcastle United,Watford,H,Steve McClaren,Quique Sánchez Flores,1.0000,2.0000,0.0000,58.3587,62.7820,4.3167,20.3809,13.3205,0.3776,22.2222,10.9453,10.1111,0.3163,29.2308,51.9148,14.0000,0.0000,16.0000,1.3770,1.1592,1.3770,1.1592
3754010,2015-09-19,Premier League,2015/2016,6.0000,Watford,Newcastle United,A,Quique Sánchez Flores,Steve McClaren,2.0000,1.0000,3.0000,41.6413,37.2180,3.5146,21.5125,16.2983,0.4503,0.0000,1.6000,10.6571,0.2500,50.0000,47.9350,10.0000,0.0000,12.0000,1.1592,1.3770,1.1592,1.3770
3754068,2015-09-19,Premier League,2015/2016,6.0000,Aston Villa,West Bromwich Albion,H,Tim Sherwood,Tony Pulis,0.0000,1.0000,0.0000,58.6982,59.2105,4.3627,21.5350,15.9551,0.3321,12.5000,11.1111,14.0625,0.3811,34.5865,47.1848,17.0000,0.0000,12.0000,0.5962,0.9218,0.5962,0.9218
3754068,2015-09-19,Premier League,2015/2016,6.0000,West Bromwich Albion,Aston Villa,A,Tony Pulis,Tim Sherwood,1.0000,0.0000,3.0000,41.3018,40.7895,3.0968,22.4819,21.1806,0.4363,11.1111,7.8947,14.6190,0.0887,40.9091,50.9933,9.0000,1.0000,11.0000,0.9218,0.5962,0.9218,0.5962
3754077,2015-09-19,Premier League,2015/2016,6.0000,Manchester City,West Ham United,H,Manuel Pellegrini,Slaven Bilić,1.0000,2.0000,0.0000,71.4286,88.3582,7.1414,19.1539,8.3451,0.2532,75.0000,8.6687,6.9143,0.4276,63.0769,64.5858,24.0000,0.0000,27.0000,2.5287,0.7940,2.5287,0.7940
3754077,2015-09-19,Premier League,2015/2016,6.0000,West Ham United,Manchester City,A,Slaven Bilić,Manuel Pellegrini,2.0000,1.0000,3.0000,28.5714,11.6418,3.4933,21.5060,17.5573,0.4543,0.0000,6.3492,23.0000,0.1908,20.0000,38.8782,5.0000,0.0000,6.0000,0.7940,2.5287,0.7940,2.5287
3754146,2015-09-19,Premier League,2015/2016,6.0000,Stoke City,Leicester City,H,Mark Hughes,Claudio Ranieri,2.0000,2.0000,1.0000,52.7568,52.5581,4.1226,24.3104,21.0526,0.4087,0.0000,11.8056,12.2727,0.2700,35.5932,46.9919,12.0000,1.0000,10.0000,1.3241,1.6110,1.3241,0.8275
3754146,2015-09-19,Premier League,2015/2016,6.0000,Leicester City,Stoke City,A,Claudio Ranieri,Mark Hughes,2.0000,2.0000,1.0000,47.2432,47.4419,4.1277,21.1153,15.2062,0.4350,9.0909,6.1224,12.5926,0.3197,40.3846,50.4295,14.0000,0.0000,12.0000,1.6110,1.3241,0.8275,1.3241
3754169,2015-09-19,Premier League,2015/2016,6.0000,AFC Bournemouth,Sunderland,H,Eddie Howe,Dick Advocaat,2.0000,0.0000,3.0000,51.8974,62.9630,4.5960,19.6974,10.9890,0.3311,0.0000,6.3380,16.6667,0.3348,45.2229,47.7190,14.0000,0.0000,15.0000,0.5736,0.4245,0.5736,0.4245
3754169,2015-09-19,Premier League,2015/2016,6.0000,Sunderland,AFC Bournemouth,A,Dick Advocaat,Eddie Howe,0.0000,2.0000,0.0000,48.1026,37.0370,3.8165,23.4983,19.7115,0.3390,0.0000,7.6190,11.4138,0.3419,36.9942,46.3697,7.0000,0.0000,9.0000,0.4245,0.5736,0.4245,0.5736
3754217,2015-09-19,Premier League,2015/2016,6.0000,Chelsea,Arsenal,H,José Mourinho,Arsène Wenger,2.0000,0.0000,3.0000,61.7591,73.6111,7.8701,18.9383,8.2508,0.1996,16.6667,4.6218,7.8649,0.3950,45.5696,58.0759,13.0000,0.0000,23.0000,1.6449,0.8375,1.6449,0.8375
3754217,2015-09-19,Premier League,2015/2016,6.0000,Arsenal,Chelsea,A,Arsène Wenger,José Mourinho,0.0000,2.0000,0.0000,38.2409,26.3889,4.0345,19.6284,10.5413,0.3192,18.1818,5.4945,14.3600,0.2508,22.8395,41.8119,6.0000,0.0000,10.0000,0.8375,1.6449,0.8375,1.6449
3754298,2015-09-19,Premier League,2015/2016,6.0000,Swansea City,Everton,H,Garry Monk,Roberto Martínez,0.0000,0.0000,1.0000,47.5410,34.0517,4.7079,21.6360,14.7971,0.3649,0.0000,13.4615,11.2759,0.3438,41.4773,46.3182,7.0000,0.0000,12.0000,0.7494,1.6555,0.7494,1.6555
3754298,2015-09-19,Premier League,2015/2016,6.0000,Everton,Swansea City,A,Roberto Martínez,Garry Monk,0.0000,0.0000,1.0000,52.4590,65.9483,4.8737,19.7530,12.7430,0.3146,33.3333,5.4878,14.0000,0.3125,40.0000,45.6376,9.0000,0.0000,17.0000,1.6555,0.7494,1.6555,0.7494
3754011,2015-09-20,Premier League,2015/2016,6.0000,Southampton,Manchester United,H,Ronald Koeman,Louis van Gaal,2.0000,3.0000,0.0000,41.0867,51.7766,3.9691,21.3079,14.2857,0.3839,20.0000,9.6774,19.0400,0.2104,45.3846,50.8701,8.0000,0.0000,16.0000,1.7737,1.6235,1.7737,1.6235
3754011,2015-09-20,Premier League,2015/2016,6.0000,Manchester United,Southampton,A,Louis van Gaal,Ronald Koeman,3.0000,2.0000,3.0000,58.9133,48.2234,6.4607,21.3834,13.5652,0.2289,0.0000,5.1724,14.9500,0.2227,35.4167,48.7556,8.0000,1.0000,10.0000,1.6235,1.7737,1.6235,1.7737
3754040,2015-09-20,Premier League,2015/2016,6.0000,Liverpool,Norwich City,H,Brendan Rodgers,Alex Neil,1.0000,1.0000,1.0000,57.6923,57.0281,5.7172,20.5701,11.6608,0.3338,28.5714,9.7297,12.1154,0.2506,50.4425,51.9500,16.0000,4.0000,23.0000,2.4682,0.4513,2.4682,0.4513
3754040,2015-09-20,Premier League,2015/2016,6.0000,Norwich City,Liverpool,A,Alex Neil,Brendan Rodgers,1.0000,1.0000,1.0000,42.3077,42.9719,4.3298,21.7839,16.7076,0.4444,10.0000,7.8571,17.4583,0.2228,41.6058,45.8480,9.0000,0.0000,7.0000,0.4513,2.4682,0.4513,2.4682
3754222,2015-09-20,Premier League,2015/2016,6.0000,Tottenham Hotspur,Crystal Palace,H,Mauricio Pochettino,Alan Pardew,1.0000,0.0000,3.0000,55.9456,60.6796,4.4898,21.6243,11.8182,0.3463,40.0000,7.2848,8.6875,0.4293,44.9102,51.0100,14.0000,1.0000,22.0000,0.9541,0.6039,0.9541,0.6039
3754222,2015-09-20,Premier League,2015/2016,6.0000,Crystal Palace,Tottenham Hotspur,A,Alan Pardew,Mauricio Pochettino,0.0000,1.0000,0.0000,44.0544,39.3204,3.4842,22.3498,17.5227,0.4011,9.0909,14.7059,12.3462,0.3543,34.2857,49.0093,10.0000,0.0000,11.0000,0.6039,0.9541,0.6039,0.9541
3753978,2015-09-26,Premier League,2015/2016,7.0000,Southampton,Swansea City,H,Ronald Koeman,Garry Monk,3.0000,1.0000,3.0000,43.4450,48.5849,4.4457,20.8496,14.9144,0.4016,42.8571,14.1732,13.3438,0.2893,38.5965,55.6913,10.0000,2.0000,16.0000,1.4078,1.3213,1.4078,0.5378
3753978,2015-09-26,Premier League,2015/2016,7.0000,Swansea City,Southampton,A,Garry Monk,Ronald Koeman,1.0000,3.0000,0.0000,56.5550,51.4151,5.1845,20.0117,11.6105,0.3117,50.0000,7.3826,18.8235,0.2026,45.6522,51.6169,6.0000,0.0000,11.0000,1.3213,1.4078,0.5378,1.4078
3754001,2015-09-26,Premier League,2015/2016,7.0000,Newcastle United,Chelsea,H,Steve McClaren,José Mourinho,2.0000,2.0000,1.0000,35.4305,28.3465,2.9101,21.2882,15.0579,0.4442,0.0000,3.8462,12.0690,0.3162,30.8108,45.3621,8.0000,0.0000,11.0000,0.8761,1.2854,0.8761,1.2854
3754001,2015-09-26,Premier League,2015/2016,7.0000,Chelsea,Newcastle United,A,José Mourinho,Steve McClaren,2.0000,2.0000,1.0000,64.5695,71.6535,5.1961,20.4020,12.6415,0.3162,0.0000,6.4516,7.2258,0.4268,36.4964,54.3911,19.0000,0.0000,17.0000,1.2854,0.8761,1.2854,0.8761
3754008,2015-09-26,Premier League,2015/2016,7.0000,Manchester United,Sunderland,H,Louis van Gaal,Dick Advocaat,3.0000,0.0000,3.0000,67.1429,79.0576,5.9903,20.9356,12.6418,0.2392,50.0000,7.2917,8.3438,0.3447,60.3604,56.8659,12.0000,0.0000,12.0000,2.3440,0.4860,2.3440,0.4860
3754008,2015-09-26,Premier League,2015/2016,7.0000,Sunderland,Manchester United,A,Dick Advocaat,Louis van Gaal,0.0000,3.0000,0.0000,32.8571,20.9424,3.3735,24.2680,20.7143,0.4157,15.3846,3.2258,18.6250,0.2264,25.5034,38.7148,7.0000,0.0000,8.0000,0.4860,2.3440,0.4860,2.3440
3754174,2015-09-26,Premier League,2015/2016,7.0000,Leicester City,Arsenal,H,Claudio Ranieri,Arsène Wenger,2.0000,5.0000,0.0000,42.8854,51.1278,3.7451,21.3182,14.9215,0.4012,0.0000,10.7784,16.2000,0.2197,40.1575,51.4071,14.0000,1.0000,16.0000,1.5950,3.2846,1.5950,3.2846
3754174,2015-09-26,Premier League,2015/2016,7.0000,Arsenal,Leicester City,A,Arsène Wenger,Claudio Ranieri,5.0000,2.0000,3.0000,57.1146,48.8722,5.2255,20.2253,10.3189,0.3283,10.0000,6.3694,9.2963,0.2972,28.6822,48.4100,11.0000,1.0000,26.0000,3.2846,1.5950,3.2846,1.5950
3754197,2015-09-26,Premier League,2015/2016,7.0000,Tottenham Hotspur,Manchester City,H,Mauricio Pochettino,Manuel Pellegrini,4.0000,1.0000,3.0000,46.8468,33.8403,4.1717,23.3339,16.4649,0.4333,50.0000,6.2992,10.4333,0.3277,33.3333,48.8083,13.0000,0.0000,15.0000,2.0740,1.1729,2.0740,1.1729
3754197,2015-09-26,Premier League,2015/2016,7.0000,Manchester City,Tottenham Hotspur,A,Manuel Pellegrini,Mauricio Pochettino,1.0000,4.0000,0.0000,53.1532,66.1597,4.4571,20.7237,11.7521,0.4260,25.0000,3.4483,16.1429,0.3077,36.1111,52.2190,22.0000,2.0000,23.0000,1.1729,2.0740,1.1729,2.0740
3754212,2015-09-26,Premier League,2015/2016,7.0000,Liverpool,Aston Villa,H,Brendan Rodgers,Tim Sherwood,3.0000,2.0000,3.0000,61.7910,75.4545,4.8718,20.7764,10.7018,0.2487,37.5000,8.9947,9.7742,0.3646,40.0000,56.6314,16.0000,1.0000,20.0000,1.7551,1.1084,1.7551,1.1084
3754212,2015-09-26,Premier League,2015/2016,7.0000,Aston Villa,Liverpool,A,Tim Sherwood,Brendan Rodgers,2.0000,3.0000,0.0000,38.2090,24.5455,3.3495,20.4957,13.0435,0.3822,30.0000,10.0000,32.0833,0.1836,27.1930,37.9483,7.0000,1.0000,10.0000,1.1084,1.7551,1.1084,1.7551
3754323,2015-09-26,Premier League,2015/2016,7.0000,West Ham United,Norwich City,H,Slaven Bilić,Alex Neil,2.0000,2.0000,1.0000,44.0659,46.0733,3.4100,20.3690,14.0762,0.3665,0.0000,9.7087,15.1667,0.3910,43.7186,54.6101,7.0000,2.0000,19.0000,2.2824,1.3017,2.2824,1.3017
3754323,2015-09-26,Premier League,2015/2016,7.0000,Norwich City,West Ham United,A,Alex Neil,Slaven Bilić,2.0000,2.0000,1.0000,55.9341,53.9267,5.7654,20.0535,12.6338,0.2772,50.0000,9.0909,11.4000,0.1746,31.4286,48.0580,9.0000,0.0000,16.0000,1.3017,2.2824,1.3017,2.2824
3754339,2015-09-26,Premier League,2015/2016,7.0000,Stoke City,AFC Bournemouth,H,Mark Hughes,Eddie Howe,2.0000,1.0000,3.0000,44.1026,48.3516,4.2889,24.7217,19.9482,0.3218,0.0000,8.2090,15.0000,0.2807,43.7908,52.5859,6.0000,0.0000,8.0000,1.0842,1.0534,1.0842,1.0534
3754339,2015-09-26,Premier League,2015/2016,7.0000,AFC Bournemouth,Stoke City,A,Eddie Howe,Mark Hughes,1.0000,2.0000,0.0000,55.8974,51.6484,4.8119,19.9936,9.2593,0.3160,0.0000,5.9829,13.5714,0.2465,43.3962,47.5056,7.0000,0.0000,11.0000,1.0534,1.0842,1.0534,1.0842
3754266,2015-09-27,Premier League,2015/2016,7.0000,Watford,Crystal Palace,H,Quique Sánchez Flores,Alan Pardew,0.0000,1.0000,0.0000,54.6125,54.3147,3.6058,22.1093,17.0667,0.3969,0.0000,8.5714,10.6087,0.3252,32.5000,47.7798,14.0000,0.0000,14.0000,1.0908,1.9454,1.0908,1.1619
3754266,2015-09-27,Premier League,2015/2016,7.0000,Crystal Palace,Watford,A,Alan Pardew,Quique Sánchez Flores,1.0000,0.0000,3.0000,45.3875,45.6853,3.3571,23.1013,18.5410,0.4715,0.0000,11.1111,9.8000,0.2905,45.7364,53.9200,10.0000,1.0000,17.0000,1.9454,1.0908,1.1619,1.0908
3754105,2015-09-28,Premier League,2015/2016,7.0000,West Bromwich Albion,Everton,H,Tony Pulis,Roberto Martínez,2.0000,3.0000,0.0000,46.5021,50.2092,4.2688,20.8870,14.3577,0.3548,9.0909,6.4103,15.8696,0.2346,47.5410,55.8123,8.0000,0.0000,10.0000,0.8568,1.8347,0.8568,1.8347
3754105,2015-09-28,Premier League,2015/2016,7.0000,Everton,West Bromwich Albion,A,Roberto Martínez,Tony Pulis,3.0000,2.0000,3.0000,53.4979,49.7908,4.5577,20.9592,13.5021,0.3159,50.0000,7.3333,13.7619,0.3208,43.4483,47.1141,11.0000,0.0000,12.0000,1.8347,0.8568,1.8347,0.8568
3753995,2015-10-03,Premier League,2015/2016,8.0000,Chelsea,Southampton,H,José Mourinho,Ronald Koeman,1.0000,3.0000,0.0000,59.4975,61.6915,5.5979,20.2774,11.4180,0.2907,0.0000,3.1250,11.7200,0.4119,34.9398,50.9566,13.0000,1.0000,11.0000,0.4319,1.6702,0.4319,1.6702
3753995,2015-10-03,Premier League,2015/2016,8.0000,Southampton,Chelsea,A,Ronald Koeman,José Mourinho,3.0000,1.0000,3.0000,40.5025,38.3085,3.4078,22.4383,17.3789,0.4088,12.5000,7.0707,13.2333,0.2872,34.1176,53.2025,16.0000,1.0000,14.0000,1.6702,0.4319,1.6702,0.4319
3754076,2015-10-03,Premier League,2015/2016,8.0000,Sunderland,West Ham United,H,Dick Advocaat,Slaven Bilić,2.0000,2.0000,1.0000,44.3833,28.7234,4.2771,21.5567,15.2113,0.3411,0.0000,4.5977,15.0000,0.2772,30.7143,48.2925,12.0000,1.0000,12.0000,1.0940,2.0262,1.0940,2.0262
3754076,2015-10-03,Premier League,2015/2016,8.0000,West Ham United,Sunderland,A,Slaven Bilić,Dick Advocaat,2.0000,2.0000,1.0000,55.6167,71.2766,4.2476,21.8269,14.5740,0.3377,42.8571,10.4575,16.3684,0.2630,34.9057,51.7419,12.0000,0.0000,19.0000,2.0262,1.0940,2.0262,1.0940
3754079,2015-10-03,Premier League,2015/2016,8.0000,Manchester City,Newcastle United,H,Manuel Pellegrini,Steve McClaren,6.0000,1.0000,3.0000,64.5030,80.7692,6.3511,19.2041,9.2127,0.2423,100.0000,8.2397,7.1389,0.3171,50.4505,65.4288,23.0000,1.0000,23.0000,3.8958,1.2552,3.8958,1.2552
3754079,2015-10-03,Premier League,2015/2016,8.0000,Newcastle United,Manchester City,A,Steve McClaren,Manuel Pellegrini,1.0000,6.0000,0.0000,35.4970,19.2308,3.7284,20.6844,12.5828,0.3092,10.0000,7.5949,17.7059,0.2154,23.3577,40.5121,7.0000,0.0000,6.0000,1.2552,3.8958,1.2552,3.8958
3754099,2015-10-03,Premier League,2015/2016,8.0000,Crystal Palace,West Bromwich Albion,H,Alan Pardew,Tony Pulis,2.0000,0.0000,3.0000,61.4055,74.7619,4.8163,22.7056,16.3136,0.3443,0.0000,9.2391,6.4500,0.2567,51.1628,64.4769,27.0000,0.0000,20.0000,1.8670,0.2041,1.0835,0.2041
3754099,2015-10-03,Premier League,2015/2016,8.0000,West Bromwich Albion,Crystal Palace,A,Tony Pulis,Alan Pardew,0.0000,2.0000,0.0000,38.5945,25.2381,3.3023,24.6655,20.0704,0.4773,0.0000,3.7975,15.1818,0.3077,39.6341,40.1600,2.0000,0.0000,6.0000,0.2041,1.8670,0.2041,1.0835
3754278,2015-10-03,Premier League,2015/2016,8.0000,AFC Bournemouth,Watford,H,Eddie Howe,Quique Sánchez Flores,1.0000,1.0000,1.0000,55.0048,60.4938,4.4696,20.0957,13.4241,0.3700,0.0000,7.3446,24.1429,0.2246,49.0566,47.6381,10.0000,0.0000,11.0000,1.3813,1.1671,0.5978,1.1671
3754278,2015-10-03,Premier League,2015/2016,8.0000,Watford,AFC Bournemouth,A,Quique Sánchez Flores,Eddie Howe,1.0000,1.0000,1.0000,44.9952,39.5062,4.3093,21.2124,17.2249,0.3966,0.0000,3.1250,12.4194,0.3033,43.4286,48.0523,11.0000,0.0000,11.0000,1.1671,1.3813,1.1671,0.5978
3754330,2015-10-03,Premier League,2015/2016,8.0000,Aston Villa,Stoke City,H,Tim Sherwood,Mark Hughes,0.0000,1.0000,0.0000,56.5083,65.2174,4.3246,18.4177,9.3306,0.3654,0.0000,7.4468,10.1613,0.3658,44.8052,52.9073,16.0000,1.0000,13.0000,0.6227,1.4088,0.6227,1.4088
3754330,2015-10-03,Premier League,2015/2016,8.0000,Stoke City,Aston Villa,A,Mark Hughes,Tim Sherwood,1.0000,0.0000,3.0000,43.4917,34.7826,3.5481,22.8649,14.9051,0.3430,14.2857,7.1429,11.4667,0.3528,35.7513,49.5285,9.0000,1.0000,12.0000,1.4088,0.6227,1.4088,0.6227
3754335,2015-10-03,Premier League,2015/2016,8.0000,Norwich City,Leicester City,H,Alex Neil,Claudio Ranieri,1.0000,2.0000,0.0000,66.9256,73.6641,4.9352,20.1073,14.4465,0.3258,18.1818,10.1852,16.9167,0.2953,47.7273,55.4543,19.0000,0.0000,17.0000,1.2886,3.5191,1.2886,2.7356
3754335,2015-10-03,Premier League,2015/2016,8.0000,Leicester City,Norwich City,A,Claudio Ranieri,Alex Neil,2.0000,1.0000,3.0000,33.0744,26.3359,3.2152,23.1033,20.4724,0.5454,0.0000,9.8901,18.2632,0.3201,30.0518,47.5400,9.0000,5.0000,16.0000,3.5191,1.2886,2.7356,1.2886
3754060,2015-10-04,Premier League,2015/2016,8.0000,Everton,Liverpool,H,Roberto Martínez,Brendan Rodgers,1.0000,1.0000,1.0000,52.2337,56.6038,3.9109,21.3046,16.2025,0.4061,25.0000,7.3826,14.3333,0.2926,42.6230,50.2890,15.0000,0.0000,14.0000,0.6901,1.1717,0.6901,1.1717
3754060,2015-10-04,Premier League,2015/2016,8.0000,Liverpool,Everton,A,Brendan Rodgers,Roberto Martínez,1.0000,1.0000,1.0000,47.7663,43.3962,4.0556,23.2348,16.1644,0.4313,60.0000,8.7719,8.5143,0.3618,36.9697,45.9958,5.0000,0.0000,12.0000,1.1717,0.6901,1.1717,0.6901
3754074,2015-10-04,Premier League,2015/2016,8.0000,Swansea City,Tottenham Hotspur,H,Garry Monk,Mauricio Pochettino,2.0000,2.0000,1.0000,45.7645,39.5833,4.0729,22.6150,18.9258,0.3572,0.0000,13.0435,25.8571,0.1562,43.9024,43.7326,8.0000,1.0000,11.0000,0.9219,1.1586,0.9219,1.1586
3754074,2015-10-04,Premier League,2015/2016,8.0000,Tottenham Hotspur,Swansea City,A,Mauricio Pochettino,Garry Monk,2.0000,2.0000,1.0000,54.2355,60.4167,6.1899,20.3794,11.2474,0.2879,50.0000,8.0537,11.4138,0.2935,47.6923,53.5505,14.0000,3.0000,21.0000,1.1586,0.9219,1.1586,0.9219
3754171,2015-10-04,Premier League,2015/2016,8.0000,Arsenal,Manchester United,H,Arsène Wenger,Louis van Gaal,3.0000,0.0000,3.0000,37.7838,21.5385,4.5301,20.5469,11.9681,0.3443,0.0000,1.3514,26.5333,0.2015,20.2899,34.5112,3.0000,0.0000,12.0000,1.5354,1.1550,1.5354,1.1550
3754171,2015-10-04,Premier League,2015/2016,8.0000,Manchester United,Arsenal,A,Louis van Gaal,Arsène Wenger,0.0000,3.0000,0.0000,62.2162,78.4615,6.5773,20.1680,10.1881,0.2319,44.4444,5.9574,7.9024,0.3462,53.4722,61.3505,10.0000,0.0000,8.0000,1.1550,1.5354,1.1550,1.5354
3753999,2015-10-17,Premier League,2015/2016,9.0000,Watford,Arsenal,H,Quique Sánchez Flores,Arsène Wenger,0.0000,3.0000,0.0000,33.4638,31.6176,3.4762,22.4352,21.2329,0.4244,0.0000,10.3448,13.9062,0.2588,48.8636,49.1685,9.0000,0.0000,9.0000,0.5116,2.0115,0.5116,2.0115
3753999,2015-10-17,Premier League,2015/2016,9.0000,Arsenal,Watford,A,Arsène Wenger,Quique Sánchez Flores,3.0000,0.0000,3.0000,66.5362,68.3824,7.6310,19.3199,10.7644,0.2770,16.6667,5.0459,13.5625,0.3129,35.5140,43.7180,10.0000,0.0000,17.0000,2.0115,0.5116,2.0115,0.5116
3754067,2015-10-17,Premier League,2015/2016,9.0000,Crystal Palace,West Ham United,H,Alan Pardew,Slaven Bilić,1.0000,3.0000,0.0000,40.5405,30.0341,3.4725,22.6153,18.0380,0.4034,6.6667,9.7345,13.9048,0.2473,29.4118,47.2723,11.0000,0.0000,7.0000,1.2407,2.4291,0.4572,2.4291
3754067,2015-10-17,Premier League,2015/2016,9.0000,West Ham United,Crystal Palace,A,Slaven Bilić,Alan Pardew,3.0000,1.0000,3.0000,59.4595,69.9659,5.8256,19.4836,8.7824,0.2576,33.3333,8.1731,12.8571,0.2747,40.7767,49.8349,16.0000,0.0000,22.0000,2.4291,1.2407,2.4291,0.4572
3754115,2015-10-17,Premier League,2015/2016,9.0000,Chelsea,Aston Villa,H,José Mourinho,Tim Sherwood,2.0000,0.0000,3.0000,50.3233,54.5455,3.8857,19.0450,9.8039,0.3717,11.1111,4.5455,7.9535,0.5054,44.2060,53.6123,14.0000,1.0000,9.0000,1.1001,0.5658,1.1001,0.5658
3754115,2015-10-17,Premier League,2015/2016,9.0000,Aston Villa,Chelsea,A,Tim Sherwood,José Mourinho,0.0000,2.0000,0.0000,49.6767,45.4545,3.6239,19.9646,13.6709,0.3121,0.0000,7.2165,13.2500,0.3233,33.1126,50.4873,10.0000,0.0000,11.0000,0.5658,1.1001,0.5658,1.1001
3754193,2015-10-17,Premier League,2015/2016,9.0000,Manchester City,AFC Bournemouth,H,Manuel Pellegrini,Eddie Howe,5.0000,1.0000,3.0000,54.6595,54.2969,6.0968,20.6091,11.9929,0.2414,12.5000,6.8966,26.9231,0.1621,36.5854,50.2294,14.0000,4.0000,16.0000,3.6786,0.6078,3.6786,0.6078
3754193,2015-10-17,Premier League,2015/2016,9.0000,AFC Bournemouth,Manchester City,A,Eddie Howe,Manuel Pellegrini,1.0000,5.0000,0.0000,45.3405,45.7031,4.1389,18.9074,9.1723,0.3066,0.0000,12.3077,15.6538,0.2852,48.8506,52.1558,12.0000,1.0000,8.0000,0.6078,3.6786,0.6078,3.6786
3754198,2015-10-17,Premier League,2015/2016,9.0000,Tottenham Hotspur,Liverpool,H,Mauricio Pochettino,Jürgen Klopp,0.0000,0.0000,1.0000,47.6744,42.1296,3.2049,21.1577,13.8107,0.3866,75.0000,10.3448,9.0556,0.2404,49.5798,51.7343,16.0000,2.0000,13.0000,0.9668,0.5352,0.9668,0.5352
3754198,2015-10-17,Premier League,2015/2016,9.0000,Liverpool,Tottenham Hotspur,A,Jürgen Klopp,Mauricio Pochettino,0.0000,0.0000,1.0000,52.3256,57.8704,3.8214,18.5031,11.2150,0.3708,0.0000,4.2254,9.2000,0.4723,45.0704,49.0346,8.0000,0.0000,12.0000,0.5352,0.9668,0.5352,0.9668
3754245,2015-10-17,Premier League,2015/2016,9.0000,West Bromwich Albion,Sunderland,H,Tony Pulis,Sam Allardyce,1.0000,0.0000,3.0000,55.2424,64.5740,5.0805,22.3489,15.6109,0.3424,0.0000,8.2474,12.8182,0.1990,50.6329,58.1784,15.0000,0.0000,9.0000,1.4765,0.6704,1.4765,0.6704
3754245,2015-10-17,Premier League,2015/2016,9.0000,Sunderland,West Bromwich Albion,A,Sam Allardyce,Tony Pulis,0.0000,1.0000,0.0000,44.7576,35.4260,4.2963,23.4375,20.4023,0.3789,33.3333,8.5714,10.7857,0.3163,34.1935,47.4610,8.0000,0.0000,10.0000,0.6704,1.4765,0.6704,1.4765
3754256,2015-10-17,Premier League,2015/2016,9.0000,Everton,Manchester United,H,Roberto Martínez,Louis van Gaal,0.0000,3.0000,0.0000,47.8424,47.0833,5.1910,21.9577,15.5844,0.3521,100.0000,4.5752,15.2000,0.2986,46.3855,52.1594,16.0000,0.0000,15.0000,1.1415,1.3249,1.1415,1.3249
3754256,2015-10-17,Premier League,2015/2016,9.0000,Manchester United,Everton,A,Louis van Gaal,Roberto Martínez,3.0000,0.0000,3.0000,52.1576,52.9167,6.3580,20.0532,12.4272,0.2406,0.0000,8.7838,17.9500,0.2039,25.0000,46.1242,7.0000,2.0000,10.0000,1.3249,1.1415,1.3249,1.1415
3754302,2015-10-17,Premier League,2015/2016,9.0000,Southampton,Leicester City,H,Ronald Koeman,Claudio Ranieri,2.0000,2.0000,1.0000,50.4232,34.7150,3.8333,20.6967,13.0435,0.4017,7.1429,12.9412,11.1429,0.3805,38.4615,44.8607,8.0000,1.0000,13.0000,1.3641,2.1118,1.3641,2.1118
3754302,2015-10-17,Premier League,2015/2016,9.0000,Leicester City,Southampton,A,Claudio Ranieri,Ronald Koeman,2.0000,2.0000,1.0000,49.5768,65.2850,3.4078,21.5267,17.3789,0.4166,0.0000,11.4865,11.6786,0.3237,51.8519,57.6430,25.0000,1.0000,27.0000,2.1118,1.3641,2.1118,1.3641
3754102,2015-10-18,Premier League,2015/2016,9.0000,Newcastle United,Norwich City,H,Steve McClaren,Alex Neil,6.0000,2.0000,3.0000,44.7225,37.7953,4.1910,22.3716,17.9625,0.3747,0.0000,7.8125,18.3125,0.2992,34.2105,48.2188,13.0000,2.0000,11.0000,1.8808,1.3471,1.8808,1.3471
3754102,2015-10-18,Premier League,2015/2016,9.0000,Norwich City,Newcastle United,A,Alex Neil,Steve McClaren,2.0000,6.0000,0.0000,55.2775,62.2047,5.0110,19.9377,11.4035,0.3446,33.3333,8.2418,11.5417,0.2749,37.1681,51.7696,12.0000,0.0000,18.0000,1.3471,1.8808,1.3471,1.8808
3754269,2015-10-19,Premier League,2015/2016,9.0000,Swansea City,Stoke City,H,Garry Monk,Mark Hughes,0.0000,1.0000,0.0000,54.4883,64.7059,5.5400,20.0502,8.6643,0.2688,28.5714,9.0323,16.4583,0.2071,54.2857,52.1198,8.0000,1.0000,14.0000,0.5468,1.3424,0.5468,0.5589
3754269,2015-10-19,Premier League,2015/2016,9.0000,Stoke City,Swansea City,A,Mark Hughes,Garry Monk,1.0000,0.0000,3.0000,45.5117,35.2941,5.2000,22.1178,14.9573,0.2939,41.6667,6.8966,17.0800,0.2603,27.2152,41.2441,3.0000,0.0000,9.0000,1.3424,0.5468,0.5589,0.5468
3754017,2015-10-24,Premier League,2015/2016,10.0000,Aston Villa,Swansea City,H,Tim Sherwood,Garry Monk,1.0000,2.0000,0.0000,48.9503,58.4699,3.4159,19.1547,11.9171,0.4267,0.0000,10.7143,17.8000,0.3680,41.1765,48.9670,8.0000,1.0000,9.0000,1.0475,1.6486,1.0475,1.6486
3754017,2015-10-24,Premier League,2015/2016,10.0000,Swansea City,Aston Villa,A,Garry Monk,Tim Sherwood,2.0000,1.0000,3.0000,51.0497,41.5301,3.6607,22.7457,17.3171,0.3604,9.0909,11.7647,12.7826,0.3047,40.0000,50.7161,10.0000,1.0000,10.0000,1.6486,1.0475,1.6486,1.0475
3754091,2015-10-24,Premier League,2015/2016,10.0000,Stoke City,Watford,H,Mark Hughes,Quique Sánchez Flores,0.0000,2.0000,0.0000,66.2486,61.6114,4.9423,21.7833,13.8132,0.3055,36.3636,7.6923,10.3333,0.3750,38.7387,47.2642,17.0000,0.0000,11.0000,0.4493,0.9757,0.4493,0.9757
3754091,2015-10-24,Premier League,2015/2016,10.0000,Watford,Stoke City,A,Quique Sánchez Flores,Mark Hughes,2.0000,0.0000,3.0000,33.7514,38.3886,2.9157,21.6396,14.8760,0.4448,7.6923,4.8077,14.1724,0.2478,40.2778,54.0017,17.0000,0.0000,13.0000,0.9757,0.4493,0.9757,0.4493
3754126,2015-10-24,Premier League,2015/2016,10.0000,Arsenal,Everton,H,Arsène Wenger,Roberto Martínez,2.0000,1.0000,3.0000,55.7060,62.1849,4.8241,18.0653,10.5566,0.3190,14.2857,8.3832,11.9286,0.2489,44.7368,53.2389,18.0000,0.0000,20.0000,2.4787,0.7927,2.4787,0.7927
3754126,2015-10-24,Premier League,2015/2016,10.0000,Everton,Arsenal,A,Roberto Martínez,Arsène Wenger,1.0000,2.0000,0.0000,44.2940,37.8151,3.9901,19.8928,13.1514,0.3222,26.6667,7.6190,11.1562,0.3733,33.0233,47.0550,15.0000,0.0000,10.0000,0.7927,2.4787,0.7927,2.4787
3754133,2015-10-24,Premier League,2015/2016,10.0000,Norwich City,West Bromwich Albion,H,Alex Neil,Tony Pulis,0.0000,1.0000,0.0000,60.3486,73.7643,5.7079,22.3462,17.9134,0.3056,14.2857,11.0048,14.1667,0.1923,42.8571,57.2881,18.0000,0.0000,16.0000,0.7782,0.5951,0.7782,0.5951
3754133,2015-10-24,Premier League,2015/2016,10.0000,West Bromwich Albion,Norwich City,A,Tony Pulis,Alex Neil,1.0000,0.0000,3.0000,39.6514,26.2357,3.1818,24.1573,19.3651,0.4425,0.0000,12.6126,47.0000,0.2148,42.8571,38.3885,8.0000,0.0000,7.0000,0.5951,0.7782,0.5951,0.7782
3754263,2015-10-24,Premier League,2015/2016,10.0000,Leicester City,Crystal Palace,H,Claudio Ranieri,Alan Pardew,1.0000,0.0000,3.0000,47.4677,33.6538,5.1786,21.8014,15.6322,0.3954,0.0000,6.7308,22.8750,0.2420,39.0625,41.4100,6.0000,3.0000,12.0000,1.3294,0.3707,1.3294,0.3707
3754263,2015-10-24,Premier League,2015/2016,10.0000,Crystal Palace,Leicester City,A,Alan Pardew,Claudio Ranieri,0.0000,1.0000,0.0000,52.5323,66.3462,4.8454,21.3787,14.2553,0.3597,0.0000,8.7500,18.8000,0.2741,46.5649,50.5849,16.0000,0.0000,10.0000,0.3707,1.3294,0.3707,1.3294
3754288,2015-10-24,Premier League,2015/2016,10.0000,West Ham United,Chelsea,H,Slaven Bilić,José Mourinho,2.0000,1.0000,3.0000,46.1039,51.5306,3.6900,22.1181,17.3442,0.3367,14.2857,9.8214,20.1667,0.2490,41.1290,48.6317,8.0000,2.0000,12.0000,0.7850,0.7625,0.7850,0.7625
3754288,2015-10-24,Premier League,2015/2016,10.0000,Chelsea,West Ham United,A,José Mourinho,Slaven Bilić,1.0000,2.0000,0.0000,53.8961,48.4694,4.6875,18.7283,9.3333,0.3356,16.6667,3.3058,10.0000,0.2300,42.8571,46.8886,5.0000,1.0000,9.0000,0.7625,0.7850,0.7625,0.7850
3754015,2015-10-25,Premier League,2015/2016,10.0000,Manchester United,Manchester City,H,Louis van Gaal,Manuel Pellegrini,0.0000,0.0000,1.0000,58.7549,61.9048,5.7895,21.2703,14.0000,0.2786,33.3333,6.4935,10.8276,0.3679,41.6667,55.6808,12.0000,0.0000,6.0000,0.3448,0.3241,0.3448,0.3241
3754015,2015-10-25,Premier League,2015/2016,10.0000,Manchester City,Manchester United,A,Manuel Pellegrini,Louis van Gaal,0.0000,0.0000,1.0000,41.2451,38.0952,3.9677,20.3412,13.5501,0.3465,0.0000,6.9307,15.4444,0.2748,37.3494,44.4180,6.0000,0.0000,6.0000,0.3241,0.3448,0.3241,0.3448
3754119,2015-10-25,Premier League,2015/2016,10.0000,Sunderland,Newcastle United,H,Sam Allardyce,Steve McClaren,3.0000,0.0000,3.0000,40.1176,39.3365,3.4138,23.1547,20.5387,0.4426,0.0000,7.5000,19.7647,0.2986,40.7895,49.7886,8.0000,1.0000,9.0000,2.0778,2.8980,1.2943,2.8980
3754119,2015-10-25,Premier League,2015/2016,10.0000,Newcastle United,Sunderland,A,Steve McClaren,Sam Allardyce,0.0000,3.0000,0.0000,59.8824,60.6635,5.0222,21.1746,14.1593,0.3182,0.0000,8.4416,13.8125,0.2317,37.9747,46.9570,8.0000,1.0000,22.0000,2.8980,2.0778,2.8980,1.2943
3754230,2015-10-25,Premier League,2015/2016,10.0000,Liverpool,Southampton,H,Jürgen Klopp,Ronald Koeman,1.0000,1.0000,1.0000,60.3465,53.0120,6.2500,20.5315,10.4348,0.3363,55.5556,6.7073,17.8667,0.4126,48.2353,42.9051,6.0000,0.0000,14.0000,0.6509,1.4908,0.6509,1.4908
3754230,2015-10-25,Premier League,2015/2016,10.0000,Southampton,Liverpool,A,Ronald Koeman,Jürgen Klopp,1.0000,1.0000,1.0000,39.6535,46.9880,3.4804,22.5169,17.1831,0.4416,54.5455,9.5890,16.3333,0.1866,45.2991,55.0113,14.0000,0.0000,9.0000,1.4908,0.6509,1.4908,0.6509
3754234,2015-10-25,Premier League,2015/2016,10.0000,AFC Bournemouth,Tottenham Hotspur,H,Eddie Howe,Mauricio Pochettino,1.0000,5.0000,0.0000,46.5887,52.8037,4.2653,21.6978,15.0718,0.3409,42.8571,8.2707,20.7368,0.2628,38.1944,45.1000,7.0000,0.0000,11.0000,0.6199,2.9156,0.6199,2.1321
3754234,2015-10-25,Premier League,2015/2016,10.0000,Tottenham Hotspur,AFC Bournemouth,A,Mauricio Pochettino,Eddie Howe,5.0000,1.0000,3.0000,53.4113,47.1963,5.6932,21.1784,11.1776,0.2597,0.0000,5.4264,11.4828,0.3013,48.6111,54.9336,12.0000,1.0000,14.0000,2.9156,0.6199,2.1321,0.6199
3753983,2015-10-31,Premier League,2015/2016,11.0000,Swansea City,Arsenal,H,Garry Monk,Arsène Wenger,0.0000,3.0000,0.0000,54.0293,47.1545,7.6528,21.0079,10.8893,0.2376,42.8571,8.1481,13.0000,0.2968,41.6107,52.8617,13.0000,0.0000,7.0000,0.3300,1.6474,0.3300,1.6474
3753983,2015-10-31,Premier League,2015/2016,11.0000,Arsenal,Swansea City,A,Arsène Wenger,Garry Monk,3.0000,0.0000,3.0000,45.9707,52.8455,5.9610,18.8047,8.2789,0.3129,0.0000,2.7211,33.5385,0.2441,43.7500,44.8759,10.0000,1.0000,13.0000,1.6474,0.3300,1.6474,0.3300
3754006,2015-10-31,Premier League,2015/2016,11.0000,West Bromwich Albion,Leicester City,H,Tony Pulis,Claudio Ranieri,2.0000,3.0000,0.0000,47.8736,46.4115,3.4124,23.3256,20.8459,0.4537,0.0000,10.5691,26.1818,0.1608,49.2754,40.8143,7.0000,1.0000,12.0000,1.9871,1.6791,1.2036,1.6791
3754006,2015-10-31,Premier League,2015/2016,11.0000,Leicester City,West Bromwich Albion,A,Claudio Ranieri,Tony Pulis,3.0000,2.0000,3.0000,52.1264,53.5885,4.7439,23.9659,19.7943,0.4691,14.2857,12.0253,12.0435,0.3401,35.8209,48.5922,13.0000,1.0000,13.0000,1.6791,1.9871,1.6791,1.2036
3754090,2015-10-31,Premier League,2015/2016,11.0000,Newcastle United,Stoke City,H,Steve McClaren,Mark Hughes,0.0000,0.0000,1.0000,52.0270,49.0975,3.9902,19.9926,11.7936,0.3590,14.2857,10.1351,14.3889,0.2230,41.0526,48.6383,9.0000,1.0000,15.0000,1.3306,1.3440,1.3306,1.3440
3754090,2015-10-31,Premier League,2015/2016,11.0000,Stoke City,Newcastle United,A,Mark Hughes,Steve McClaren,0.0000,0.0000,1.0000,47.9730,50.9025,4.2889,21.7970,15.8031,0.3646,11.1111,6.5476,9.8966,0.2468,35.9649,49.5217,10.0000,0.0000,10.0000,1.3440,1.3306,1.3440,1.3306
3754098,2015-10-31,Premier League,2015/2016,11.0000,Chelsea,Liverpool,H,José Mourinho,Jürgen Klopp,1.0000,3.0000,0.0000,42.1596,40.4545,3.9307,20.1586,12.3426,0.3555,33.3333,5.9829,11.5128,0.2679,45.4545,51.4071,14.0000,0.0000,8.0000,0.4915,0.8882,0.4915,0.8882
3754098,2015-10-31,Premier League,2015/2016,11.0000,Liverpool,Chelsea,A,Jürgen Klopp,José Mourinho,3.0000,1.0000,3.0000,57.8404,59.5455,5.1589,19.4144,7.9710,0.3131,28.5714,6.9182,7.9744,0.3675,40.0000,51.6489,12.0000,1.0000,16.0000,0.8882,0.4915,0.8882,0.4915
3754167,2015-10-31,Premier League,2015/2016,11.0000,Manchester City,Norwich City,H,Manuel Pellegrini,Alex Neil,2.0000,1.0000,3.0000,70.3473,75.3894,8.1538,17.9539,5.7951,0.2238,66.6667,4.3956,16.5714,0.2793,52.6882,58.0763,19.0000,1.0000,21.0000,3.4019,1.3919,1.8349,1.3919
3754167,2015-10-31,Premier League,2015/2016,11.0000,Norwich City,Manchester City,A,Alex Neil,Manuel Pellegrini,1.0000,2.0000,0.0000,29.6527,24.6106,4.0833,20.8353,13.6054,0.3871,16.6667,8.2474,31.0000,0.1392,25.4545,42.1800,5.0000,0.0000,5.0000,1.3919,3.4019,1.3919,1.8349
3754223,2015-10-31,Premier League,2015/2016,11.0000,Crystal Palace,Manchester United,H,Alan Pardew,Louis van Gaal,0.0000,0.0000,1.0000,45.1327,47.4576,3.9659,22.5730,16.9054,0.3719,57.1429,8.8235,12.7857,0.2661,46.9697,51.9591,14.0000,0.0000,11.0000,0.8763,0.5787,0.8763,0.5787
3754223,2015-10-31,Premier League,2015/2016,11.0000,Manchester United,Crystal Palace,A,Louis van Gaal,Alan Pardew,0.0000,0.0000,1.0000,54.8673,52.5424,6.5429,22.0545,15.5022,0.3099,0.0000,7.5630,10.0333,0.3309,37.7778,44.9980,4.0000,0.0000,5.0000,0.5787,0.8763,0.5787,0.8763
3754273,2015-10-31,Premier League,2015/2016,11.0000,Watford,West Ham United,H,Quique Sánchez Flores,Slaven Bilić,2.0000,0.0000,3.0000,51.0045,66.4948,3.9804,21.2826,15.0246,0.3792,16.6667,8.3333,10.8438,0.3417,52.6667,57.2029,16.0000,1.0000,21.0000,1.8469,0.8667,1.8469,0.8667
3754273,2015-10-31,Premier League,2015/2016,11.0000,West Ham United,Watford,A,Slaven Bilić,Quique Sánchez Flores,0.0000,2.0000,0.0000,48.9955,33.5052,4.3146,22.8129,16.6667,0.3411,11.1111,12.0482,13.1818,0.3457,36.0759,49.4155,8.0000,0.0000,8.0000,0.8667,1.8469,0.8667,1.8469
3754082,2015-11-01,Premier League,2015/2016,11.0000,Everton,Sunderland,H,Roberto Martínez,Sam Allardyce,6.0000,2.0000,3.0000,66.5458,72.0238,7.5761,17.6276,7.7475,0.2571,0.0000,4.6154,14.4118,0.2358,32.1839,43.7988,11.0000,2.0000,15.0000,2.2051,1.7811,2.2051,1.7811
3754082,2015-11-01,Premier League,2015/2016,11.0000,Sunderland,Everton,A,Sam Allardyce,Roberto Martínez,2.0000,6.0000,0.0000,33.4542,27.9762,4.2895,23.9226,19.6319,0.4605,0.0000,6.3830,21.8421,0.1907,29.2857,47.3975,10.0000,4.0000,17.0000,1.7811,2.2051,1.7811,2.2051
3754191,2015-11-01,Premier League,2015/2016,11.0000,Southampton,AFC Bournemouth,H,Ronald Koeman,Eddie Howe,2.0000,0.0000,3.0000,48.7156,39.6552,7.0143,21.9503,14.4603,0.2345,0.0000,10.8108,18.8500,0.2612,40.4110,44.7257,7.0000,0.0000,11.0000,0.9831,0.9146,0.9831,0.9146
3754191,2015-11-01,Premier League,2015/2016,11.0000,AFC Bournemouth,Southampton,A,Eddie Howe,Ronald Koeman,0.0000,2.0000,0.0000,51.2844,60.3448,5.7614,19.5040,11.6371,0.2502,0.0000,6.6225,16.7083,0.3164,52.9762,56.0576,15.0000,0.0000,16.0000,0.9146,0.9831,0.9146,0.9831
3754029,2015-11-02,Premier League,2015/2016,11.0000,Tottenham Hotspur,Aston Villa,H,Mauricio Pochettino,Kevin MacDonald,3.0000,1.0000,3.0000,60.8927,56.4767,5.1300,22.3061,15.3996,0.3012,33.3333,5.0360,9.0690,0.3995,50.3401,50.2699,13.0000,1.0000,16.0000,1.0810,0.4609,1.0810,0.4609
3754029,2015-11-02,Premier League,2015/2016,11.0000,Aston Villa,Tottenham Hotspur,A,Kevin MacDonald,Mauricio Pochettino,1.0000,3.0000,0.0000,39.1073,43.5233,3.0194,22.2541,17.3633,0.4995,12.5000,3.8095,27.0667,0.2618,28.0000,43.1115,10.0000,2.0000,13.0000,0.4609,1.0810,0.4609,1.0810
3754000,2015-11-07,Premier League,2015/2016,12.0000,Sunderland,Southampton,H,Sam Allardyce,Ronald Koeman,0.0000,1.0000,0.0000,37.8850,30.6397,4.0500,23.9407,22.8395,0.5185,0.0000,5.5118,19.1667,0.2132,29.4574,43.7792,9.0000,0.0000,11.0000,0.5551,1.7965,0.5551,1.0130
3754000,2015-11-07,Premier League,2015/2016,12.0000,Southampton,Sunderland,A,Ronald Koeman,Sam Allardyce,1.0000,0.0000,3.0000,62.1150,69.3603,4.5620,20.4907,10.8696,0.3453,14.2857,8.4746,12.9474,0.2927,37.9630,53.2545,17.0000,0.0000,14.0000,1.7965,0.5551,1.0130,0.5551
3754156,2015-11-07,Premier League,2015/2016,12.0000,Leicester City,Watford,H,Claudio Ranieri,Quique Sánchez Flores,2.0000,1.0000,3.0000,42.5024,49.0099,4.9157,21.4040,15.6863,0.4922,0.0000,9.2199,17.0385,0.1960,33.0508,51.8303,12.0000,3.0000,13.0000,1.8632,1.0759,1.0797,0.2924
3754156,2015-11-07,Premier League,2015/2016,12.0000,Watford,Leicester City,A,Quique Sánchez Flores,Claudio Ranieri,1.0000,2.0000,0.0000,57.4976,50.9901,5.6979,20.5733,12.7971,0.3933,12.5000,3.9474,20.0000,0.2067,43.4783,45.8449,11.0000,0.0000,8.0000,1.0759,1.8632,0.2924,1.0797
3754194,2015-11-07,Premier League,2015/2016,12.0000,West Ham United,Everton,H,Slaven Bilić,Roberto Martínez,1.0000,1.0000,1.0000,50.4732,53.2967,4.9886,20.9622,12.7563,0.3090,16.6667,10.7143,15.0909,0.2505,50.0000,44.6515,6.0000,0.0000,18.0000,0.8401,1.6618,0.8401,1.6618
3754194,2015-11-07,Premier League,2015/2016,12.0000,Everton,West Ham United,A,Roberto Martínez,Slaven Bilić,1.0000,1.0000,1.0000,49.5268,46.7033,5.4430,20.0064,10.6977,0.3193,20.0000,4.4248,18.6316,0.2417,40.5172,46.9859,8.0000,1.0000,15.0000,1.6618,0.8401,1.6618,0.8401
3754238,2015-11-07,Premier League,2015/2016,12.0000,AFC Bournemouth,Newcastle United,H,Eddie Howe,Steve McClaren,0.0000,1.0000,0.0000,67.4419,83.6134,5.7170,19.7673,10.8911,0.2754,20.0000,9.7674,8.9310,0.3354,61.1111,62.6326,22.0000,0.0000,22.0000,1.0754,0.2371,1.0754,0.2371
3754238,2015-11-07,Premier League,2015/2016,12.0000,Newcastle United,AFC Bournemouth,A,Steve McClaren,Eddie Howe,1.0000,0.0000,3.0000,32.5581,16.3866,3.3537,23.1862,21.8182,0.4363,7.1429,4.5455,18.7273,0.3043,30.0493,40.5274,2.0000,0.0000,2.0000,0.2371,1.0754,0.2371,1.0754
3754293,2015-11-07,Premier League,2015/2016,12.0000,Stoke City,Chelsea,H,Mark Hughes,José Mourinho,1.0000,0.0000,3.0000,37.6608,24.9012,3.0568,23.0711,14.8699,0.4302,10.0000,11.7647,22.3846,0.3602,21.3542,36.5587,4.0000,0.0000,8.0000,0.7469,0.8533,0.7469,0.8533
3754293,2015-11-07,Premier League,2015/2016,12.0000,Chelsea,Stoke City,A,José Mourinho,Mark Hughes,0.0000,1.0000,0.0000,62.3392,75.0988,5.0000,18.4139,10.1053,0.3288,0.0000,4.4335,8.2143,0.3075,52.5253,54.8076,17.0000,0.0000,18.0000,0.8533,0.7469,0.8533,0.7469
3754297,2015-11-07,Premier League,2015/2016,12.0000,Manchester United,West Bromwich Albion,H,Louis van Gaal,Tony Pulis,2.0000,0.0000,3.0000,67.1128,83.3977,7.3333,20.4647,12.7273,0.2566,100.0000,5.4475,11.9565,0.4564,53.5032,52.5919,14.0000,0.0000,13.0000,1.4637,0.4141,0.6802,0.4141
3754297,2015-11-07,Premier League,2015/2016,12.0000,West Bromwich Albion,Manchester United,A,Tony Pulis,Louis van Gaal,0.0000,2.0000,0.0000,32.8872,16.6023,3.8608,23.9419,20.3279,0.4534,9.0909,8.9888,17.2609,0.1838,32.5581,43.1557,3.0000,0.0000,4.0000,0.4141,1.4637,0.4141,0.6802
3754311,2015-11-07,Premier League,2015/2016,12.0000,Norwich City,Swansea City,H,Alex Neil,Garry Monk,1.0000,0.0000,3.0000,33.5958,39.5522,4.3671,21.0495,13.9130,0.3789,0.0000,5.7851,22.9091,0.1278,37.1134,48.5133,4.0000,0.0000,9.0000,1.0955,0.4883,1.0955,0.4883
3754311,2015-11-07,Premier League,2015/2016,12.0000,Swansea City,Norwich City,A,Garry Monk,Alex Neil,0.0000,1.0000,0.0000,66.4042,60.4478,6.3097,20.1300,11.6410,0.1922,12.5000,4.9505,20.5833,0.2214,50.5882,44.3283,4.0000,1.0000,8.0000,0.4883,1.0955,0.4883,1.0955
3754258,2015-11-08,Premier League,2015/2016,12.0000,Aston Villa,Manchester City,H,Rémi Garde,Manuel Pellegrini,0.0000,0.0000,1.0000,40.2052,37.4593,5.7206,20.2241,13.6247,0.2878,0.0000,5.1852,39.9000,0.1903,29.5082,46.0795,6.0000,0.0000,3.0000,0.1685,1.8464,0.1685,1.8464
3754258,2015-11-08,Premier League,2015/2016,12.0000,Manchester City,Aston Villa,A,Manuel Pellegrini,Rémi Garde,0.0000,0.0000,1.0000,59.7948,62.5407,7.6154,20.2778,10.4377,0.2700,40.0000,9.8131,8.5484,0.3666,34.8101,56.2247,17.0000,0.0000,13.0000,1.8464,0.1685,1.8464,0.1685
3754265,2015-11-08,Premier League,2015/2016,12.0000,Arsenal,Tottenham Hotspur,H,Arsène Wenger,Mauricio Pochettino,1.0000,1.0000,1.0000,54.5069,61.2613,4.1215,21.1215,15.8730,0.4014,9.0909,5.2288,8.9706,0.3800,44.1718,48.9992,16.0000,0.0000,10.0000,1.5742,1.0869,1.5742,1.0869
3754265,2015-11-08,Premier League,2015/2016,12.0000,Tottenham Hotspur,Arsenal,A,Mauricio Pochettino,Arsène Wenger,1.0000,1.0000,1.0000,45.4931,38.7387,4.2247,20.7163,12.5000,0.4202,0.0000,7.1429,10.3750,0.3424,40.3409,51.1677,12.0000,0.0000,16.0000,1.0869,1.5742,1.0869,1.5742
3754351,2015-11-08,Premier League,2015/2016,12.0000,Liverpool,Crystal Palace,H,Jürgen Klopp,Alan Pardew,1.0000,2.0000,0.0000,63.4724,69.1729,4.9802,19.6883,10.7356,0.3037,12.5000,8.9109,11.4211,0.3241,40.9524,49.7532,16.0000,0.0000,22.0000,1.7953,0.5756,1.7953,0.5756
3754351,2015-11-08,Premier League,2015/2016,12.0000,Crystal Palace,Liverpool,A,Alan Pardew,Jürgen Klopp,2.0000,1.0000,3.0000,36.5276,30.8271,3.3012,23.1900,20.0730,0.4120,7.6923,6.9307,16.4000,0.2771,44.2308,50.7812,18.0000,0.0000,9.0000,0.5756,1.7953,0.5756,1.7953
3753972,2015-11-21,Premier League,2015/2016,13.0000,Swansea City,AFC Bournemouth,H,Garry Monk,Eddie Howe,2.0000,2.0000,1.0000,44.0891,29.0749,4.5977,20.6517,16.7500,0.3174,10.0000,8.4211,13.7407,0.4090,39.8305,49.1868,5.0000,0.0000,12.0000,2.1463,1.7909,1.3628,1.7909
3753972,2015-11-21,Premier League,2015/2016,13.0000,AFC Bournemouth,Swansea City,A,Eddie Howe,Garry Monk,2.0000,2.0000,1.0000,55.9109,70.9251,5.8462,19.5474,11.2782,0.2802,0.0000,7.9096,14.2500,0.2901,44.6970,53.0121,17.0000,1.0000,17.0000,1.7909,2.1463,1.7909,1.3628
3753996,2015-11-21,Premier League,2015/2016,13.0000,Chelsea,Norwich City,H,José Mourinho,Alex Neil,1.0000,0.0000,3.0000,63.7597,73.7705,7.1882,19.2785,11.7840,0.2533,33.3333,7.1918,10.1667,0.3155,44.0678,59.1521,21.0000,0.0000,21.0000,1.8209,0.3063,1.8209,0.3063
3753996,2015-11-21,Premier League,2015/2016,13.0000,Norwich City,Chelsea,A,Alex Neil,José Mourinho,0.0000,1.0000,0.0000,36.2403,26.2295,4.0253,21.4010,14.7799,0.3925,0.0000,7.0000,12.4074,0.2082,27.0073,39.1513,8.0000,0.0000,4.0000,0.3063,1.8209,0.3063,1.8209
3754185,2015-11-21,Premier League,2015/2016,13.0000,Watford,Manchester United,H,Quique Sánchez Flores,Louis van Gaal,1.0000,2.0000,0.0000,43.4353,35.1351,3.3482,20.8594,18.1333,0.4401,11.1111,6.0870,15.0417,0.3438,41.6244,51.1181,12.0000,1.0000,10.0000,1.6612,1.1745,0.8777,1.1745
3754185,2015-11-21,Premier League,2015/2016,13.0000,Manchester United,Watford,A,Louis van Gaal,Quique Sánchez Flores,2.0000,1.0000,3.0000,56.5647,64.8649,5.0485,20.7364,15.1923,0.3441,0.0000,6.5217,9.4848,0.2705,38.6555,55.9212,12.0000,2.0000,13.0000,1.1745,1.6612,1.1745,0.8777
3754208,2015-11-21,Premier League,2015/2016,13.0000,Manchester City,Liverpool,H,Manuel Pellegrini,Jürgen Klopp,1.0000,4.0000,0.0000,59.3963,61.6788,4.6579,20.8646,14.3126,0.3394,0.0000,7.2539,12.0000,0.2998,44.8000,52.8790,15.0000,1.0000,12.0000,0.9033,3.2451,0.9033,3.2451
3754208,2015-11-21,Premier League,2015/2016,13.0000,Liverpool,Manchester City,A,Jürgen Klopp,Manuel Pellegrini,4.0000,1.0000,3.0000,40.6037,38.3212,4.7750,19.8247,12.0419,0.4394,0.0000,4.8780,15.4583,0.3869,34.7458,42.2237,12.0000,2.0000,14.0000,3.2451,0.9033,3.2451,0.9033
3754211,2015-11-21,Premier League,2015/2016,13.0000,Newcastle United,Leicester City,H,Steve McClaren,Claudio Ranieri,0.0000,3.0000,0.0000,53.4483,35.6522,4.3700,20.4959,13.0435,0.3527,55.5556,11.2245,9.7200,0.3727,29.1925,44.2320,7.0000,0.0000,9.0000,0.4300,3.1731,0.4300,3.1731
3754211,2015-11-21,Premier League,2015/2016,13.0000,Leicester City,Newcastle United,A,Claudio Ranieri,Steve McClaren,3.0000,0.0000,3.0000,46.5517,64.3478,3.7327,19.7560,15.9151,0.4262,0.0000,8.7209,11.2353,0.2742,52.2059,55.9827,22.0000,3.0000,18.0000,3.1731,0.4300,3.1731,0.4300
3754247,2015-11-21,Premier League,2015/2016,13.0000,Southampton,Stoke City,H,Ronald Koeman,Mark Hughes,0.0000,1.0000,0.0000,57.8109,74.3151,4.6195,18.6319,10.5364,0.3718,21.4286,7.0866,14.8636,0.3608,54.9020,60.8683,22.0000,1.0000,16.0000,1.1517,1.4124,1.1517,1.4124
3754247,2015-11-21,Premier League,2015/2016,13.0000,Stoke City,Southampton,A,Mark Hughes,Ronald Koeman,1.0000,0.0000,3.0000,42.1891,25.6849,4.0105,20.6968,13.9108,0.3803,0.0000,8.7912,26.6667,0.2530,27.8912,38.5695,6.0000,1.0000,16.0000,1.4124,1.1517,1.4124,1.1517
3754283,2015-11-21,Premier League,2015/2016,13.0000,Everton,Aston Villa,H,Roberto Martínez,Rémi Garde,4.0000,0.0000,3.0000,58.9532,54.9505,6.5870,20.5354,11.5512,0.2301,80.0000,4.6667,21.5333,0.2013,47.7778,56.9364,15.0000,0.0000,16.0000,2.3214,1.1047,2.3214,1.1047
3754283,2015-11-21,Premier League,2015/2016,13.0000,Aston Villa,Everton,A,Rémi Garde,Roberto Martínez,0.0000,4.0000,0.0000,41.0468,45.0495,4.4176,20.6449,13.1841,0.3154,12.5000,5.7143,30.4375,0.3567,36.6812,46.0013,11.0000,0.0000,11.0000,1.1047,2.3214,1.1047,2.3214
3754301,2015-11-21,Premier League,2015/2016,13.0000,West Bromwich Albion,Arsenal,H,Tony Pulis,Arsène Wenger,2.0000,1.0000,3.0000,28.3168,24.0876,3.1139,22.8387,20.7317,0.4694,0.0000,7.8652,14.4839,0.2735,41.4141,46.7537,7.0000,0.0000,4.0000,0.4187,1.7803,0.4187,0.9968
3754301,2015-11-21,Premier League,2015/2016,13.0000,Arsenal,West Bromwich Albion,A,Arsène Wenger,Tony Pulis,1.0000,2.0000,0.0000,71.6832,75.9124,7.9651,17.1649,5.6934,0.2719,50.0000,5.0000,10.2105,0.3252,46.2366,58.0466,22.0000,0.0000,13.0000,1.7803,0.4187,0.9968,0.4187
3754109,2015-11-22,Premier League,2015/2016,13.0000,Tottenham Hotspur,West Ham United,H,Mauricio Pochettino,Slaven Bilić,4.0000,1.0000,3.0000,54.0513,60.1810,4.6765,20.1631,12.5786,0.3423,60.0000,4.7619,8.9722,0.3482,46.7949,56.4256,18.0000,3.0000,22.0000,2.6609,0.7502,2.6609,0.7502
3754109,2015-11-22,Premier League,2015/2016,13.0000,West Ham United,Tottenham Hotspur,A,Slaven Bilić,Mauricio Pochettino,1.0000,4.0000,0.0000,45.9487,39.8190,3.3509,20.5603,13.6126,0.3942,0.0000,8.7379,11.1935,0.3586,37.5661,47.9547,9.0000,1.0000,10.0000,0.7502,2.6609,0.7502,2.6609
3753979,2015-11-23,Premier League,2015/2016,13.0000,Crystal Palace,Sunderland,H,Alan Pardew,Sam Allardyce,0.0000,1.0000,0.0000,63.9952,73.3945,4.3545,21.6245,13.9875,0.3671,50.0000,12.5000,7.4828,0.3056,56.5217,61.4710,30.0000,1.0000,20.0000,0.6911,1.6725,0.6911,1.6725
3753979,2015-11-23,Premier League,2015/2016,13.0000,Sunderland,Crystal Palace,A,Sam Allardyce,Alan Pardew,1.0000,0.0000,3.0000,36.0048,26.6055,2.7444,20.7497,14.9798,0.5316,0.0000,2.5641,27.6667,0.2224,26.0504,33.8976,2.0000,1.0000,12.0000,1.6725,0.6911,1.6725,0.6911
3754028,2015-11-28,Premier League,2015/2016,14.0000,Manchester City,Southampton,H,Manuel Pellegrini,Ronald Koeman,3.0000,1.0000,3.0000,45.9431,55.5046,4.5412,19.5968,12.4352,0.3344,0.0000,9.2308,9.6053,0.2164,38.7387,51.0144,6.0000,3.0000,16.0000,1.6697,1.1942,1.6697,1.1942
3754028,2015-11-28,Premier League,2015/2016,14.0000,Southampton,Manchester City,A,Ronald Koeman,Manuel Pellegrini,1.0000,3.0000,0.0000,54.0569,44.4954,5.0217,20.2402,13.4199,0.2866,0.0000,5.2174,12.6190,0.3119,38.2353,52.7190,15.0000,1.0000,11.0000,1.1942,1.6697,1.1942,1.6697
3754150,2015-11-28,Premier League,2015/2016,14.0000,Sunderland,Stoke City,H,Sam Allardyce,Mark Hughes,2.0000,0.0000,3.0000,47.0889,49.6377,4.3093,20.2987,13.3971,0.3164,0.0000,5.5901,11.6429,0.2973,48.0519,51.4029,12.0000,0.0000,18.0000,1.2081,0.9730,1.2081,0.9730
3754150,2015-11-28,Premier League,2015/2016,14.0000,Stoke City,Sunderland,A,Mark Hughes,Sam Allardyce,0.0000,2.0000,0.0000,52.9111,50.3623,5.4483,20.9851,10.3376,0.2947,15.3846,3.1056,20.0714,0.1866,32.5581,36.5138,6.0000,0.0000,7.0000,0.9730,1.2081,0.9730,1.2081
3754157,2015-11-28,Premier League,2015/2016,14.0000,AFC Bournemouth,Everton,H,Eddie Howe,Roberto Martínez,3.0000,3.0000,1.0000,57.8558,71.4894,5.4904,19.8267,11.5587,0.3021,50.0000,11.1702,15.5217,0.3180,57.2414,52.4220,13.0000,1.0000,19.0000,1.4284,0.7029,1.4284,0.7029
3754157,2015-11-28,Premier League,2015/2016,14.0000,Everton,AFC Bournemouth,A,Roberto Martínez,Eddie Howe,3.0000,3.0000,1.0000,42.1442,28.5106,4.3474,22.2042,17.4334,0.3539,0.0000,7.6087,16.2800,0.1789,35.7143,44.6314,13.0000,2.0000,11.0000,0.7029,1.4284,0.7029,1.4284
3754178,2015-11-28,Premier League,2015/2016,14.0000,Aston Villa,Watford,H,Rémi Garde,Quique Sánchez Flores,2.0000,3.0000,0.0000,66.3605,54.9763,5.6413,21.5012,11.5607,0.3092,0.0000,11.1111,17.6000,0.3823,37.5000,49.3097,14.0000,0.0000,14.0000,1.9051,1.7101,1.9051,1.7101
3754178,2015-11-28,Premier League,2015/2016,14.0000,Watford,Aston Villa,A,Quique Sánchez Flores,Rémi Garde,3.0000,2.0000,3.0000,33.6395,45.0237,3.2000,23.4617,19.1667,0.5141,0.0000,6.3636,11.7778,0.1851,42.0561,50.6117,18.0000,1.0000,15.0000,1.7101,1.9051,1.7101,1.9051
3754186,2015-11-28,Premier League,2015/2016,14.0000,Leicester City,Manchester United,H,Claudio Ranieri,Louis van Gaal,1.0000,1.0000,1.0000,33.1263,36.0465,3.1149,21.6331,18.8192,0.5361,0.0000,6.6116,21.0000,0.2090,41.4815,47.0351,11.0000,1.0000,7.0000,0.4394,0.8785,0.4394,0.8785
3754186,2015-11-28,Premier League,2015/2016,14.0000,Manchester United,Leicester City,A,Louis van Gaal,Claudio Ranieri,1.0000,1.0000,1.0000,66.8737,63.9535,5.8900,20.5598,10.6961,0.2848,50.0000,8.6705,9.0909,0.3312,40.5660,53.8226,15.0000,0.0000,12.0000,0.8785,0.4394,0.8785,0.4394
3754304,2015-11-28,Premier League,2015/2016,14.0000,Crystal Palace,Newcastle United,H,Alan Pardew,Steve McClaren,5.0000,1.0000,3.0000,55.0371,59.2920,4.3148,21.7852,14.8069,0.3081,25.0000,14.0127,12.9545,0.2028,38.3721,57.3000,12.0000,0.0000,19.0000,1.5899,0.7886,1.5899,0.7886
3754304,2015-11-28,Premier League,2015/2016,14.0000,Newcastle United,Crystal Palace,A,Steve McClaren,Alan Pardew,1.0000,5.0000,0.0000,44.9629,40.7080,3.4167,21.1246,14.0921,0.3622,0.0000,11.4035,14.0833,0.3218,38.3234,44.9268,6.0000,0.0000,7.0000,0.7886,1.5899,0.7886,1.5899
3754038,2015-11-29,Premier League,2015/2016,14.0000,Norwich City,Arsenal,H,Alex Neil,Arsène Wenger,1.0000,1.0000,1.0000,38.5727,37.8549,5.0658,21.5292,15.3247,0.2848,0.0000,9.6296,22.8824,0.1735,36.4407,49.0557,11.0000,0.0000,7.0000,1.0652,1.5574,1.0652,1.5574
3754038,2015-11-29,Premier League,2015/2016,14.0000,Arsenal,Norwich City,A,Arsène Wenger,Alex Neil,1.0000,1.0000,1.0000,61.4273,62.1451,7.5000,18.4594,7.4603,0.2092,0.0000,7.8603,12.6667,0.4496,39.0625,52.3930,7.0000,0.0000,12.0000,1.5574,1.0652,1.5574,1.0652
3754047,2015-11-29,Premier League,2015/2016,14.0000,Liverpool,Swansea City,H,Jürgen Klopp,Garry Monk,1.0000,0.0000,3.0000,54.6211,60.2410,5.8478,21.5887,11.7100,0.2825,50.0000,5.3476,9.5000,0.3177,49.3590,59.5596,14.0000,0.0000,10.0000,1.5042,0.4292,0.7207,0.4292
3754047,2015-11-29,Premier League,2015/2016,14.0000,Swansea City,Liverpool,A,Garry Monk,Jürgen Klopp,0.0000,1.0000,0.0000,45.3789,39.7590,5.0114,21.9222,13.3787,0.3043,50.0000,12.3894,21.1111,0.1929,28.0702,45.9151,17.0000,0.0000,9.0000,0.4292,1.5042,0.4292,0.7207
3754093,2015-11-29,Premier League,2015/2016,14.0000,Tottenham Hotspur,Chelsea,H,Mauricio Pochettino,José Mourinho,0.0000,0.0000,1.0000,57.8629,49.4163,5.6374,21.5559,14.0351,0.3383,40.0000,5.1282,12.8421,0.3421,30.0699,47.7613,13.0000,1.0000,9.0000,0.5126,0.2719,0.5126,0.2719
3754093,2015-11-29,Premier League,2015/2016,14.0000,Chelsea,Tottenham Hotspur,A,José Mourinho,Mauricio Pochettino,0.0000,0.0000,1.0000,42.1371,50.5837,4.0222,22.1654,18.2320,0.4462,0.0000,3.1447,16.0000,0.3554,36.7647,42.4701,3.0000,0.0000,5.0000,0.2719,0.5126,0.2719,0.5126
3754235,2015-11-29,Premier League,2015/2016,14.0000,West Ham United,West Bromwich Albion,H,Slaven Bilić,Tony Pulis,1.0000,1.0000,1.0000,59.2317,55.5556,4.3469,20.6040,13.1455,0.3735,25.0000,8.7302,7.6333,0.3465,40.3509,50.4411,17.0000,1.0000,17.0000,1.7178,0.7213,1.7178,0.7213
3754235,2015-11-29,Premier League,2015/2016,14.0000,West Bromwich Albion,West Ham United,A,Tony Pulis,Slaven Bilić,1.0000,1.0000,1.0000,40.7683,44.4444,3.0222,24.2740,21.6912,0.4463,0.0000,12.8440,13.3077,0.2029,45.3608,49.3078,8.0000,2.0000,7.0000,0.7213,1.7178,0.7213,1.7178
3754073,2015-12-05,Premier League,2015/2016,15.0000,Chelsea,AFC Bournemouth,H,José Mourinho,Eddie Howe,0.0000,1.0000,0.0000,61.7220,75.5474,5.0566,19.9503,11.7537,0.3271,25.0000,9.6639,9.5172,0.4092,40.3974,50.5739,17.0000,0.0000,19.0000,1.3390,1.7058,1.3390,1.7058
3754073,2015-12-05,Premier League,2015/2016,15.0000,AFC Bournemouth,Chelsea,A,Eddie Howe,José Mourinho,1.0000,0.0000,3.0000,38.2780,24.4526,3.3511,21.8740,16.5079,0.4168,13.3333,5.9524,10.7812,0.2924,37.3563,47.5270,13.0000,4.0000,15.0000,1.7058,1.3390,1.7058,1.3390
3754085,2015-12-05,Premier League,2015/2016,15.0000,Swansea City,Leicester City,H,Garry Monk,Claudio Ranieri,0.0000,3.0000,0.0000,57.8695,49.2386,5.7053,20.8124,11.6236,0.2908,50.0000,9.9237,23.3846,0.3371,45.2703,47.9628,14.0000,1.0000,10.0000,1.0476,2.5484,1.0476,2.5484
3754085,2015-12-05,Premier League,2015/2016,15.0000,Leicester City,Swansea City,A,Claudio Ranieri,Garry Monk,3.0000,0.0000,3.0000,42.1305,50.7614,4.6588,21.5512,16.9192,0.4427,0.0000,4.7619,15.9310,0.3483,42.3810,47.4871,8.0000,4.0000,16.0000,2.5484,1.0476,2.5484,1.0476
3754113,2015-12-05,Premier League,2015/2016,15.0000,Southampton,Aston Villa,H,Ronald Koeman,Rémi Garde,1.0000,1.0000,1.0000,62.5892,72.7273,5.4231,20.9897,13.2979,0.3251,100.0000,11.9617,11.4783,0.2997,40.9091,56.8282,18.0000,1.0000,23.0000,2.9258,0.8075,2.9258,0.8075
3754113,2015-12-05,Premier League,2015/2016,15.0000,Aston Villa,Southampton,A,Rémi Garde,Ronald Koeman,1.0000,1.0000,1.0000,37.4108,27.2727,3.5730,20.5538,13.5220,0.3555,0.0000,3.6145,23.7500,0.2134,30.5344,42.4247,6.0000,0.0000,9.0000,0.8075,2.9258,0.8075,2.9258
3754135,2015-12-05,Premier League,2015/2016,15.0000,Stoke City,Manchester City,H,Mark Hughes,Manuel Pellegrini,2.0000,0.0000,3.0000,45.5943,33.9130,3.9126,20.4648,12.4069,0.4032,0.0000,4.1667,11.7500,0.2354,32.0000,46.3736,9.0000,1.0000,8.0000,1.5286,0.4799,1.5286,0.4799
3754135,2015-12-05,Premier League,2015/2016,15.0000,Manchester City,Stoke City,A,Manuel Pellegrini,Mark Hughes,0.0000,2.0000,0.0000,54.4057,66.0870,4.2870,18.9866,7.9914,0.3752,0.0000,7.3446,7.2727,0.3056,49.2647,57.7924,15.0000,1.0000,11.0000,0.4799,1.5286,0.4799,1.5286
3754160,2015-12-05,Premier League,2015/2016,15.0000,Arsenal,Sunderland,H,Arsène Wenger,Sam Allardyce,3.0000,1.0000,3.0000,70.4545,73.0290,7.7473,17.8368,6.9504,0.2699,0.0000,5.0926,8.9615,0.1923,53.3333,55.7000,13.0000,0.0000,16.0000,1.8425,0.8752,1.8425,0.8752
3754160,2015-12-05,Premier League,2015/2016,15.0000,Sunderland,Arsenal,A,Sam Allardyce,Arsène Wenger,1.0000,3.0000,0.0000,29.5455,26.9710,3.2927,24.2029,19.6296,0.4911,10.0000,10.2041,31.3333,0.1613,40.0000,42.8522,6.0000,2.0000,10.0000,0.8752,1.8425,0.8752,1.8425
3754215,2015-12-05,Premier League,2015/2016,15.0000,West Bromwich Albion,Tottenham Hotspur,H,Tony Pulis,Mauricio Pochettino,1.0000,1.0000,1.0000,35.3712,42.9907,2.8854,23.8874,18.0505,0.4775,0.0000,6.6667,9.3636,0.3041,46.1111,55.1007,18.0000,1.0000,13.0000,0.9929,0.7074,0.9929,0.7074
3754215,2015-12-05,Premier League,2015/2016,15.0000,Tottenham Hotspur,West Bromwich Albion,A,Mauricio Pochettino,Tony Pulis,1.0000,1.0000,1.0000,64.6288,57.0093,5.0185,20.7204,10.7011,0.3016,57.1429,4.6667,10.5263,0.4383,43.6620,45.1625,11.0000,0.0000,9.0000,0.7074,0.9929,0.7074,0.9929
3754286,2015-12-05,Premier League,2015/2016,15.0000,Watford,Norwich City,H,Quique Sánchez Flores,Alex Neil,2.0000,0.0000,3.0000,51.1654,56.4972,3.8544,20.8209,16.6247,0.4683,0.0000,5.3030,18.6471,0.2841,39.2000,45.9558,9.0000,1.0000,13.0000,2.1616,0.5346,1.3781,0.5346
3754286,2015-12-05,Premier League,2015/2016,15.0000,Norwich City,Watford,A,Alex Neil,Quique Sánchez Flores,0.0000,2.0000,0.0000,48.8346,43.5028,3.7549,24.1334,20.8877,0.4648,0.0000,7.5758,17.1053,0.2213,35.2941,50.2847,10.0000,2.0000,9.0000,0.5346,2.1616,0.5346,1.3781
3754347,2015-12-05,Premier League,2015/2016,15.0000,Manchester United,West Ham United,H,Louis van Gaal,Slaven Bilić,0.0000,0.0000,1.0000,62.5828,75.9091,4.9515,20.3571,12.5490,0.3279,16.6667,10.2151,9.7778,0.3481,50.8475,58.3330,20.0000,1.0000,21.0000,1.9253,0.6255,1.9253,0.6255
3754347,2015-12-05,Premier League,2015/2016,15.0000,West Ham United,Manchester United,A,Slaven Bilić,Louis van Gaal,0.0000,0.0000,1.0000,37.4172,24.0909,3.4235,23.1126,17.5258,0.3755,13.3333,7.1429,19.3889,0.2557,30.3448,41.1355,5.0000,1.0000,9.0000,0.6255,1.9253,0.6255,1.9253
3754143,2015-12-06,Premier League,2015/2016,15.0000,Newcastle United,Liverpool,H,Steve McClaren,Jürgen Klopp,2.0000,0.0000,3.0000,39.2996,37.5546,3.5556,20.2399,14.2045,0.4613,12.5000,3.3333,22.6316,0.2612,47.8528,44.8910,7.0000,0.0000,6.0000,0.8871,1.1163,0.8871,1.1163
3754143,2015-12-06,Premier League,2015/2016,15.0000,Liverpool,Newcastle United,A,Jürgen Klopp,Steve McClaren,0.0000,2.0000,0.0000,60.7004,62.4454,5.3491,20.7034,13.4039,0.3523,14.2857,8.0214,9.0000,0.3762,47.3684,51.7315,7.0000,0.0000,10.0000,1.1163,0.8871,1.1163,0.8871
3754046,2015-12-07,Premier League,2015/2016,15.0000,Everton,Crystal Palace,H,Roberto Martínez,Alan Pardew,1.0000,1.0000,1.0000,62.4619,69.0789,5.7629,18.9591,8.2290,0.3424,12.5000,8.5366,9.7600,0.4661,44.7674,52.5219,25.0000,0.0000,19.0000,1.8912,0.8300,1.8912,0.8300
3754046,2015-12-07,Premier League,2015/2016,15.0000,Crystal Palace,Everton,A,Alan Pardew,Roberto Martínez,1.0000,1.0000,1.0000,37.5381,30.9211,3.9286,25.1348,23.0303,0.4613,0.0000,9.1603,11.6552,0.3779,29.7414,45.1567,13.0000,1.0000,14.0000,0.8300,1.8912,0.8300,1.8912
3754072,2015-12-12,Premier League,2015/2016,16.0000,Sunderland,Watford,H,Sam Allardyce,Quique Sánchez Flores,0.0000,1.0000,0.0000,48.5830,55.6561,4.4286,22.9352,18.4332,0.4419,60.0000,11.3772,21.5625,0.3543,42.7778,52.1278,16.0000,0.0000,16.0000,1.3931,1.8494,1.3931,1.8494
3754072,2015-12-12,Premier League,2015/2016,16.0000,Watford,Sunderland,A,Quique Sánchez Flores,Sam Allardyce,1.0000,0.0000,3.0000,51.4170,44.3439,4.7188,20.1810,12.5828,0.4145,0.0000,5.1471,14.8636,0.3604,36.4162,45.5708,12.0000,3.0000,13.0000,1.8494,1.3931,1.8494,1.3931
3754096,2015-12-12,Premier League,2015/2016,16.0000,West Ham United,Stoke City,H,Slaven Bilić,Mark Hughes,0.0000,0.0000,1.0000,48.6612,59.3607,3.4904,20.8109,15.1515,0.3711,0.0000,11.4504,13.6087,0.2200,56.7010,60.0753,19.0000,4.0000,24.0000,1.7841,1.4609,1.7841,1.4609
3754096,2015-12-12,Premier League,2015/2016,16.0000,Stoke City,West Ham United,A,Mark Hughes,Slaven Bilić,0.0000,0.0000,1.0000,51.3388,40.6393,3.8058,20.8481,14.5408,0.4003,0.0000,9.9099,12.9000,0.3900,38.0368,47.6899,16.0000,1.0000,12.0000,1.4609,1.7841,1.4609,1.7841
3754162,2015-12-12,Premier League,2015/2016,16.0000,AFC Bournemouth,Manchester United,H,Eddie Howe,Louis van Gaal,2.0000,1.0000,3.0000,43.1456,41.1168,3.8000,20.1051,11.6343,0.3711,44.4444,6.7961,13.7037,0.2636,44.6809,48.7340,11.0000,0.0000,11.0000,1.1319,1.5238,1.1319,1.5238
3754162,2015-12-12,Premier League,2015/2016,16.0000,Manchester United,AFC Bournemouth,A,Louis van Gaal,Eddie Howe,1.0000,2.0000,0.0000,56.8544,58.8832,4.2703,23.7635,17.2996,0.2701,10.0000,10.5960,15.4737,0.3276,33.0827,51.1490,21.0000,0.0000,11.0000,1.5238,1.1319,1.5238,1.1319
3754182,2015-12-12,Premier League,2015/2016,16.0000,Norwich City,Everton,H,Alex Neil,Roberto Martínez,1.0000,1.0000,1.0000,41.5596,47.8571,4.5843,19.6808,14.9510,0.3777,7.1429,5.0633,17.9583,0.2920,42.4731,54.4779,8.0000,1.0000,8.0000,1.3100,1.8707,1.3100,1.8707
3754182,2015-12-12,Premier League,2015/2016,16.0000,Everton,Norwich City,A,Roberto Martínez,Alex Neil,1.0000,1.0000,1.0000,58.4404,52.1429,6.0412,19.3537,10.0683,0.2807,20.0000,8.6705,16.5882,0.2914,40.9091,52.4962,10.0000,2.0000,15.0000,1.8707,1.3100,1.8707,1.3100
3754218,2015-12-12,Premier League,2015/2016,16.0000,Crystal Palace,Southampton,H,Alan Pardew,Ronald Koeman,1.0000,0.0000,3.0000,43.5142,40.3756,2.9615,24.0951,21.7532,0.4823,0.0000,14.9123,12.3200,0.3987,46.0733,48.1085,8.0000,1.0000,13.0000,1.2040,0.9414,1.2040,0.9414
3754218,2015-12-12,Premier League,2015/2016,16.0000,Southampton,Crystal Palace,A,Ronald Koeman,Alan Pardew,0.0000,1.0000,0.0000,56.4858,59.6244,4.2400,21.2006,13.4434,0.4015,0.0000,6.4516,8.3548,0.3875,41.2587,53.8058,13.0000,1.0000,15.0000,0.9414,1.2040,0.9414,1.2040
3754328,2015-12-12,Premier League,2015/2016,16.0000,Manchester City,Swansea City,H,Manuel Pellegrini,Alan Curtis,2.0000,1.0000,3.0000,53.2272,64.5161,6.9750,18.1106,8.4229,0.1863,66.6667,4.2424,14.7143,0.2552,45.9259,52.1312,6.0000,1.0000,14.0000,0.7830,1.2341,0.7830,1.2341
3754328,2015-12-12,Premier League,2015/2016,16.0000,Swansea City,Manchester City,A,Alan Curtis,Manuel Pellegrini,1.0000,2.0000,0.0000,46.7728,35.4839,4.7525,20.4568,12.5000,0.2250,50.0000,4.9505,17.9048,0.1844,38.7387,50.5081,7.0000,0.0000,13.0000,1.2341,0.7830,1.2341,0.7830
3754117,2015-12-13,Premier League,2015/2016,16.0000,Aston Villa,Arsenal,H,Rémi Garde,Arsène Wenger,0.0000,2.0000,0.0000,45.8617,48.9712,5.1807,21.9183,14.6512,0.2907,14.2857,9.3960,26.4667,0.2572,32.8671,47.3044,12.0000,1.0000,19.0000,1.0288,1.9037,1.0288,1.1202
3754117,2015-12-13,Premier League,2015/2016,16.0000,Arsenal,Aston Villa,A,Arsène Wenger,Rémi Garde,2.0000,0.0000,3.0000,54.1383,51.0288,6.0357,20.0724,10.8481,0.2718,0.0000,5.5944,14.9524,0.2951,41.0072,55.1500,10.0000,0.0000,9.0000,1.9037,1.0288,1.1202,1.0288
3754255,2015-12-13,Premier League,2015/2016,16.0000,Liverpool,West Bromwich Albion,H,Jürgen Klopp,Tony Pulis,2.0000,2.0000,1.0000,69.2385,82.8244,6.6598,20.1492,11.1455,0.3202,50.0000,8.8000,11.4762,0.3388,46.1538,56.5637,17.0000,1.0000,28.0000,2.3245,0.4798,2.3245,0.4798
3754255,2015-12-13,Premier League,2015/2016,16.0000,West Bromwich Albion,Liverpool,A,Tony Pulis,Jürgen Klopp,2.0000,2.0000,1.0000,30.7615,17.1756,3.1707,25.0120,22.6923,0.5536,0.0000,3.4483,18.6818,0.2055,30.9859,44.9896,3.0000,0.0000,4.0000,0.4798,2.3245,0.4798,2.3245
3754276,2015-12-13,Premier League,2015/2016,16.0000,Tottenham Hotspur,Newcastle United,H,Mauricio Pochettino,Steve McClaren,1.0000,2.0000,0.0000,58.4293,66.8269,4.1186,20.0373,14.4033,0.4326,71.4286,4.7059,10.6786,0.3174,40.4762,53.9101,12.0000,0.0000,20.0000,1.1104,1.4491,1.1104,1.4491
3754276,2015-12-13,Premier League,2015/2016,16.0000,Newcastle United,Tottenham Hotspur,A,Steve McClaren,Mauricio Pochettino,2.0000,1.0000,3.0000,41.5707,33.1731,3.0270,21.7427,19.6429,0.5354,0.0000,9.1837,12.2000,0.2366,41.6667,48.8970,5.0000,1.0000,8.0000,1.4491,1.1104,1.4491,1.1104
3754013,2015-12-14,Premier League,2015/2016,16.0000,Leicester City,Chelsea,H,Claudio Ranieri,José Mourinho,2.0000,1.0000,3.0000,34.2918,36.6379,3.1023,21.0769,17.5824,0.5527,0.0000,12.8205,11.9697,0.3079,37.3684,51.4808,10.0000,0.0000,9.0000,0.6437,2.0607,0.6437,2.0607
3754013,2015-12-14,Premier League,2015/2016,16.0000,Chelsea,Leicester City,A,José Mourinho,Claudio Ranieri,1.0000,2.0000,0.0000,65.7082,63.3621,4.7565,21.3639,15.5393,0.3412,33.3333,8.2840,9.3182,0.4099,43.9394,47.7594,10.0000,0.0000,11.0000,2.0607,0.6437,2.0607,0.6437
3754025,2015-12-19,Premier League,2015/2016,17.0000,Chelsea,Sunderland,H,Steve Holland,Sam Allardyce,3.0000,1.0000,3.0000,64.9123,75.7848,6.1828,18.6669,9.9130,0.2635,8.3333,7.9787,11.6087,0.3647,38.7097,52.3043,14.0000,4.0000,17.0000,3.1550,1.6192,2.3715,1.6192
3754025,2015-12-19,Premier League,2015/2016,17.0000,Sunderland,Chelsea,A,Sam Allardyce,Steve Holland,1.0000,3.0000,0.0000,35.0877,24.2152,2.9596,23.2029,16.3823,0.4852,25.0000,1.2500,12.8125,0.2496,30.5732,46.5642,12.0000,0.0000,11.0000,1.6192,3.1550,1.6192,2.3715
3754044,2015-12-19,Premier League,2015/2016,17.0000,Manchester United,Norwich City,H,Louis van Gaal,Alex Neil,1.0000,2.0000,0.0000,68.5039,83.3887,6.0000,20.9224,14.1509,0.2656,0.0000,11.4983,9.1111,0.4469,41.2587,60.0656,21.0000,0.0000,11.0000,0.9421,0.9237,0.9421,0.9237
3754044,2015-12-19,Premier League,2015/2016,17.0000,Norwich City,Manchester United,A,Alex Neil,Louis van Gaal,2.0000,1.0000,3.0000,31.4961,16.6113,4.1324,20.8261,15.6584,0.4093,0.0000,9.2308,18.9000,0.2371,26.0606,39.2324,6.0000,1.0000,6.0000,0.9237,0.9421,0.9237,0.9421
3754136,2015-12-19,Premier League,2015/2016,17.0000,Newcastle United,Aston Villa,H,Steve McClaren,Rémi Garde,1.0000,1.0000,1.0000,47.0588,53.2258,3.6471,22.0378,19.0860,0.4387,0.0000,10.6918,12.9231,0.4025,47.3958,49.7618,11.0000,0.0000,8.0000,1.0853,0.3802,1.0853,0.3802
3754136,2015-12-19,Premier League,2015/2016,17.0000,Aston Villa,Newcastle United,A,Rémi Garde,Steve McClaren,1.0000,1.0000,1.0000,52.9412,46.7742,3.9906,21.7756,16.0757,0.3863,0.0000,16.7939,10.7917,0.3208,40.4412,50.4291,13.0000,0.0000,10.0000,0.3802,1.0853,0.3802,1.0853
3754153,2015-12-19,Premier League,2015/2016,17.0000,Stoke City,Crystal Palace,H,Mark Hughes,Alan Pardew,1.0000,2.0000,0.0000,57.6708,66.9903,4.7917,20.8517,11.7391,0.3440,12.5000,8.7500,18.7333,0.2011,42.1053,52.8600,18.0000,1.0000,25.0000,2.5061,1.9532,1.7226,1.1697
3754153,2015-12-19,Premier League,2015/2016,17.0000,Crystal Palace,Stoke City,A,Alan Pardew,Mark Hughes,2.0000,1.0000,3.0000,42.3292,33.0097,3.7159,22.8747,18.6544,0.3840,0.0000,9.3023,22.3333,0.1495,36.3636,49.0906,11.0000,2.0000,11.0000,1.9532,2.5061,1.1697,1.7226
3754166,2015-12-19,Premier League,2015/2016,17.0000,Everton,Leicester City,H,Roberto Martínez,Claudio Ranieri,2.0000,3.0000,0.0000,65.4762,74.7126,4.7611,21.1246,13.5688,0.3715,54.5455,8.5890,12.2381,0.3041,44.3299,53.2604,17.0000,0.0000,14.0000,1.6910,2.3707,1.6910,0.8037
3754166,2015-12-19,Premier League,2015/2016,17.0000,Leicester City,Everton,A,Claudio Ranieri,Roberto Martínez,3.0000,2.0000,3.0000,34.5238,25.2874,3.0333,24.0427,22.7106,0.6159,0.0000,4.7059,18.2500,0.2975,37.2222,44.2490,6.0000,1.0000,10.0000,2.3707,1.6910,0.8037,1.6910
3754188,2015-12-19,Premier League,2015/2016,17.0000,Southampton,Tottenham Hotspur,H,Ronald Koeman,Mauricio Pochettino,0.0000,2.0000,0.0000,51.6667,58.8832,3.8318,22.1341,19.5122,0.4079,12.5000,11.4094,7.5476,0.3862,48.8095,53.2183,9.0000,1.0000,11.0000,1.0455,1.2917,1.0455,1.2917
3754188,2015-12-19,Premier League,2015/2016,17.0000,Tottenham Hotspur,Southampton,A,Mauricio Pochettino,Ronald Koeman,2.0000,0.0000,3.0000,48.3333,41.1168,3.4766,20.4060,14.7849,0.4160,0.0000,6.6038,10.4483,0.3247,41.7219,49.5333,7.0000,1.0000,12.0000,1.2917,1.0455,1.2917,1.0455
3754219,2015-12-19,Premier League,2015/2016,17.0000,West Bromwich Albion,AFC Bournemouth,H,Tony Pulis,Eddie Howe,1.0000,2.0000,0.0000,32.6797,29.8658,2.8090,24.0466,19.2000,0.4383,20.0000,14.1509,28.4167,0.2023,31.2000,46.1393,13.0000,0.0000,6.0000,0.3504,1.7860,0.3504,1.0025
3754219,2015-12-19,Premier League,2015/2016,17.0000,AFC Bournemouth,West Bromwich Albion,A,Eddie Howe,Tony Pulis,2.0000,1.0000,3.0000,67.3203,70.1342,6.5930,20.2823,10.5820,0.2138,20.0000,5.0228,11.6875,0.3200,37.5000,49.6651,6.0000,2.0000,17.0000,1.7860,0.3504,1.0025,0.3504
3754051,2015-12-20,Premier League,2015/2016,17.0000,Watford,Liverpool,H,Quique Sánchez Flores,Jürgen Klopp,3.0000,0.0000,3.0000,36.0987,45.3125,2.4757,21.0715,18.4314,0.5592,0.0000,3.7383,16.9600,0.2614,48.3221,50.0558,7.0000,0.0000,6.0000,1.8945,0.6298,1.8945,0.6298
3754051,2015-12-20,Premier League,2015/2016,17.0000,Liverpool,Watford,A,Jürgen Klopp,Quique Sánchez Flores,0.0000,3.0000,0.0000,63.9013,54.6875,5.1700,21.0845,15.2805,0.3936,0.0000,10.7143,9.9048,0.4534,46.5753,52.2805,11.0000,0.0000,12.0000,0.6298,1.8945,0.6298,1.8945
3754259,2015-12-20,Premier League,2015/2016,17.0000,Swansea City,West Ham United,H,Alan Curtis,Slaven Bilić,0.0000,0.0000,1.0000,72.1154,65.1452,6.0351,19.0529,7.5581,0.2179,42.8571,6.7039,14.3077,0.4069,41.5254,53.8744,13.0000,0.0000,22.0000,1.0712,0.4282,1.0712,0.4282
3754259,2015-12-20,Premier League,2015/2016,17.0000,West Ham United,Swansea City,A,Slaven Bilić,Alan Curtis,0.0000,0.0000,1.0000,27.8846,34.8548,3.2237,23.2799,22.4490,0.4573,0.0000,10.4167,20.9600,0.1733,43.8462,55.3394,14.0000,1.0000,11.0000,0.4282,1.0712,0.4282,1.0712
3754296,2015-12-21,Premier League,2015/2016,17.0000,Arsenal,Manchester City,H,Arsène Wenger,Manuel Pellegrini,2.0000,1.0000,3.0000,37.7208,33.9623,3.9271,20.5754,13.7931,0.3525,0.0000,12.2642,25.1111,0.2057,37.9310,44.3075,7.0000,1.0000,8.0000,1.3540,1.2499,1.3540,1.2499
3754296,2015-12-21,Premier League,2015/2016,17.0000,Manchester City,Arsenal,A,Manuel Pellegrini,Arsène Wenger,1.0000,2.0000,0.0000,62.2792,66.0377,7.5747,18.7698,7.4355,0.2436,33.3333,9.8522,7.4146,0.3091,43.1818,59.3164,15.0000,0.0000,19.0000,1.2499,1.3540,1.2499,1.3540
3753974,2015-12-26,Premier League,2015/2016,18.0000,Newcastle United,Everton,H,Steve McClaren,Roberto Martínez,0.0000,1.0000,0.0000,40.4713,36.4261,4.2289,18.9173,11.6809,0.3846,11.1111,8.1967,15.2273,0.3305,27.0833,41.5614,5.0000,0.0000,10.0000,1.2213,1.8063,1.2213,1.8063
3753974,2015-12-26,Premier League,2015/2016,18.0000,Everton,Newcastle United,A,Roberto Martínez,Steve McClaren,1.0000,0.0000,3.0000,59.5287,63.5739,6.4286,19.2948,9.2593,0.3121,37.5000,8.3333,7.4000,0.4177,50.9091,58.5308,20.0000,1.0000,20.0000,1.8063,1.2213,1.8063,1.2213
3754014,2015-12-26,Premier League,2015/2016,18.0000,Stoke City,Manchester United,H,Mark Hughes,Louis van Gaal,2.0000,0.0000,3.0000,41.1902,30.0000,3.3804,22.4068,16.3987,0.4286,0.0000,4.7619,19.5000,0.2718,21.8978,40.5366,6.0000,0.0000,13.0000,1.0752,1.2774,1.0752,1.2774
3754014,2015-12-26,Premier League,2015/2016,18.0000,Manchester United,Stoke City,A,Louis van Gaal,Mark Hughes,0.0000,2.0000,0.0000,58.8098,70.0000,4.0463,20.9557,13.2723,0.3565,0.0000,8.6957,8.4375,0.4023,55.6338,59.1515,12.0000,0.0000,10.0000,1.2774,1.0752,1.2774,1.0752
3754054,2015-12-26,Premier League,2015/2016,18.0000,Manchester City,Sunderland,H,Manuel Pellegrini,Sam Allardyce,4.0000,1.0000,3.0000,65.8610,74.5536,6.6923,17.4484,7.0608,0.2722,20.0000,4.7619,7.8750,0.2389,54.3210,61.0535,17.0000,0.0000,19.0000,2.7238,1.2441,1.9403,1.2441
3754054,2015-12-26,Premier League,2015/2016,18.0000,Sunderland,Manchester City,A,Sam Allardyce,Manuel Pellegrini,1.0000,4.0000,0.0000,34.1390,25.4464,4.1944,22.3227,17.5497,0.4257,0.0000,7.7778,16.8750,0.2217,39.3103,43.2753,7.0000,0.0000,11.0000,1.2441,2.7238,1.2441,1.9403
3754057,2015-12-26,Premier League,2015/2016,18.0000,Tottenham Hotspur,Norwich City,H,Mauricio Pochettino,Alex Neil,3.0000,0.0000,3.0000,57.4924,53.0303,5.2188,21.6881,12.9741,0.2775,37.5000,7.3171,19.1333,0.3357,50.7143,51.3154,12.0000,1.0000,14.0000,2.3045,0.8687,1.5210,0.8687
3754057,2015-12-26,Premier League,2015/2016,18.0000,Norwich City,Tottenham Hotspur,A,Alex Neil,Mauricio Pochettino,0.0000,3.0000,0.0000,42.5076,46.9697,3.8817,20.9847,14.6814,0.3693,20.0000,6.8376,14.8571,0.2518,44.3662,49.6620,6.0000,0.0000,11.0000,0.8687,2.3045,0.8687,1.5210
3754248,2015-12-26,Premier League,2015/2016,18.0000,AFC Bournemouth,Crystal Palace,H,Eddie Howe,Alan Pardew,0.0000,0.0000,1.0000,54.5935,54.2986,5.3103,18.8331,7.5758,0.3414,55.5556,5.6738,10.3214,0.3116,38.8060,50.0750,9.0000,1.0000,10.0000,0.8302,0.5633,0.8302,0.5633
3754248,2015-12-26,Premier League,2015/2016,18.0000,Crystal Palace,AFC Bournemouth,A,Alan Pardew,Eddie Howe,0.0000,0.0000,1.0000,45.4065,45.7014,4.1778,22.5709,18.8830,0.3559,10.0000,6.4000,10.0556,0.3075,36.4780,55.5700,9.0000,0.0000,7.0000,0.5633,0.8302,0.5633,0.8302
3754279,2015-12-26,Premier League,2015/2016,18.0000,Swansea City,West Bromwich Albion,H,Alan Curtis,Tony Pulis,1.0000,0.0000,3.0000,55.2419,44.0191,4.6759,19.2488,10.4950,0.3380,25.0000,3.1746,13.9524,0.3176,41.1348,45.8225,6.0000,0.0000,7.0000,0.9775,0.6192,0.9775,0.6192
3754279,2015-12-26,Premier League,2015/2016,18.0000,West Bromwich Albion,Swansea City,A,Tony Pulis,Alan Curtis,0.0000,1.0000,0.0000,44.7581,55.9809,3.7745,22.7712,20.0000,0.3743,0.0000,10.6061,11.2222,0.2737,40.0000,55.6717,15.0000,0.0000,9.0000,0.6192,0.9775,0.6192,0.9775
3754285,2015-12-26,Premier League,2015/2016,18.0000,Aston Villa,West Ham United,H,Rémi Garde,Slaven Bilić,1.0000,1.0000,1.0000,58.9412,67.4897,4.2500,20.8553,12.2172,0.3100,0.0000,12.2222,10.2917,0.4327,36.4238,53.5721,17.0000,1.0000,15.0000,1.5569,0.6903,0.7734,0.6903
3754285,2015-12-26,Premier League,2015/2016,18.0000,West Ham United,Aston Villa,A,Slaven Bilić,Rémi Garde,1.0000,1.0000,1.0000,41.0588,32.5103,2.8529,20.9429,14.4330,0.4211,20.0000,5.4945,12.8261,0.2874,35.4167,47.7140,8.0000,2.0000,10.0000,0.6903,1.5569,0.6903,0.7734
3754287,2015-12-26,Premier League,2015/2016,18.0000,Chelsea,Watford,H,Guus Hiddink,Quique Sánchez Flores,2.0000,2.0000,1.0000,61.8557,75.6410,5.4600,20.3714,12.4542,0.3077,20.0000,8.7805,10.9231,0.2486,41.3043,55.9417,10.0000,1.0000,17.0000,2.2164,1.6086,1.4329,0.8251
3754287,2015-12-26,Premier League,2015/2016,18.0000,Watford,Chelsea,A,Quique Sánchez Flores,Guus Hiddink,2.0000,2.0000,1.0000,38.1443,24.3590,3.8023,21.1221,14.9847,0.4187,0.0000,10.1266,18.7500,0.2817,36.6864,43.6537,10.0000,0.0000,13.0000,1.6086,2.2164,0.8251,1.4329
3754309,2015-12-26,Premier League,2015/2016,18.0000,Southampton,Arsenal,H,Ronald Koeman,Arsène Wenger,4.0000,0.0000,3.0000,37.3150,32.5991,3.6706,23.6130,17.9487,0.3813,16.6667,7.8431,16.9565,0.3137,46.7742,52.4702,12.0000,3.0000,14.0000,1.9087,0.7920,1.9087,0.7920
3754309,2015-12-26,Premier League,2015/2016,18.0000,Arsenal,Southampton,A,Arsène Wenger,Ronald Koeman,0.0000,4.0000,0.0000,62.6850,67.4009,5.9444,19.0803,8.9720,0.2466,71.4286,7.6023,10.0833,0.2380,33.3333,49.4253,6.0000,0.0000,8.0000,0.7920,1.9087,0.7920,1.9087
3754343,2015-12-26,Premier League,2015/2016,18.0000,Liverpool,Leicester City,H,Jürgen Klopp,Claudio Ranieri,1.0000,0.0000,3.0000,65.6748,60.4082,4.6364,21.4069,13.1907,0.4019,33.3333,7.9365,5.7222,0.4520,49.3151,55.5333,13.0000,3.0000,26.0000,1.7773,0.8015,1.7773,0.8015
3754343,2015-12-26,Premier League,2015/2016,18.0000,Leicester City,Liverpool,A,Claudio Ranieri,Jürgen Klopp,0.0000,1.0000,0.0000,34.3252,39.5918,2.5050,21.9420,18.5771,0.5633,0.0000,8.1301,19.0000,0.2087,39.5349,47.8588,12.0000,0.0000,7.0000,0.8015,1.7773,0.8015,1.7773
3753998,2015-12-28,Premier League,2015/2016,19.0000,West Ham United,Southampton,H,Slaven Bilić,Ronald Koeman,2.0000,1.0000,3.0000,48.8713,28.2158,3.6442,20.1134,13.1926,0.3811,0.0000,9.4737,17.0000,0.3532,27.5000,45.7992,17.0000,1.0000,13.0000,1.4073,1.0942,1.4073,1.0942
3753998,2015-12-28,Premier League,2015/2016,19.0000,Southampton,West Ham United,A,Ronald Koeman,Slaven Bilić,1.0000,2.0000,0.0000,51.1287,71.7842,4.0515,21.5467,14.5038,0.3817,0.0000,8.2474,7.8095,0.3811,47.8788,53.7955,14.0000,3.0000,13.0000,1.0942,1.4073,1.0942,1.4073
3754019,2015-12-28,Premier League,2015/2016,19.0000,Manchester United,Chelsea,H,Louis van Gaal,Guus Hiddink,0.0000,0.0000,1.0000,65.5754,76.5258,7.7160,19.6922,10.2400,0.2242,66.6667,6.2500,7.8788,0.4755,46.6667,59.5966,22.0000,0.0000,13.0000,1.2895,0.8758,1.2895,0.8758
3754019,2015-12-28,Premier League,2015/2016,19.0000,Chelsea,Manchester United,A,Guus Hiddink,Louis van Gaal,0.0000,0.0000,1.0000,34.4246,23.4742,3.3409,20.0898,14.9660,0.3921,33.3333,4.9180,19.3913,0.3116,31.5534,39.7650,9.0000,2.0000,8.0000,0.8758,1.2895,0.8758,1.2895
3754056,2015-12-28,Premier League,2015/2016,19.0000,Everton,Stoke City,H,Roberto Martínez,Mark Hughes,3.0000,4.0000,0.0000,52.0599,66.5072,5.1856,19.5090,10.3380,0.3253,25.0000,8.4337,15.2593,0.2051,48.5714,54.0777,11.0000,3.0000,15.0000,2.2576,1.4640,2.2576,0.6805
3754056,2015-12-28,Premier League,2015/2016,19.0000,Stoke City,Everton,A,Mark Hughes,Roberto Martínez,4.0000,3.0000,3.0000,47.9401,33.4928,5.4138,20.2167,9.9788,0.3318,40.0000,7.8431,12.6207,0.1421,32.9114,48.5556,8.0000,1.0000,8.0000,1.4640,2.2576,0.6805,2.2576
3754130,2015-12-28,Premier League,2015/2016,19.0000,Norwich City,Aston Villa,H,Alex Neil,Rémi Garde,2.0000,0.0000,3.0000,47.5854,45.7831,4.4146,21.0160,14.6409,0.4018,11.1111,5.7143,11.4444,0.2449,42.2018,50.6021,7.0000,0.0000,9.0000,0.5811,0.3166,0.5811,0.3166
3754130,2015-12-28,Premier League,2015/2016,19.0000,Aston Villa,Norwich City,A,Rémi Garde,Alex Neil,0.0000,2.0000,0.0000,52.4146,54.2169,4.4659,21.5063,16.5394,0.3582,0.0000,6.5574,9.3226,0.3243,45.8015,49.1839,6.0000,0.0000,7.0000,0.3166,0.5811,0.3166,0.5811
3754173,2015-12-28,Premier League,2015/2016,19.0000,Arsenal,AFC Bournemouth,H,Arsène Wenger,Eddie Howe,2.0000,0.0000,3.0000,50.9417,57.3123,5.7391,20.2153,10.7955,0.2573,0.0000,10.8974,11.4412,0.2724,51.0067,50.9319,10.0000,0.0000,13.0000,1.7515,0.3468,1.7515,0.3468
3754173,2015-12-28,Premier League,2015/2016,19.0000,AFC Bournemouth,Arsenal,A,Eddie Howe,Arsène Wenger,0.0000,2.0000,0.0000,49.0583,42.6877,6.4051,20.7624,13.2411,0.2495,30.0000,7.6923,10.3784,0.3609,42.4390,54.8076,11.0000,2.0000,10.0000,0.3468,1.7515,0.3468,1.7515
3754195,2015-12-28,Premier League,2015/2016,19.0000,West Bromwich Albion,Newcastle United,H,Tony Pulis,Steve McClaren,1.0000,0.0000,3.0000,51.6129,65.3137,3.3800,22.1130,15.9763,0.2951,0.0000,11.7978,7.8750,0.3787,46.4789,62.6466,23.0000,1.0000,22.0000,2.1952,0.5423,2.1952,0.5423
3754195,2015-12-28,Premier League,2015/2016,19.0000,Newcastle United,West Bromwich Albion,A,Steve McClaren,Tony Pulis,0.0000,1.0000,0.0000,48.3871,34.6863,4.8551,20.0528,13.4328,0.3395,25.0000,10.5769,9.3333,0.3625,24.1379,38.5587,6.0000,2.0000,7.0000,0.5423,2.1952,0.5423,2.1952
3754291,2015-12-28,Premier League,2015/2016,19.0000,Watford,Tottenham Hotspur,H,Quique Sánchez Flores,Mauricio Pochettino,1.0000,2.0000,0.0000,40.0612,40.0000,3.5263,21.3724,17.0149,0.4922,8.3333,9.6491,15.8750,0.2024,41.1765,53.3270,10.0000,0.0000,9.0000,1.1045,0.5327,1.1045,0.5327
3754291,2015-12-28,Premier League,2015/2016,19.0000,Tottenham Hotspur,Watford,A,Mauricio Pochettino,Quique Sánchez Flores,2.0000,1.0000,3.0000,59.9388,60.0000,5.4082,22.5969,16.9811,0.2991,40.0000,8.9385,12.0870,0.3053,47.5000,52.4437,8.0000,1.0000,9.0000,0.5327,1.1045,0.5327,1.1045
3754326,2015-12-28,Premier League,2015/2016,19.0000,Crystal Palace,Swansea City,H,Alan Pardew,Alan Curtis,0.0000,0.0000,1.0000,52.3008,64.4144,4.0198,21.2429,16.7488,0.3416,20.0000,8.3333,10.0968,0.4000,50.0000,55.1962,14.0000,0.0000,10.0000,0.6476,0.1862,0.6476,0.1862
3754326,2015-12-28,Premier League,2015/2016,19.0000,Swansea City,Crystal Palace,A,Alan Curtis,Alan Pardew,0.0000,0.0000,1.0000,47.6992,35.5856,4.1000,21.4745,14.9051,0.3781,0.0000,3.1915,10.7692,0.3605,38.6905,42.4299,4.0000,0.0000,5.0000,0.1862,0.6476,0.1862,0.6476
3754045,2015-12-29,Premier League,2015/2016,19.0000,Leicester City,Manchester City,H,Claudio Ranieri,Manuel Pellegrini,0.0000,0.0000,1.0000,39.4475,32.7935,3.6548,19.4236,15.9609,0.5034,0.0000,8.1081,12.7200,0.3139,36.0465,51.2311,18.0000,0.0000,12.0000,0.8882,1.6956,0.8882,1.6956
3754045,2015-12-29,Premier League,2015/2016,19.0000,Manchester City,Leicester City,A,Manuel Pellegrini,Claudio Ranieri,0.0000,0.0000,1.0000,60.5525,67.2065,4.7843,19.1022,11.4754,0.3215,25.0000,11.9318,7.3030,0.3810,40.4412,54.1881,18.0000,1.0000,20.0000,1.6956,0.8882,1.6956,0.8882
3754226,2015-12-30,Premier League,2015/2016,19.0000,Sunderland,Liverpool,H,Sam Allardyce,Jürgen Klopp,0.0000,1.0000,0.0000,42.7107,43.2161,2.9612,22.7573,18.6885,0.4309,0.0000,3.7736,14.6957,0.2903,39.0411,49.7113,16.0000,0.0000,8.0000,0.5360,1.7906,0.5360,1.7906
3754226,2015-12-30,Premier League,2015/2016,19.0000,Liverpool,Sunderland,A,Jürgen Klopp,Sam Allardyce,1.0000,0.0000,3.0000,57.2893,56.7839,5.1250,21.1957,14.4124,0.4068,14.2857,4.3478,9.4815,0.3467,44.6154,51.5961,7.0000,1.0000,17.0000,1.7906,0.5360,1.7906,0.5360
3754036,2016-01-02,Premier League,2015/2016,20.0000,Sunderland,Aston Villa,H,Sam Allardyce,Rémi Garde,3.0000,1.0000,3.0000,45.9854,47.4747,3.7404,22.8251,17.9949,0.4191,33.3333,9.5238,15.5652,0.2819,42.4658,51.5196,11.0000,1.0000,13.0000,1.1291,0.4154,1.1291,0.4154
3754036,2016-01-02,Premier League,2015/2016,20.0000,Aston Villa,Sunderland,A,Rémi Garde,Sam Allardyce,1.0000,3.0000,0.0000,54.0146,52.5253,4.5192,22.7598,16.8085,0.3474,0.0000,9.5588,12.5769,0.2880,44.8819,47.1495,7.0000,0.0000,8.0000,0.4154,1.1291,0.4154,1.1291
3754058,2016-01-02,Premier League,2015/2016,20.0000,Leicester City,AFC Bournemouth,H,Claudio Ranieri,Eddie Howe,0.0000,0.0000,1.0000,53.5928,71.2919,5.0833,21.5931,15.3689,0.3889,0.0000,10.1523,14.2222,0.3183,50.0000,53.8606,13.0000,0.0000,17.0000,2.8229,0.9365,2.0394,0.9365
3754058,2016-01-02,Premier League,2015/2016,20.0000,AFC Bournemouth,Leicester City,A,Eddie Howe,Claudio Ranieri,0.0000,0.0000,1.0000,46.4072,28.7081,4.3021,22.0761,15.9806,0.3280,15.7895,10.0000,18.3889,0.4004,33.0233,41.0900,4.0000,0.0000,10.0000,0.9365,2.8229,0.9365,2.0394
3754069,2016-01-02,Premier League,2015/2016,20.0000,Arsenal,Newcastle United,H,Arsène Wenger,Steve McClaren,1.0000,0.0000,3.0000,51.4793,61.3953,5.3371,18.7510,10.5263,0.3523,12.5000,8.7838,8.0222,0.3598,42.9379,53.6645,11.0000,1.0000,15.0000,1.8596,1.5360,1.8596,1.5360
3754069,2016-01-02,Premier League,2015/2016,20.0000,Newcastle United,Arsenal,A,Steve McClaren,Arsène Wenger,0.0000,1.0000,0.0000,48.5207,38.6047,5.4146,20.7642,14.1892,0.2744,0.0000,14.8148,12.3929,0.2797,30.8219,46.9964,10.0000,1.0000,15.0000,1.5360,1.8596,1.5360,1.8596
3754101,2016-01-02,Premier League,2015/2016,20.0000,Norwich City,Southampton,H,Alex Neil,Ronald Koeman,1.0000,0.0000,3.0000,42.8723,40.9692,4.7105,21.0798,16.2011,0.4139,0.0000,5.6452,30.9091,0.2533,41.9118,50.4554,12.0000,1.0000,10.0000,1.1693,0.9873,1.1693,0.9873
3754101,2016-01-02,Premier League,2015/2016,20.0000,Southampton,Norwich City,A,Ronald Koeman,Alex Neil,0.0000,1.0000,0.0000,57.1277,59.0308,6.3247,22.4780,18.0698,0.3219,0.0000,5.1136,14.2632,0.3251,38.1679,43.3576,8.0000,0.0000,10.0000,0.9873,1.1693,0.9873,1.1693
3754122,2016-01-02,Premier League,2015/2016,20.0000,West Bromwich Albion,Stoke City,H,Tony Pulis,Mark Hughes,2.0000,1.0000,3.0000,45.8381,54.0984,3.5455,22.2137,15.3846,0.3754,0.0000,8.8435,11.8148,0.3137,51.0067,58.8076,14.0000,0.0000,18.0000,2.5320,0.8410,2.5320,0.8410
3754122,2016-01-02,Premier League,2015/2016,20.0000,Stoke City,West Bromwich Albion,A,Mark Hughes,Tony Pulis,1.0000,2.0000,0.0000,54.1619,45.9016,3.8288,20.6361,12.4706,0.3392,0.0000,10.1562,13.9412,0.3756,31.7881,40.1433,6.0000,0.0000,11.0000,0.8410,2.5320,0.8410,2.5320
3754251,2016-01-02,Premier League,2015/2016,20.0000,West Ham United,Liverpool,H,Slaven Bilić,Jürgen Klopp,2.0000,0.0000,3.0000,35.8621,28.3401,3.0230,20.7044,16.3498,0.5286,7.6923,10.4651,14.3043,0.2885,26.7081,43.2244,9.0000,1.0000,17.0000,2.1620,1.8160,2.1620,1.8160
3754251,2016-01-02,Premier League,2015/2016,20.0000,Liverpool,West Ham United,A,Jürgen Klopp,Slaven Bilić,0.0000,2.0000,0.0000,64.1379,71.6599,4.4336,19.6588,9.9800,0.4252,40.0000,7.9812,6.1667,0.6442,51.2438,59.9624,26.0000,0.0000,23.0000,1.8160,2.1620,1.8160,2.1620
3754319,2016-01-02,Premier League,2015/2016,20.0000,Manchester United,Swansea City,H,Louis van Gaal,Alan Curtis,2.0000,1.0000,3.0000,54.3912,72.5490,5.5333,19.5230,11.4458,0.2608,12.5000,7.1795,11.1250,0.3742,53.2164,52.6585,12.0000,0.0000,19.0000,1.5110,0.6222,1.5110,0.6222
3754319,2016-01-02,Premier League,2015/2016,20.0000,Swansea City,Manchester United,A,Alan Curtis,Louis van Gaal,1.0000,2.0000,0.0000,45.6088,27.4510,4.7907,21.0783,12.6214,0.3412,40.0000,4.3478,13.7826,0.4165,39.2070,45.5394,9.0000,0.0000,9.0000,0.6222,1.5110,0.6222,1.5110
3754346,2016-01-02,Premier League,2015/2016,20.0000,Watford,Manchester City,H,Quique Sánchez Flores,Manuel Pellegrini,1.0000,2.0000,0.0000,48.6631,46.9231,3.9694,20.7466,14.1388,0.4342,0.0000,3.9474,11.3846,0.2417,43.9655,54.0722,18.0000,0.0000,11.0000,1.0814,0.9432,1.0814,0.9432
3754346,2016-01-02,Premier League,2015/2016,20.0000,Manchester City,Watford,A,Manuel Pellegrini,Quique Sánchez Flores,2.0000,1.0000,3.0000,51.3369,53.0769,5.2439,20.9482,12.0930,0.3626,0.0000,8.3333,11.4800,0.2769,34.1270,44.9686,10.0000,1.0000,16.0000,0.9432,1.0814,0.9432,1.0814
3754114,2016-01-03,Premier League,2015/2016,20.0000,Crystal Palace,Chelsea,H,Alan Pardew,Guus Hiddink,0.0000,3.0000,0.0000,39.3171,36.2445,3.5051,22.8412,17.2911,0.4252,42.8571,12.2642,10.4000,0.2974,45.9459,51.9349,11.0000,1.0000,8.0000,0.9196,1.8764,0.9196,1.8764
3754114,2016-01-03,Premier League,2015/2016,20.0000,Chelsea,Crystal Palace,A,Guus Hiddink,Alan Pardew,3.0000,0.0000,3.0000,60.6829,63.7555,5.6634,18.6563,9.9650,0.2667,0.0000,5.0955,8.9394,0.4665,43.6170,46.7478,7.0000,0.0000,10.0000,1.8764,0.9196,1.8764,0.9196
3754140,2016-01-03,Premier League,2015/2016,20.0000,Everton,Tottenham Hotspur,H,Roberto Martínez,Mauricio Pochettino,1.0000,1.0000,1.0000,41.3729,35.7143,3.8190,22.4106,16.9576,0.3566,27.2727,9.6491,25.8750,0.2120,24.6269,42.1967,14.0000,3.0000,12.0000,0.7238,0.8274,0.7238,0.8274
3754140,2016-01-03,Premier League,2015/2016,20.0000,Tottenham Hotspur,Everton,A,Mauricio Pochettino,Roberto Martínez,1.0000,1.0000,1.0000,58.6271,64.2857,6.5222,21.3001,13.2879,0.2415,50.0000,6.3107,10.3548,0.2377,58.4906,58.2473,17.0000,0.0000,19.0000,0.8274,0.7238,0.8274,0.7238
3753981,2016-01-12,Premier League,2015/2016,21.0000,Aston Villa,Crystal Palace,H,Rémi Garde,Alan Pardew,1.0000,0.0000,3.0000,52.5128,66.8142,4.6429,20.1221,12.3077,0.3055,0.0000,8.6667,13.8800,0.4168,38.8601,51.8377,11.0000,0.0000,13.0000,0.6971,0.4005,0.6971,0.4005
3753981,2016-01-12,Premier League,2015/2016,21.0000,Crystal Palace,Aston Villa,A,Alan Pardew,Rémi Garde,0.0000,1.0000,0.0000,47.4872,33.1858,3.7850,21.9634,17.7778,0.3618,20.0000,4.6729,18.9412,0.3945,40.5941,51.7793,8.0000,0.0000,9.0000,0.4005,0.6971,0.4005,0.6971
3754021,2016-01-12,Premier League,2015/2016,21.0000,AFC Bournemouth,West Ham United,H,Eddie Howe,Slaven Bilić,1.0000,3.0000,0.0000,50.2697,49.7653,4.4194,20.3559,11.6788,0.3320,28.5714,3.8462,9.6364,0.5597,43.7984,47.9050,14.0000,0.0000,11.0000,0.4241,0.7601,0.4241,0.7601
3754021,2016-01-12,Premier League,2015/2016,21.0000,West Ham United,AFC Bournemouth,A,Slaven Bilić,Eddie Howe,3.0000,1.0000,3.0000,49.7303,50.2347,4.2737,19.8933,14.5320,0.3427,0.0000,5.6911,7.9744,0.3841,40.2235,46.7307,12.0000,1.0000,9.0000,0.7601,0.4241,0.7601,0.4241
3754088,2016-01-12,Premier League,2015/2016,21.0000,Newcastle United,Manchester United,H,Steve McClaren,Louis van Gaal,3.0000,3.0000,1.0000,53.6873,44.4030,5.3913,19.6158,10.8871,0.2924,71.4286,7.5188,10.2963,0.3439,34.5679,49.2128,17.0000,0.0000,14.0000,2.1131,1.8574,1.3296,1.0739
3754088,2016-01-12,Premier League,2015/2016,21.0000,Manchester United,Newcastle United,A,Louis van Gaal,Steve McClaren,3.0000,3.0000,1.0000,46.3127,55.5970,3.8532,18.5395,10.4762,0.2909,0.0000,4.8780,11.6364,0.3608,38.5787,48.2972,10.0000,1.0000,12.0000,1.8574,2.1131,1.0739,1.3296
3754032,2016-01-13,Premier League,2015/2016,21.0000,Stoke City,Norwich City,H,Mark Hughes,Alex Neil,3.0000,1.0000,3.0000,62.2201,55.2743,7.8125,20.5164,10.7200,0.2179,25.0000,9.8837,8.5333,0.3901,50.0000,52.0600,14.0000,0.0000,17.0000,1.5029,0.3276,1.5029,0.3276
3754032,2016-01-13,Premier League,2015/2016,21.0000,Norwich City,Stoke City,A,Alex Neil,Mark Hughes,1.0000,3.0000,0.0000,37.7799,44.7257,4.3012,18.7925,9.8039,0.3384,11.1111,8.0000,35.4615,0.2654,39.5480,47.7817,10.0000,0.0000,5.0000,0.3276,1.5029,0.3276,1.5029
3754062,2016-01-13,Premier League,2015/2016,21.0000,Chelsea,West Bromwich Albion,H,Guus Hiddink,Tony Pulis,2.0000,2.0000,1.0000,59.8477,50.2165,5.7045,19.0109,9.3625,0.3307,22.2222,6.4748,9.3913,0.4526,35.3293,50.0624,7.0000,1.0000,14.0000,1.4257,0.9022,1.4257,0.9022
3754062,2016-01-13,Premier League,2015/2016,21.0000,West Bromwich Albion,Chelsea,A,Tony Pulis,Guus Hiddink,2.0000,2.0000,1.0000,40.1523,49.7835,3.4835,22.4215,16.0883,0.4593,10.0000,13.3803,15.4000,0.3345,41.8478,52.8058,15.0000,0.0000,14.0000,0.9022,1.4257,0.9022,1.4257
3754065,2016-01-13,Premier League,2015/2016,21.0000,Tottenham Hotspur,Leicester City,H,Mauricio Pochettino,Claudio Ranieri,0.0000,1.0000,0.0000,63.3526,67.8571,4.2389,22.1734,16.9102,0.3706,16.6667,8.8542,9.8182,0.4543,49.3056,57.9667,22.0000,0.0000,21.0000,1.4610,1.0786,1.4610,1.0786
3754065,2016-01-13,Premier League,2015/2016,21.0000,Leicester City,Tottenham Hotspur,A,Claudio Ranieri,Mauricio Pochettino,1.0000,0.0000,3.0000,36.6474,32.1429,2.7604,22.5679,16.9811,0.4857,0.0000,5.8824,14.1667,0.3285,29.4444,51.1088,18.0000,0.0000,10.0000,1.0786,1.4610,1.0786,1.4610
3754071,2016-01-13,Premier League,2015/2016,21.0000,Swansea City,Sunderland,H,Alan Curtis,Sam Allardyce,2.0000,4.0000,0.0000,50.6806,48.8479,5.3086,21.6490,14.4186,0.3072,28.5714,5.6000,17.6111,0.3270,43.5065,43.2896,8.0000,1.0000,11.0000,1.2940,2.1824,0.5105,2.1824
3754071,2016-01-13,Premier League,2015/2016,21.0000,Sunderland,Swansea City,A,Sam Allardyce,Alan Curtis,4.0000,2.0000,3.0000,49.3194,51.1521,6.2464,22.9960,19.2575,0.3076,28.5714,9.6296,13.3462,0.3967,45.8333,44.4480,7.0000,1.0000,7.0000,2.1824,1.2940,2.1824,0.5105
3754142,2016-01-13,Premier League,2015/2016,21.0000,Manchester City,Everton,H,Manuel Pellegrini,Roberto Martínez,0.0000,0.0000,1.0000,54.8681,77.6882,7.5541,17.3567,6.7979,0.2374,0.0000,7.0000,15.7826,0.2621,40.7692,58.5707,27.0000,1.0000,22.0000,1.3650,0.3437,1.3650,0.3437
3754142,2016-01-13,Premier League,2015/2016,21.0000,Everton,Manchester City,A,Roberto Martínez,Manuel Pellegrini,0.0000,0.0000,1.0000,45.1319,22.3118,6.7794,19.5641,9.9783,0.2562,64.2857,8.9109,18.0000,0.4312,19.6154,39.1279,7.0000,0.0000,7.0000,0.3437,1.3650,0.3437,1.3650
3754183,2016-01-13,Premier League,2015/2016,21.0000,Southampton,Watford,H,Ronald Koeman,Quique Sánchez Flores,2.0000,0.0000,3.0000,50.1969,70.9360,4.9167,22.3406,18.6441,0.3573,0.0000,9.0426,10.3500,0.2945,62.4161,57.6770,17.0000,2.0000,15.0000,1.7850,0.1045,1.7850,0.1045
3754183,2016-01-13,Premier League,2015/2016,21.0000,Watford,Southampton,A,Quique Sánchez Flores,Ronald Koeman,0.0000,2.0000,0.0000,49.8031,29.0640,4.5700,19.3056,13.5667,0.3548,8.3333,8.5106,14.8095,0.3980,39.4089,43.0033,3.0000,1.0000,4.0000,0.1045,1.7850,0.1045,1.7850
3754305,2016-01-13,Premier League,2015/2016,21.0000,Liverpool,Arsenal,H,Jürgen Klopp,Arsène Wenger,3.0000,3.0000,1.0000,59.5833,66.5254,5.1616,20.9196,12.7202,0.3535,16.6667,7.5758,10.0714,0.4253,45.4545,56.1134,21.0000,0.0000,23.0000,1.1899,1.7673,1.1899,1.7673
3754305,2016-01-13,Premier League,2015/2016,21.0000,Arsenal,Liverpool,A,Arsène Wenger,Jürgen Klopp,3.0000,3.0000,1.0000,40.4167,33.4746,3.8989,21.4615,15.2738,0.4534,0.0000,0.0000,13.2143,0.2972,45.2941,48.2122,7.0000,0.0000,14.0000,1.7673,1.1899,1.7673,1.1899
3754004,2016-01-16,Premier League,2015/2016,22.0000,AFC Bournemouth,Norwich City,H,Eddie Howe,Alex Neil,3.0000,0.0000,3.0000,46.2921,38.2114,3.5446,20.5509,12.8492,0.4057,20.0000,7.6923,11.6800,0.3473,34.3373,47.2723,11.0000,0.0000,15.0000,2.2615,0.4287,1.4780,0.4287
3754004,2016-01-16,Premier League,2015/2016,22.0000,Norwich City,AFC Bournemouth,A,Alex Neil,Eddie Howe,0.0000,3.0000,0.0000,53.7079,61.7886,4.7363,20.8659,13.2251,0.3403,14.2857,7.5581,10.1429,0.4029,46.3855,51.5000,16.0000,2.0000,10.0000,0.4287,2.2615,0.4287,1.4780
3754027,2016-01-16,Premier League,2015/2016,22.0000,Tottenham Hotspur,Sunderland,H,Mauricio Pochettino,Sam Allardyce,4.0000,1.0000,3.0000,65.4492,75.2727,6.0700,20.5093,11.0379,0.3042,100.0000,7.5314,11.4348,0.3629,51.1811,50.2991,21.0000,1.0000,26.0000,2.7281,0.5229,1.9446,0.5229
3754027,2016-01-16,Premier League,2015/2016,22.0000,Sunderland,Tottenham Hotspur,A,Sam Allardyce,Mauricio Pochettino,1.0000,4.0000,0.0000,34.5508,24.7273,3.2609,25.3231,26.3333,0.4503,0.0000,5.6180,15.5200,0.2308,24.1830,44.3758,8.0000,1.0000,5.0000,0.5229,2.7281,0.5229,1.9446
3754125,2016-01-16,Premier League,2015/2016,22.0000,Chelsea,Everton,H,Guus Hiddink,Roberto Martínez,3.0000,3.0000,1.0000,54.8932,67.6991,7.0482,19.1189,11.1111,0.2835,50.0000,8.9109,9.5476,0.3787,53.1250,60.6483,19.0000,1.0000,14.0000,2.1686,1.3463,2.1686,1.3463
3754125,2016-01-16,Premier League,2015/2016,22.0000,Everton,Chelsea,A,Roberto Martínez,Guus Hiddink,3.0000,3.0000,1.0000,45.1068,32.3009,5.2247,20.4212,12.9032,0.3073,50.0000,6.4516,17.0870,0.2204,31.6176,42.9832,8.0000,2.0000,9.0000,1.3463,2.1686,1.3463,2.1686
3754168,2016-01-16,Premier League,2015/2016,22.0000,Southampton,West Bromwich Albion,H,Ronald Koeman,Tony Pulis,3.0000,0.0000,3.0000,56.3305,54.6667,6.1538,20.3003,11.4583,0.3008,33.3333,9.3333,14.3889,0.3563,38.6207,53.0446,7.0000,1.0000,9.0000,1.2991,0.4693,0.5156,0.4693
3754168,2016-01-16,Premier League,2015/2016,22.0000,West Bromwich Albion,Southampton,A,Tony Pulis,Ronald Koeman,0.0000,3.0000,0.0000,43.6695,45.3333,4.4875,22.1850,16.7131,0.3553,0.0000,12.0968,14.8261,0.3086,37.0370,48.4796,10.0000,0.0000,10.0000,0.4693,1.2991,0.4693,0.5156
3754250,2016-01-16,Premier League,2015/2016,22.0000,Aston Villa,Leicester City,H,Rémi Garde,Claudio Ranieri,1.0000,1.0000,1.0000,55.2041,67.6471,4.8571,21.0680,14.9160,0.3062,0.0000,10.4938,21.2500,0.3599,47.4684,49.6523,19.0000,0.0000,14.0000,1.0482,2.2303,1.0482,1.4468
3754250,2016-01-16,Premier League,2015/2016,22.0000,Leicester City,Aston Villa,A,Claudio Ranieri,Rémi Garde,1.0000,1.0000,1.0000,44.7959,32.3529,4.1158,21.6859,16.8798,0.4798,14.2857,5.2632,17.8421,0.3327,33.8889,44.5539,5.0000,0.0000,12.0000,2.2303,1.0482,1.4468,1.0482
3754260,2016-01-16,Premier League,2015/2016,22.0000,Manchester City,Crystal Palace,H,Manuel Pellegrini,Alan Pardew,4.0000,0.0000,3.0000,52.4440,56.7100,6.6111,17.7839,6.7227,0.2530,0.0000,5.6738,7.1364,0.5246,42.8571,52.8258,13.0000,1.0000,17.0000,1.8720,0.9377,1.8720,0.9377
3754260,2016-01-16,Premier League,2015/2016,22.0000,Crystal Palace,Manchester City,A,Alan Pardew,Manuel Pellegrini,0.0000,4.0000,0.0000,47.5560,43.2900,4.9398,18.3919,9.7561,0.3273,0.0000,10.0840,11.7143,0.2505,32.5581,49.4280,5.0000,0.0000,9.0000,0.9377,1.8720,0.9377,1.8720
3754338,2016-01-16,Premier League,2015/2016,22.0000,Newcastle United,West Ham United,H,Steve McClaren,Slaven Bilić,2.0000,1.0000,3.0000,50.5629,48.8152,4.6875,20.4851,14.6667,0.2989,0.0000,7.4074,10.2727,0.3540,42.1053,52.0351,14.0000,2.0000,23.0000,2.3818,1.5747,2.3818,1.5747
3754338,2016-01-16,Premier League,2015/2016,22.0000,West Ham United,Newcastle United,A,Slaven Bilić,Steve McClaren,1.0000,2.0000,0.0000,49.4371,51.1848,4.0472,20.2837,14.2191,0.3431,41.6667,8.9552,10.4706,0.2814,45.3237,50.3434,12.0000,0.0000,10.0000,1.5747,2.3818,1.5747,2.3818
3754202,2016-01-17,Premier League,2015/2016,22.0000,Stoke City,Arsenal,H,Mark Hughes,Arsène Wenger,0.0000,0.0000,1.0000,45.9296,42.7907,4.3548,23.6519,17.5309,0.3725,25.0000,7.5758,12.4000,0.3513,45.5026,50.2094,16.0000,1.0000,14.0000,0.9237,0.4922,0.9237,0.4922
3754202,2016-01-17,Premier League,2015/2016,22.0000,Arsenal,Stoke City,A,Arsène Wenger,Mark Hughes,0.0000,0.0000,1.0000,54.0704,57.2093,4.8878,19.2813,11.2735,0.3206,0.0000,3.4014,10.1935,0.2670,38.5246,54.7632,10.0000,0.0000,8.0000,0.4922,0.9237,0.4922,0.9237
3754345,2016-01-17,Premier League,2015/2016,22.0000,Liverpool,Manchester United,H,Jürgen Klopp,Louis van Gaal,0.0000,1.0000,0.0000,52.0603,55.0459,4.7449,19.9109,11.6129,0.4317,42.8571,7.5000,12.8519,0.3103,43.9189,51.2712,17.0000,0.0000,20.0000,1.4190,0.5090,1.4190,0.5090
3754345,2016-01-17,Premier League,2015/2016,22.0000,Manchester United,Liverpool,A,Louis van Gaal,Jürgen Klopp,1.0000,0.0000,3.0000,47.9397,44.9541,4.5217,23.3499,17.0673,0.3757,36.8421,5.4264,11.5161,0.4112,27.6995,48.5466,12.0000,1.0000,7.0000,0.5090,1.4190,0.5090,1.4190
3754161,2016-01-18,Premier League,2015/2016,22.0000,Swansea City,Watford,H,Alan Curtis,Quique Sánchez Flores,1.0000,0.0000,3.0000,58.5641,60.6742,5.5914,19.0315,10.9615,0.3012,0.0000,9.6045,13.6842,0.4950,40.5000,55.0480,16.0000,0.0000,10.0000,0.4899,0.5882,0.4899,0.5882
3754161,2016-01-18,Premier League,2015/2016,22.0000,Watford,Swansea City,A,Quique Sánchez Flores,Alan Curtis,0.0000,1.0000,0.0000,41.4359,39.3258,3.8132,18.9083,13.2565,0.3920,0.0000,6.8702,10.8485,0.2942,33.9286,49.6640,15.0000,1.0000,12.0000,0.5882,0.4899,0.5882,0.4899
3753975,2016-01-23,Premier League,2015/2016,23.0000,Sunderland,AFC Bournemouth,H,Sam Allardyce,Eddie Howe,1.0000,1.0000,1.0000,42.5173,43.3735,4.2841,23.0043,16.7109,0.3784,0.0000,7.8014,13.1034,0.3259,34.3915,50.2952,18.0000,0.0000,10.0000,0.4900,1.1830,0.4900,1.1830
3753975,2016-01-23,Premier League,2015/2016,23.0000,AFC Bournemouth,Sunderland,A,Eddie Howe,Sam Allardyce,1.0000,1.0000,1.0000,57.4827,56.6265,6.0682,20.1241,11.2360,0.3184,20.0000,5.7803,12.3913,0.4825,44.4444,44.9228,11.0000,0.0000,15.0000,1.1830,0.4900,1.1830,0.4900
3754084,2016-01-23,Premier League,2015/2016,23.0000,West Bromwich Albion,Aston Villa,H,Tony Pulis,Rémi Garde,0.0000,0.0000,1.0000,41.0628,38.0392,3.4118,23.0547,20.3448,0.4496,0.0000,11.3043,11.8636,0.3852,35.6383,49.6926,12.0000,0.0000,5.0000,0.4687,0.6329,0.4687,0.6329
3754084,2016-01-23,Premier League,2015/2016,23.0000,Aston Villa,West Bromwich Albion,A,Rémi Garde,Tony Pulis,0.0000,0.0000,1.0000,58.9372,61.9608,5.4815,20.3994,15.7658,0.3220,0.0000,6.7416,7.2667,0.3353,37.7193,50.0688,11.0000,1.0000,16.0000,0.6329,0.4687,0.6329,0.4687
3754110,2016-01-23,Premier League,2015/2016,23.0000,West Ham United,Manchester City,H,Slaven Bilić,Manuel Pellegrini,2.0000,2.0000,1.0000,46.8177,45.6432,3.9794,21.9035,18.6528,0.4251,25.0000,7.2464,11.5926,0.2373,35.8974,45.7975,9.0000,0.0000,10.0000,0.9144,1.8199,0.9144,1.0364
3754110,2016-01-23,Premier League,2015/2016,23.0000,Manchester City,West Ham United,A,Manuel Pellegrini,Slaven Bilić,2.0000,2.0000,1.0000,53.1823,54.3568,5.1860,19.4120,8.7444,0.3520,22.2222,8.4848,8.4286,0.2765,45.0000,53.7412,17.0000,0.0000,16.0000,1.8199,0.9144,1.0364,0.9144
3754179,2016-01-23,Premier League,2015/2016,23.0000,Crystal Palace,Tottenham Hotspur,H,Alan Pardew,Mauricio Pochettino,1.0000,3.0000,0.0000,35.8836,32.5203,2.7549,23.0792,19.2171,0.5270,0.0000,12.3894,14.0000,0.3429,35.7843,50.0739,17.0000,0.0000,11.0000,0.9217,1.4633,0.9217,1.4633
3754179,2016-01-23,Premier League,2015/2016,23.0000,Tottenham Hotspur,Crystal Palace,A,Mauricio Pochettino,Alan Pardew,3.0000,1.0000,3.0000,64.1164,67.4797,5.6250,20.5619,11.8519,0.3109,40.0000,5.6701,8.7600,0.4294,46.8531,51.9577,10.0000,1.0000,24.0000,1.4633,0.9217,1.4633,0.9217
3754200,2016-01-23,Premier League,2015/2016,23.0000,Manchester United,Southampton,H,Louis van Gaal,Ronald Koeman,0.0000,1.0000,0.0000,54.8035,56.6372,4.1019,21.0486,16.2528,0.3823,22.2222,4.1958,10.2500,0.3720,36.3636,48.8508,9.0000,0.0000,8.0000,0.1837,0.5732,0.1837,0.5732
3754200,2016-01-23,Premier League,2015/2016,23.0000,Southampton,Manchester United,A,Ronald Koeman,Louis van Gaal,1.0000,0.0000,3.0000,45.1965,43.3628,3.7083,23.8936,19.9438,0.4281,18.1818,7.1429,11.1000,0.3665,46.7391,51.5198,17.0000,0.0000,7.0000,0.5732,0.1837,0.5732,0.1837
3754271,2016-01-23,Premier League,2015/2016,23.0000,Watford,Newcastle United,H,Quique Sánchez Flores,Steve McClaren,2.0000,1.0000,3.0000,52.3462,57.8947,4.2286,19.3316,12.1622,0.3631,6.6667,7.0922,6.6863,0.3414,53.2051,58.9029,18.0000,0.0000,13.0000,2.1225,0.8755,2.1225,0.8755
3754271,2016-01-23,Premier League,2015/2016,23.0000,Newcastle United,Watford,A,Steve McClaren,Quique Sánchez Flores,1.0000,2.0000,0.0000,47.6538,42.1053,4.2842,22.1342,17.4447,0.4098,10.0000,13.1579,9.2895,0.3805,42.9319,45.1048,11.0000,1.0000,12.0000,0.8755,2.1225,0.8755,2.1225
3754341,2016-01-23,Premier League,2015/2016,23.0000,Leicester City,Stoke City,H,Claudio Ranieri,Mark Hughes,3.0000,0.0000,3.0000,45.5457,54.5455,3.0877,22.7130,18.4659,0.5101,0.0000,11.5385,10.7059,0.3231,52.5316,52.1953,14.0000,1.0000,14.0000,1.8746,0.1519,1.8746,0.1519
3754341,2016-01-23,Premier League,2015/2016,23.0000,Stoke City,Leicester City,A,Mark Hughes,Claudio Ranieri,0.0000,3.0000,0.0000,54.4543,45.4545,4.1143,24.2284,21.0648,0.3664,18.1818,11.0236,9.1034,0.3692,43.7086,42.3333,5.0000,0.0000,3.0000,0.1519,1.8746,0.1519,1.8746
3754348,2016-01-23,Premier League,2015/2016,23.0000,Norwich City,Liverpool,H,Alex Neil,Jürgen Klopp,4.0000,5.0000,0.0000,48.6022,52.3364,3.8137,21.1660,14.9100,0.4177,20.0000,8.2759,10.7419,0.3159,42.3841,51.5814,13.0000,0.0000,7.0000,1.2294,1.6221,0.4459,1.6221
3754348,2016-01-23,Premier League,2015/2016,23.0000,Liverpool,Norwich City,A,Jürgen Klopp,Alex Neil,5.0000,4.0000,3.0000,51.3978,47.6636,4.7033,20.4891,11.4486,0.3748,25.0000,7.1942,9.3548,0.4027,43.4066,50.4000,11.0000,0.0000,14.0000,1.6221,1.2294,1.6221,0.4459
3754111,2016-01-24,Premier League,2015/2016,23.0000,Arsenal,Chelsea,H,Arsène Wenger,Guus Hiddink,0.0000,1.0000,0.0000,45.5365,53.7037,4.4216,18.7137,7.7605,0.3308,0.0000,4.2683,18.2609,0.2483,44.0000,46.8930,8.0000,0.0000,10.0000,1.1486,1.1831,1.1486,1.1831
3754111,2016-01-24,Premier League,2015/2016,23.0000,Chelsea,Arsenal,A,Guus Hiddink,Arsène Wenger,1.0000,0.0000,3.0000,54.4635,46.2963,6.6747,19.9625,12.4549,0.2681,14.2857,6.8966,10.0645,0.2693,28.6765,48.5642,9.0000,0.0000,12.0000,1.1831,1.1486,1.1831,1.1486
3754163,2016-01-24,Premier League,2015/2016,23.0000,Everton,Swansea City,H,Roberto Martínez,Francesco Guidolin,1.0000,2.0000,0.0000,59.1764,72.4684,5.0331,21.1924,13.1363,0.2885,33.3333,10.6299,10.9355,0.4145,50.2646,50.4424,20.0000,0.0000,19.0000,1.5549,1.2572,1.5549,0.4737
3754163,2016-01-24,Premier League,2015/2016,23.0000,Swansea City,Everton,A,Francesco Guidolin,Roberto Martínez,2.0000,1.0000,3.0000,40.8236,27.5316,5.8333,21.4925,14.0476,0.3188,7.1429,2.6087,12.0312,0.1785,53.3898,44.8536,4.0000,0.0000,7.0000,1.2572,1.5549,0.4737,1.5549
3753997,2016-02-02,Premier League,2015/2016,24.0000,West Ham United,Aston Villa,H,Slaven Bilić,Rémi Garde,2.0000,0.0000,3.0000,66.8288,72.4696,6.6327,20.0531,9.6923,0.2294,80.0000,6.7568,7.6774,0.3636,47.5806,61.4684,13.0000,1.0000,26.0000,2.6677,0.1588,2.6677,0.1588
3753997,2016-02-02,Premier League,2015/2016,24.0000,Aston Villa,West Ham United,A,Rémi Garde,Slaven Bilić,0.0000,2.0000,0.0000,33.1712,27.5304,3.1910,19.5869,14.4366,0.4045,0.0000,8.3333,16.7500,0.2300,25.9494,44.6253,8.0000,1.0000,5.0000,0.1588,2.6677,0.1588,2.6677
3754089,2016-02-02,Premier League,2015/2016,24.0000,Crystal Palace,AFC Bournemouth,H,Alan Pardew,Eddie Howe,1.0000,2.0000,0.0000,51.4188,54.8246,3.9798,22.4929,17.7665,0.4049,0.0000,12.2699,9.2903,0.3692,53.1646,57.3606,22.0000,0.0000,14.0000,1.5427,0.7517,1.5427,0.7517
3754089,2016-02-02,Premier League,2015/2016,24.0000,AFC Bournemouth,Crystal Palace,A,Eddie Howe,Alan Pardew,2.0000,1.0000,3.0000,48.5812,45.1754,3.9789,21.1418,16.4021,0.4071,10.0000,2.4590,12.5217,0.3422,34.8387,40.8404,4.0000,0.0000,8.0000,0.7517,1.5427,0.7517,1.5427
3754094,2016-02-02,Premier League,2015/2016,24.0000,Manchester United,Stoke City,H,Louis van Gaal,Mark Hughes,3.0000,0.0000,3.0000,47.5410,56.3380,5.4878,19.4316,11.7778,0.3138,0.0000,6.5934,13.3571,0.3143,37.4269,46.1561,4.0000,0.0000,15.0000,2.4605,0.6166,2.4605,0.6166
3754094,2016-02-02,Premier League,2015/2016,24.0000,Stoke City,Manchester United,A,Mark Hughes,Louis van Gaal,0.0000,3.0000,0.0000,52.4590,43.6620,5.0102,20.5727,12.0163,0.3049,42.8571,5.6604,15.0526,0.3103,42.4837,50.5710,12.0000,0.0000,10.0000,0.6166,2.4605,0.6166,2.4605
3754095,2016-02-02,Premier League,2015/2016,24.0000,Sunderland,Manchester City,H,Sam Allardyce,Manuel Pellegrini,0.0000,1.0000,0.0000,51.2632,55.4217,4.1863,21.9061,16.6276,0.4463,12.5000,5.1724,8.6944,0.4492,44.7115,53.6196,19.0000,0.0000,12.0000,1.1857,0.5827,1.1857,0.5827
3754095,2016-02-02,Premier League,2015/2016,24.0000,Manchester City,Sunderland,A,Manuel Pellegrini,Sam Allardyce,1.0000,0.0000,3.0000,48.7368,44.5783,5.3462,19.0697,9.5923,0.4177,0.0000,4.5802,9.3750,0.2895,34.7518,47.7667,9.0000,0.0000,7.0000,0.5827,1.1857,0.5827,1.1857
3754201,2016-02-02,Premier League,2015/2016,24.0000,Arsenal,Southampton,H,Arsène Wenger,Ronald Koeman,0.0000,0.0000,1.0000,62.8510,61.7100,3.8955,18.5642,8.8123,0.3074,0.0000,11.6279,6.0000,0.4506,37.4194,52.6159,16.0000,0.0000,23.0000,2.4340,0.9885,2.4340,0.9885
3754201,2016-02-02,Premier League,2015/2016,24.0000,Southampton,Arsenal,A,Ronald Koeman,Arsène Wenger,0.0000,0.0000,1.0000,37.1490,38.2900,2.8911,22.1927,18.8356,0.4909,0.0000,7.5758,9.5405,0.3952,26.5217,49.3977,13.0000,0.0000,14.0000,0.9885,2.4340,0.9885,2.4340
3754275,2016-02-02,Premier League,2015/2016,24.0000,Leicester City,Liverpool,H,Claudio Ranieri,Jürgen Klopp,2.0000,0.0000,3.0000,36.4381,36.0465,3.6824,22.9183,19.4888,0.4849,0.0000,5.5118,15.1923,0.3253,41.0891,46.8991,16.0000,0.0000,13.0000,1.2082,0.4552,1.2082,0.4552
3754275,2016-02-02,Premier League,2015/2016,24.0000,Liverpool,Leicester City,A,Jürgen Klopp,Claudio Ranieri,0.0000,2.0000,0.0000,63.5619,63.9535,5.4466,20.5888,12.4777,0.3564,66.6667,8.8083,8.1034,0.4101,47.2603,49.1509,14.0000,2.0000,14.0000,0.4552,1.2082,0.4552,1.2082
3754317,2016-02-02,Premier League,2015/2016,24.0000,Norwich City,Tottenham Hotspur,H,Alex Neil,Mauricio Pochettino,0.0000,3.0000,0.0000,47.5281,53.4314,3.7604,21.1674,17.7285,0.3736,18.1818,8.3333,14.3333,0.3640,44.1176,52.1020,14.0000,0.0000,11.0000,1.1751,2.5178,1.1751,1.7343
3754317,2016-02-02,Premier League,2015/2016,24.0000,Tottenham Hotspur,Norwich City,A,Mauricio Pochettino,Alex Neil,3.0000,0.0000,3.0000,52.4719,46.5686,4.3789,20.7292,13.4615,0.2835,0.0000,9.3458,8.6129,0.5201,45.0000,53.2357,11.0000,0.0000,17.0000,2.5178,1.1751,1.7343,1.1751
3754340,2016-02-02,Premier League,2015/2016,24.0000,West Bromwich Albion,Swansea City,H,Tony Pulis,Francesco Guidolin,1.0000,1.0000,1.0000,46.9345,58.1315,3.9100,21.2089,16.3683,0.3895,0.0000,10.4167,12.6538,0.3267,51.2195,54.6872,16.0000,0.0000,18.0000,2.1920,1.4964,2.1920,1.4964
3754340,2016-02-02,Premier League,2015/2016,24.0000,Swansea City,West Bromwich Albion,A,Francesco Guidolin,Tony Pulis,1.0000,1.0000,1.0000,53.0655,41.8685,4.9890,19.2770,11.6740,0.3062,8.3333,4.5455,9.8400,0.2995,36.8421,46.4912,10.0000,1.0000,18.0000,1.4964,2.1920,1.4964,2.1920
3754103,2016-02-03,Premier League,2015/2016,24.0000,Watford,Chelsea,H,Quique Sánchez Flores,Guus Hiddink,0.0000,0.0000,1.0000,45.8942,42.9167,4.6186,19.9136,12.9464,0.3465,0.0000,5.9322,12.2353,0.3052,37.5691,50.0246,11.0000,0.0000,13.0000,0.9010,0.9394,0.9010,0.9394
3754103,2016-02-03,Premier League,2015/2016,24.0000,Chelsea,Watford,A,Guus Hiddink,Quique Sánchez Flores,0.0000,0.0000,1.0000,54.1058,57.0833,6.5412,20.8118,12.9496,0.3161,25.0000,10.3030,11.1875,0.3419,43.0233,44.8640,12.0000,2.0000,13.0000,0.9394,0.9010,0.9394,0.9010
3754252,2016-02-03,Premier League,2015/2016,24.0000,Everton,Newcastle United,H,Roberto Martínez,Steve McClaren,3.0000,0.0000,3.0000,56.0345,59.2275,4.7374,21.5666,13.2196,0.3087,50.0000,3.5294,8.8750,0.3775,48.0519,56.7010,15.0000,1.0000,20.0000,3.1071,0.6221,1.5401,0.6221
3754252,2016-02-03,Premier League,2015/2016,24.0000,Newcastle United,Everton,A,Steve McClaren,Roberto Martínez,0.0000,3.0000,0.0000,43.9655,40.7725,3.8901,20.9482,12.7119,0.3570,23.0769,8.0357,15.6667,0.3423,28.6517,42.4607,10.0000,0.0000,7.0000,0.6221,3.1071,0.6221,1.5401
3754080,2016-02-06,Premier League,2015/2016,25.0000,Tottenham Hotspur,Watford,H,Mauricio Pochettino,Quique Sánchez Flores,1.0000,0.0000,3.0000,63.5809,74.4094,5.9583,21.2270,13.6364,0.3095,25.0000,8.7156,9.4483,0.4134,54.0541,60.1687,29.0000,0.0000,26.0000,2.2135,0.0946,2.2135,0.0946
3754080,2016-02-06,Premier League,2015/2016,25.0000,Watford,Tottenham Hotspur,A,Quique Sánchez Flores,Mauricio Pochettino,0.0000,1.0000,0.0000,36.4191,25.5906,3.2043,20.6842,17.1141,0.4363,0.0000,2.2727,26.2667,0.2656,30.1205,42.3094,8.0000,0.0000,3.0000,0.0946,2.2135,0.0946,2.2135
3754120,2016-02-06,Premier League,2015/2016,25.0000,Southampton,West Ham United,H,Ronald Koeman,Slaven Bilić,1.0000,0.0000,3.0000,36.6260,29.4872,4.0282,23.3954,18.1818,0.3485,0.0000,6.8966,11.9655,0.2189,27.2000,44.3571,5.0000,2.0000,8.0000,0.8120,0.8770,0.8120,0.8770
3754120,2016-02-06,Premier League,2015/2016,25.0000,West Ham United,Southampton,A,Slaven Bilić,Ronald Koeman,0.0000,1.0000,0.0000,63.3740,70.5128,6.0706,20.1945,11.2403,0.2526,40.0000,10.6145,8.5714,0.4182,52.1739,58.5392,25.0000,1.0000,19.0000,0.8770,0.8120,0.8770,0.8120
3754127,2016-02-06,Premier League,2015/2016,25.0000,Stoke City,Everton,H,Mark Hughes,Roberto Martínez,0.0000,3.0000,0.0000,64.7173,77.1084,6.4211,20.2442,9.6721,0.2909,20.0000,7.5893,9.1333,0.5000,54.6961,53.8848,18.0000,0.0000,12.0000,0.6750,2.6633,0.6750,1.8798
3754127,2016-02-06,Premier League,2015/2016,25.0000,Everton,Stoke City,A,Roberto Martínez,Mark Hughes,3.0000,0.0000,3.0000,35.2827,22.8916,3.4831,23.3472,18.3871,0.3963,23.0769,7.8947,17.4545,0.3208,24.8826,41.2120,4.0000,1.0000,14.0000,2.6633,0.6750,1.8798,0.6750
3754290,2016-02-06,Premier League,2015/2016,25.0000,Manchester City,Leicester City,H,Manuel Pellegrini,Claudio Ranieri,1.0000,3.0000,0.0000,66.4211,74.9245,5.1284,17.7304,8.2290,0.3213,75.0000,3.6630,6.6667,0.3918,44.0000,54.4164,17.0000,0.0000,20.0000,1.0942,1.6404,1.0942,1.6404
3754290,2016-02-06,Premier League,2015/2016,25.0000,Leicester City,Manchester City,A,Claudio Ranieri,Manuel Pellegrini,3.0000,1.0000,3.0000,33.5789,25.0755,3.3827,20.9473,16.0584,0.4873,0.0000,8.1818,16.0000,0.2631,25.9036,44.9565,12.0000,2.0000,12.0000,1.6404,1.0942,1.6404,1.0942
3754292,2016-02-06,Premier League,2015/2016,25.0000,Newcastle United,West Bromwich Albion,H,Steve McClaren,Tony Pulis,1.0000,0.0000,3.0000,67.1533,69.5000,5.0928,19.9717,11.1336,0.2637,30.0000,17.0886,7.1923,0.3778,47.0588,53.2889,15.0000,0.0000,20.0000,1.5264,0.4901,1.5264,0.4901
3754292,2016-02-06,Premier League,2015/2016,25.0000,West Bromwich Albion,Newcastle United,A,Tony Pulis,Steve McClaren,0.0000,1.0000,0.0000,32.8467,30.5000,2.5393,22.4544,19.9115,0.5858,0.0000,5.9524,14.5600,0.3170,30.8571,48.1813,7.0000,0.0000,7.0000,0.4901,1.5264,0.4901,1.5264
3754303,2016-02-06,Premier League,2015/2016,25.0000,Swansea City,Crystal Palace,H,Francesco Guidolin,Alan Pardew,1.0000,1.0000,1.0000,58.0681,64.2308,4.0259,20.3135,11.5632,0.3393,0.0000,14.9171,7.2778,0.4529,54.3353,57.9579,19.0000,0.0000,19.0000,1.8273,0.8925,1.8273,0.8925
3754303,2016-02-06,Premier League,2015/2016,25.0000,Crystal Palace,Swansea City,A,Alan Pardew,Francesco Guidolin,1.0000,1.0000,1.0000,41.9319,35.7692,3.5319,21.1700,16.5663,0.4217,18.1818,7.2072,8.8286,0.4064,37.2093,47.2764,17.0000,0.0000,12.0000,0.8925,1.8273,0.8925,1.8273
3754306,2016-02-06,Premier League,2015/2016,25.0000,Aston Villa,Norwich City,H,Rémi Garde,Alex Neil,2.0000,0.0000,3.0000,48.0638,46.8354,4.1910,22.3784,16.3539,0.3421,10.0000,7.4074,11.4000,0.3575,36.8098,46.1074,8.0000,0.0000,10.0000,0.7414,1.1463,0.7414,1.1463
3754306,2016-02-06,Premier League,2015/2016,25.0000,Norwich City,Aston Villa,A,Alex Neil,Rémi Garde,0.0000,2.0000,0.0000,51.9362,53.1646,3.6111,20.7777,14.1026,0.4431,14.2857,7.2848,8.8333,0.3365,37.3239,55.1505,13.0000,1.0000,13.0000,1.1463,0.7414,1.1463,0.7414
3754316,2016-02-06,Premier League,2015/2016,25.0000,Liverpool,Sunderland,H,Jürgen Klopp,Sam Allardyce,2.0000,2.0000,1.0000,70.3390,80.4979,6.7157,19.7397,10.3650,0.2905,37.5000,8.8608,14.2353,0.4000,53.9683,56.9326,18.0000,0.0000,18.0000,1.8213,0.5411,1.8213,0.5411
3754316,2016-02-06,Premier League,2015/2016,25.0000,Sunderland,Liverpool,A,Sam Allardyce,Jürgen Klopp,2.0000,2.0000,1.0000,29.6610,19.5021,3.4935,24.5983,22.3048,0.5033,0.0000,3.6585,15.5484,0.2102,28.0255,45.1316,7.0000,0.0000,7.0000,0.5411,1.8213,0.5411,1.8213
3754253,2016-02-07,Premier League,2015/2016,25.0000,AFC Bournemouth,Arsenal,H,Eddie Howe,Arsène Wenger,0.0000,2.0000,0.0000,51.1993,56.6667,4.4018,20.8937,13.3874,0.3497,50.0000,6.9364,10.7879,0.4915,40.7692,49.8094,16.0000,0.0000,18.0000,0.6652,0.7565,0.6652,0.7565
3754253,2016-02-07,Premier League,2015/2016,25.0000,Arsenal,AFC Bournemouth,A,Arsène Wenger,Eddie Howe,2.0000,0.0000,3.0000,48.8007,43.3333,5.4831,19.7828,11.6803,0.3351,0.0000,3.3113,11.6129,0.4829,44.0299,46.7481,15.0000,0.0000,10.0000,0.7565,0.6652,0.7565,0.6652
3754281,2016-02-07,Premier League,2015/2016,25.0000,Chelsea,Manchester United,H,Guus Hiddink,Louis van Gaal,1.0000,1.0000,1.0000,47.5427,48.0645,3.7238,19.1721,9.9744,0.4062,50.0000,8.1250,14.5263,0.2729,34.3284,45.1856,11.0000,1.0000,17.0000,1.8593,0.8072,1.8593,0.8072
3754281,2016-02-07,Premier League,2015/2016,25.0000,Manchester United,Chelsea,A,Louis van Gaal,Guus Hiddink,1.0000,1.0000,1.0000,52.4573,51.9355,4.3030,20.5163,13.6150,0.3041,0.0000,7.1856,10.7391,0.3483,35.4839,51.0398,15.0000,0.0000,16.0000,0.8072,1.8593,0.8072,1.8593
3754031,2016-02-13,Premier League,2015/2016,26.0000,Sunderland,Manchester United,H,Sam Allardyce,Louis van Gaal,2.0000,1.0000,3.0000,34.3057,28.2609,2.3838,21.8615,16.5254,0.5226,0.0000,9.5745,13.2800,0.3162,38.2022,46.6990,13.0000,2.0000,21.0000,1.8083,0.9510,1.8083,0.9510
3754031,2016-02-13,Premier League,2015/2016,26.0000,Manchester United,Sunderland,A,Louis van Gaal,Sam Allardyce,1.0000,2.0000,0.0000,65.6943,71.7391,5.4149,20.1719,10.4126,0.3461,21.4286,7.0755,6.3333,0.5136,46.3576,54.8670,15.0000,0.0000,13.0000,0.9510,1.8083,0.9510,1.8083
3754039,2016-02-13,Premier League,2015/2016,26.0000,Crystal Palace,Watford,H,Alan Pardew,Quique Sánchez Flores,1.0000,2.0000,0.0000,55.2381,55.9242,3.6036,20.0122,16.0000,0.4422,0.0000,9.1603,7.7812,0.3138,42.3729,48.5576,15.0000,0.0000,15.0000,1.1424,1.7038,1.1424,0.9203
3754039,2016-02-13,Premier League,2015/2016,26.0000,Watford,Crystal Palace,A,Quique Sánchez Flores,Alan Pardew,2.0000,1.0000,3.0000,44.7619,44.0758,3.2396,19.1723,12.8617,0.4518,0.0000,4.3478,6.3469,0.3233,50.6667,55.4221,17.0000,1.0000,11.0000,1.7038,1.1424,0.9203,1.1424
3754139,2016-02-13,Premier League,2015/2016,26.0000,Swansea City,Southampton,H,Francesco Guidolin,Ronald Koeman,0.0000,1.0000,0.0000,53.5457,61.6667,4.7475,21.7123,16.3830,0.3478,16.6667,10.1695,14.6364,0.1681,48.6842,56.1907,12.0000,0.0000,13.0000,0.5940,1.1570,0.5940,1.1570
3754139,2016-02-13,Premier League,2015/2016,26.0000,Southampton,Swansea City,A,Ronald Koeman,Francesco Guidolin,1.0000,0.0000,3.0000,46.4543,38.3333,4.2935,23.6498,17.9747,0.3485,8.3333,10.2362,13.2800,0.2438,31.4961,50.2506,10.0000,2.0000,15.0000,1.1570,0.5940,1.1570,0.5940
3754244,2016-02-13,Premier League,2015/2016,26.0000,Norwich City,West Ham United,H,Alex Neil,Slaven Bilić,2.0000,2.0000,1.0000,47.8507,52.1912,3.8247,20.5938,15.3639,0.4900,0.0000,7.9755,10.5667,0.4403,44.3350,51.4089,14.0000,0.0000,13.0000,1.2063,1.6711,1.2063,1.6711
3754244,2016-02-13,Premier League,2015/2016,26.0000,West Ham United,Norwich City,A,Slaven Bilić,Alex Neil,2.0000,2.0000,1.0000,52.1493,47.8088,3.8462,21.6996,16.7500,0.4623,0.0000,7.3826,13.8947,0.3357,35.2113,45.8941,12.0000,1.0000,12.0000,1.6711,1.2063,1.6711,1.2063
3754264,2016-02-13,Premier League,2015/2016,26.0000,Chelsea,Newcastle United,H,Guus Hiddink,Steve McClaren,5.0000,1.0000,3.0000,53.8601,68.0672,5.8925,18.5327,8.5766,0.2629,40.0000,7.3034,10.9459,0.5118,56.9231,59.3019,13.0000,0.0000,14.0000,2.2408,0.6518,2.2408,0.6518
3754264,2016-02-13,Premier League,2015/2016,26.0000,Newcastle United,Chelsea,A,Steve McClaren,Guus Hiddink,1.0000,5.0000,0.0000,46.1399,31.9328,5.1705,21.3371,13.1868,0.2368,16.6667,13.4831,14.0741,0.2884,36.8421,44.2981,9.0000,1.0000,10.0000,0.6518,2.2408,0.6518,2.2408
3754274,2016-02-13,Premier League,2015/2016,26.0000,AFC Bournemouth,Stoke City,H,Eddie Howe,Mark Hughes,1.0000,3.0000,0.0000,63.9153,70.5357,4.7965,20.2876,12.5461,0.2655,71.4286,5.6180,14.3529,0.3431,38.4615,52.2235,9.0000,0.0000,11.0000,1.2321,0.6719,1.2321,0.6719
3754274,2016-02-13,Premier League,2015/2016,26.0000,Stoke City,AFC Bournemouth,A,Mark Hughes,Eddie Howe,3.0000,1.0000,3.0000,36.0847,29.4643,3.8077,21.2458,15.4882,0.4507,9.0909,7.0588,19.6842,0.2301,17.2662,40.0571,7.0000,0.0000,11.0000,0.6719,1.2321,0.6719,1.2321
3754350,2016-02-13,Premier League,2015/2016,26.0000,Everton,West Bromwich Albion,H,Roberto Martínez,Tony Pulis,0.0000,1.0000,0.0000,76.3407,87.3656,6.4757,20.1371,10.9445,0.2579,16.6667,8.1633,5.6552,0.5911,61.6541,63.8892,31.0000,0.0000,32.0000,1.7946,0.9871,1.7946,0.9871
3754350,2016-02-13,Premier League,2015/2016,26.0000,West Bromwich Albion,Everton,A,Tony Pulis,Roberto Martínez,1.0000,0.0000,3.0000,23.6593,12.6344,2.5068,24.6526,22.4044,0.5519,0.0000,7.3529,19.2353,0.2452,17.9775,36.9529,3.0000,2.0000,6.0000,0.9871,1.7946,0.9871,1.7946
3754147,2016-02-14,Premier League,2015/2016,26.0000,Manchester City,Tottenham Hotspur,H,Manuel Pellegrini,Mauricio Pochettino,1.0000,2.0000,0.0000,47.4382,59.3750,4.5769,19.5190,11.9748,0.3352,50.0000,5.6701,13.7333,0.3126,47.8495,54.8896,21.0000,0.0000,18.0000,1.9868,1.2558,1.9868,0.4723
3754147,2016-02-14,Premier League,2015/2016,26.0000,Tottenham Hotspur,Manchester City,A,Mauricio Pochettino,Manuel Pellegrini,2.0000,1.0000,3.0000,52.5618,40.6250,6.0549,20.0099,13.9746,0.2266,11.1111,2.0000,8.6216,0.5121,39.6364,46.5371,14.0000,0.0000,6.0000,1.2558,1.9868,0.4723,1.9868
3754214,2016-02-14,Premier League,2015/2016,26.0000,Aston Villa,Liverpool,H,Rémi Garde,Jürgen Klopp,0.0000,6.0000,0.0000,39.1781,39.7727,5.4444,19.4702,11.2245,0.2745,0.0000,6.7227,14.5625,0.1667,35.1351,43.9232,5.0000,0.0000,6.0000,0.2265,2.6484,0.2265,2.6484
3754214,2016-02-14,Premier League,2015/2016,26.0000,Liverpool,Aston Villa,A,Jürgen Klopp,Rémi Garde,6.0000,0.0000,3.0000,60.8219,60.2273,7.6463,18.7537,8.7719,0.2445,83.3333,8.3799,6.9250,0.4079,46.8571,58.2121,12.0000,1.0000,12.0000,2.6484,0.2265,2.6484,0.2265
3754261,2016-02-14,Premier League,2015/2016,26.0000,Arsenal,Leicester City,H,Arsène Wenger,Claudio Ranieri,2.0000,1.0000,3.0000,70.5939,80.0562,6.2963,19.9251,10.5882,0.2701,66.6667,7.7170,8.9583,0.4528,53.2374,58.7933,27.0000,0.0000,25.0000,2.7461,1.1009,2.7461,0.3174
3754261,2016-02-14,Premier League,2015/2016,26.0000,Leicester City,Arsenal,A,Claudio Ranieri,Arsène Wenger,1.0000,2.0000,0.0000,29.4061,19.9438,3.2785,21.3881,16.2162,0.5229,0.0000,9.4737,9.6000,0.2714,34.5000,45.9913,9.0000,0.0000,7.0000,1.1009,2.7461,0.3174,2.7461
3754012,2016-02-27,Premier League,2015/2016,27.0000,Southampton,Chelsea,H,Ronald Koeman,Guus Hiddink,1.0000,2.0000,0.0000,35.4478,27.8689,3.8161,22.2364,15.6627,0.4170,9.0909,12.0000,14.3333,0.1720,36.9748,46.5844,9.0000,0.0000,8.0000,1.0675,1.4101,1.0675,1.4101
3754012,2016-02-27,Premier League,2015/2016,27.0000,Chelsea,Southampton,A,Guus Hiddink,Ronald Koeman,2.0000,1.0000,3.0000,64.5522,72.1311,6.8936,16.9983,6.7901,0.2464,33.3333,3.9146,14.0000,0.2658,43.5644,48.4208,13.0000,0.0000,17.0000,1.4101,1.0675,1.4101,1.0675
3754049,2016-02-27,Premier League,2015/2016,27.0000,Leicester City,Norwich City,H,Claudio Ranieri,Alex Neil,1.0000,0.0000,3.0000,54.9618,54.0000,4.5657,22.9211,19.2478,0.4023,0.0000,8.1081,10.8750,0.3680,43.4211,46.8900,11.0000,0.0000,14.0000,1.9986,0.6380,1.9986,0.6380
3754049,2016-02-27,Premier League,2015/2016,27.0000,Norwich City,Leicester City,A,Alex Neil,Claudio Ranieri,0.0000,1.0000,0.0000,45.0382,46.0000,3.8710,22.8499,17.7778,0.4325,0.0000,4.0816,12.7917,0.4127,38.4615,49.5720,10.0000,0.0000,9.0000,0.6380,1.9986,0.6380,1.9986
3754121,2016-02-27,Premier League,2015/2016,27.0000,Watford,AFC Bournemouth,H,Quique Sánchez Flores,Eddie Howe,0.0000,0.0000,1.0000,44.4444,43.7500,3.0526,22.8129,20.0000,0.4250,0.0000,12.7273,9.2812,0.4046,38.6364,49.4487,16.0000,1.0000,14.0000,0.9094,1.1565,0.9094,1.1565
3754121,2016-02-27,Premier League,2015/2016,27.0000,AFC Bournemouth,Watford,A,Eddie Howe,Quique Sánchez Flores,0.0000,0.0000,1.0000,55.5556,56.2500,3.6765,23.6525,22.6667,0.3753,22.2222,13.7405,7.0294,0.5029,48.5714,54.3920,13.0000,0.0000,12.0000,1.1565,0.9094,1.1565,0.9094
3754236,2016-02-27,Premier League,2015/2016,27.0000,West Bromwich Albion,Crystal Palace,H,Tony Pulis,Alan Pardew,3.0000,2.0000,3.0000,46.2002,54.8117,3.5870,21.7983,14.8485,0.3919,0.0000,11.4286,10.6207,0.3296,46.2585,53.0505,13.0000,1.0000,11.0000,1.1593,1.3278,1.1593,1.3278
3754236,2016-02-27,Premier League,2015/2016,27.0000,Crystal Palace,West Bromwich Albion,A,Alan Pardew,Tony Pulis,2.0000,3.0000,0.0000,53.7998,45.1883,4.1895,22.0094,16.3317,0.4064,12.5000,11.6788,9.9565,0.4073,42.9487,48.4917,17.0000,0.0000,16.0000,1.3278,1.1593,1.3278,1.1593
3754321,2016-02-27,Premier League,2015/2016,27.0000,Stoke City,Aston Villa,H,Mark Hughes,Rémi Garde,2.0000,1.0000,3.0000,54.1376,53.1250,4.8788,21.8292,13.8716,0.3468,33.3333,7.3446,14.7895,0.4674,39.5349,48.3292,14.0000,0.0000,11.0000,2.5903,0.1826,1.8068,0.1826
3754321,2016-02-27,Premier League,2015/2016,27.0000,Aston Villa,Stoke City,A,Rémi Garde,Mark Hughes,1.0000,2.0000,0.0000,45.8624,46.8750,5.5395,21.5048,15.6770,0.3724,0.0000,10.9677,15.9091,0.4383,37.8151,48.3932,12.0000,0.0000,5.0000,0.1826,2.5903,0.1826,1.8068
3754331,2016-02-27,Premier League,2015/2016,27.0000,West Ham United,Sunderland,H,Slaven Bilić,Sam Allardyce,1.0000,0.0000,3.0000,52.0810,54.5946,4.0800,20.8315,15.1961,0.4580,8.3333,3.7313,11.8846,0.2723,42.2414,46.8152,15.0000,0.0000,9.0000,0.8650,1.1306,0.8650,1.1306
3754331,2016-02-27,Premier League,2015/2016,27.0000,Sunderland,West Ham United,A,Sam Allardyce,Slaven Bilić,0.0000,1.0000,0.0000,47.9190,45.4054,3.3303,21.1810,17.0799,0.5100,12.5000,7.0175,9.8529,0.2095,41.2371,48.1982,13.0000,0.0000,13.0000,1.1306,0.8650,1.1306,0.8650
3754239,2016-02-28,Premier League,2015/2016,27.0000,Manchester United,Arsenal,H,Louis van Gaal,Arsène Wenger,3.0000,2.0000,3.0000,40.3226,44.5946,3.8488,21.1467,13.2931,0.3409,14.2857,7.2727,8.7273,0.3622,41.2935,53.7571,15.0000,0.0000,7.0000,0.4453,1.4340,0.4453,1.4340
3754239,2016-02-28,Premier League,2015/2016,27.0000,Arsenal,Manchester United,A,Arsène Wenger,Louis van Gaal,2.0000,3.0000,0.0000,59.6774,55.4054,4.8155,19.8143,10.0806,0.2524,25.0000,7.7922,8.5000,0.2827,49.0566,50.7112,14.0000,0.0000,13.0000,1.4340,0.4453,1.4340,0.4453
3754324,2016-02-28,Premier League,2015/2016,27.0000,Tottenham Hotspur,Swansea City,H,Mauricio Pochettino,Francesco Guidolin,2.0000,1.0000,3.0000,58.7629,76.1062,4.0541,22.2110,16.2222,0.3503,20.0000,8.2126,12.4545,0.4139,57.7181,61.8552,26.0000,0.0000,34.0000,3.2185,1.3750,3.2185,1.3750
3754324,2016-02-28,Premier League,2015/2016,27.0000,Swansea City,Tottenham Hotspur,A,Francesco Guidolin,Mauricio Pochettino,1.0000,2.0000,0.0000,41.2371,23.8938,2.9902,23.4468,19.3443,0.4348,0.0000,8.5714,17.5000,0.2437,35.2000,39.0388,7.0000,0.0000,11.0000,1.3750,3.2185,1.3750,3.2185
3754050,2016-03-01,Premier League,2015/2016,28.0000,Sunderland,Crystal Palace,H,Sam Allardyce,Alan Pardew,2.0000,2.0000,1.0000,59.5326,63.1285,4.0577,21.5417,16.5877,0.3987,22.2222,6.8027,7.8000,0.5623,44.8649,52.2606,15.0000,0.0000,19.0000,1.0557,1.1188,1.0557,1.1188
3754050,2016-03-01,Premier League,2015/2016,28.0000,Crystal Palace,Sunderland,A,Alan Pardew,Sam Allardyce,2.0000,2.0000,1.0000,40.4674,36.8715,2.9894,22.8110,17.7936,0.5587,0.0000,7.1429,11.0323,0.3161,39.8693,47.9418,7.0000,0.0000,14.0000,1.1188,1.0557,1.1188,1.0557
3754231,2016-03-01,Premier League,2015/2016,28.0000,Leicester City,West Bromwich Albion,H,Claudio Ranieri,Tony Pulis,2.0000,2.0000,1.0000,62.7429,66.5323,4.8900,23.3312,17.1779,0.3245,12.5000,12.7551,8.5600,0.3742,38.5246,55.0496,26.0000,1.0000,23.0000,2.1830,1.1476,2.1830,1.1476
3754231,2016-03-01,Premier League,2015/2016,28.0000,West Bromwich Albion,Leicester City,A,Tony Pulis,Claudio Ranieri,2.0000,2.0000,1.0000,37.2571,33.4677,2.9022,24.0935,20.2247,0.5047,0.0000,7.2072,21.1250,0.4262,35.8974,40.9969,7.0000,0.0000,11.0000,1.1476,2.1830,1.1476,2.1830
3754280,2016-03-01,Premier League,2015/2016,28.0000,Norwich City,Chelsea,H,Alex Neil,Guus Hiddink,1.0000,2.0000,0.0000,48.2662,58.1699,4.8351,21.2847,15.7783,0.3577,16.6667,8.3333,11.5625,0.2029,45.5357,54.7689,14.0000,0.0000,13.0000,1.0821,0.9899,1.0821,0.9899
3754280,2016-03-01,Premier League,2015/2016,28.0000,Chelsea,Norwich City,A,Guus Hiddink,Alex Neil,2.0000,1.0000,3.0000,51.7338,41.8301,5.5222,19.8560,13.0785,0.2836,13.3333,7.2368,13.4545,0.1282,25.7576,41.0542,6.0000,2.0000,10.0000,0.9899,1.0821,0.9899,1.0821
3754327,2016-03-01,Premier League,2015/2016,28.0000,Aston Villa,Everton,H,Rémi Garde,Roberto Martínez,1.0000,3.0000,0.0000,46.0695,58.7549,5.1818,18.8597,12.0614,0.3437,0.0000,10.9290,18.9167,0.2475,50.6849,55.1101,16.0000,0.0000,14.0000,0.6288,1.8710,0.6288,1.8710
3754327,2016-03-01,Premier League,2015/2016,28.0000,Everton,Aston Villa,A,Roberto Martínez,Rémi Garde,3.0000,1.0000,3.0000,53.9305,41.2451,6.2159,21.4017,13.1627,0.2968,33.3333,4.8000,11.3704,0.2579,27.6923,44.9130,12.0000,1.0000,10.0000,1.8710,0.6288,1.8710,0.6288
3754334,2016-03-01,Premier League,2015/2016,28.0000,AFC Bournemouth,Southampton,H,Eddie Howe,Ronald Koeman,2.0000,0.0000,3.0000,44.7031,55.6054,3.3789,21.9668,16.1994,0.3782,28.5714,7.2993,10.0882,0.3579,51.1765,55.4276,16.0000,0.0000,10.0000,0.7096,0.5324,0.7096,0.5324
3754334,2016-03-01,Premier League,2015/2016,28.0000,Southampton,AFC Bournemouth,A,Ronald Koeman,Eddie Howe,0.0000,2.0000,0.0000,55.2969,44.3946,4.8721,22.8162,18.1384,0.3687,11.1111,9.2857,9.0800,0.5443,38.7560,48.2414,10.0000,0.0000,6.0000,0.5324,0.7096,0.5324,0.7096
3753976,2016-03-02,Premier League,2015/2016,28.0000,Arsenal,Swansea City,H,Arsène Wenger,Francesco Guidolin,1.0000,2.0000,0.0000,62.1622,69.8473,5.8762,20.0643,11.0211,0.2669,40.0000,6.5728,8.9688,0.4877,40.9091,48.1433,9.0000,0.0000,17.0000,1.3275,1.1741,1.3275,1.1741
3753976,2016-03-02,Premier League,2015/2016,28.0000,Swansea City,Arsenal,A,Francesco Guidolin,Arsène Wenger,2.0000,1.0000,3.0000,37.8378,30.1527,4.2184,20.5849,13.6240,0.3552,25.0000,7.4468,12.9355,0.2579,44.1860,44.6390,6.0000,2.0000,11.0000,1.1741,1.3275,1.1741,1.3275
3753991,2016-03-02,Premier League,2015/2016,28.0000,Liverpool,Manchester City,H,Jürgen Klopp,Manuel Pellegrini,3.0000,0.0000,3.0000,49.9010,51.3834,4.7629,20.4102,13.6364,0.3919,16.6667,3.0488,6.4340,0.6482,49.6951,51.2601,14.0000,0.0000,11.0000,1.1229,0.2084,1.1229,0.2084
3753991,2016-03-02,Premier League,2015/2016,28.0000,Manchester City,Liverpool,A,Manuel Pellegrini,Jürgen Klopp,0.0000,3.0000,0.0000,50.0990,48.6166,4.1389,19.7286,12.3043,0.3625,27.2727,4.7297,10.9333,0.3889,43.3673,44.7507,11.0000,0.0000,4.0000,0.2084,1.1229,0.2084,1.1229
3754005,2016-03-02,Premier League,2015/2016,28.0000,Stoke City,Newcastle United,H,Mark Hughes,Steve McClaren,1.0000,0.0000,3.0000,54.2576,50.9009,4.5842,22.1689,14.4708,0.3734,20.0000,7.9755,8.0882,0.3389,32.3944,48.5470,12.0000,1.0000,9.0000,0.2796,0.4044,0.2796,0.4044
3754005,2016-03-02,Premier League,2015/2016,28.0000,Newcastle United,Stoke City,A,Steve McClaren,Mark Hughes,0.0000,1.0000,0.0000,45.7424,49.0991,3.9677,22.2076,16.5312,0.3868,11.1111,10.2190,13.5000,0.2716,40.0000,50.6231,15.0000,0.0000,5.0000,0.4044,0.2796,0.4044,0.2796
3754232,2016-03-02,Premier League,2015/2016,28.0000,Manchester United,Watford,H,Louis van Gaal,Quique Sánchez Flores,1.0000,0.0000,3.0000,60.1831,65.0718,4.6768,20.4738,13.3909,0.2961,16.6667,7.6433,8.7500,0.3908,38.9706,50.6085,11.0000,0.0000,13.0000,0.7170,1.8581,0.7170,1.8581
3754232,2016-03-02,Premier League,2015/2016,28.0000,Watford,Manchester United,A,Quique Sánchez Flores,Louis van Gaal,0.0000,1.0000,0.0000,39.8169,34.9282,4.1216,21.1255,17.3770,0.4801,0.0000,10.0000,9.9714,0.1844,42.2680,49.4167,21.0000,1.0000,14.0000,1.8581,0.7170,1.8581,0.7170
3754349,2016-03-02,Premier League,2015/2016,28.0000,West Ham United,Tottenham Hotspur,H,Slaven Bilić,Mauricio Pochettino,1.0000,0.0000,3.0000,37.6697,43.7500,2.6275,22.0598,20.1493,0.4911,0.0000,7.2000,12.7667,0.3938,38.2488,51.4363,19.0000,0.0000,14.0000,0.8061,1.1326,0.8061,1.1326
3754349,2016-03-02,Premier League,2015/2016,28.0000,Tottenham Hotspur,West Ham United,A,Mauricio Pochettino,Slaven Bilić,0.0000,1.0000,0.0000,62.3303,56.2500,4.6923,20.2026,11.4754,0.3744,8.3333,5.8442,6.5000,0.5646,38.8298,47.9549,17.0000,0.0000,9.0000,1.1326,0.8061,1.1326,0.8061
3754061,2016-03-05,Premier League,2015/2016,29.0000,Chelsea,Stoke City,H,Guus Hiddink,Mark Hughes,1.0000,1.0000,1.0000,48.7129,56.2500,4.1509,20.0768,11.5909,0.3441,25.0000,6.6667,12.1429,0.3398,32.3864,50.1133,13.0000,2.0000,20.0000,1.3758,1.5152,1.3758,1.5152
3754061,2016-03-05,Premier League,2015/2016,29.0000,Stoke City,Chelsea,A,Mark Hughes,Guus Hiddink,1.0000,1.0000,1.0000,51.2871,43.7500,4.2273,20.2682,12.4731,0.3182,7.6923,8.5106,9.1471,0.3049,34.0000,47.4252,8.0000,0.0000,17.0000,1.5152,1.3758,1.5152,1.3758
3754151,2016-03-05,Premier League,2015/2016,29.0000,Swansea City,Norwich City,H,Alan Curtis / Francesco Guidolin,Alex Neil,1.0000,0.0000,3.0000,55.5683,53.1915,3.7018,19.4037,12.3223,0.4082,14.2857,8.5106,9.4800,0.1990,45.4545,49.3467,9.0000,0.0000,10.0000,0.4789,0.6972,0.4789,0.6972
3754151,2016-03-05,Premier League,2015/2016,29.0000,Norwich City,Swansea City,A,Alex Neil,Alan Curtis / Francesco Guidolin,0.0000,1.0000,0.0000,44.4317,46.8085,3.7143,21.8323,17.4556,0.4291,0.0000,6.6176,8.8571,0.2293,39.6396,46.3904,7.0000,1.0000,8.0000,0.6972,0.4789,0.6972,0.4789
3754164,2016-03-05,Premier League,2015/2016,29.0000,Southampton,Sunderland,H,Ronald Koeman,Sam Allardyce,1.0000,1.0000,1.0000,65.4804,64.7541,5.6818,21.8114,14.6000,0.3556,11.1111,11.0526,8.7143,0.4296,44.0000,50.3091,14.0000,0.0000,16.0000,1.5801,0.7876,1.5801,0.7876
3754164,2016-03-05,Premier League,2015/2016,29.0000,Sunderland,Southampton,A,Sam Allardyce,Ronald Koeman,1.0000,1.0000,1.0000,34.5196,35.2459,3.2933,26.2424,24.6964,0.5384,0.0000,9.7345,13.8800,0.3025,44.9102,51.9202,19.0000,0.0000,11.0000,0.7876,1.5801,0.7876,1.5801
3754177,2016-03-05,Premier League,2015/2016,29.0000,Newcastle United,AFC Bournemouth,H,Steve McClaren,Eddie Howe,1.0000,3.0000,0.0000,47.9592,47.5113,4.8851,22.4803,18.1176,0.4059,0.0000,9.0278,9.9444,0.4804,36.3265,44.4336,21.0000,1.0000,15.0000,1.0878,1.1285,1.0878,1.1285
3754177,2016-03-05,Premier League,2015/2016,29.0000,AFC Bournemouth,Newcastle United,A,Eddie Howe,Steve McClaren,3.0000,1.0000,3.0000,52.0408,52.4887,4.4314,22.7538,15.9292,0.3710,25.0000,6.8027,11.6071,0.5043,47.2574,56.1651,21.0000,3.0000,16.0000,1.1285,1.0878,1.1285,1.0878
3754249,2016-03-05,Premier League,2015/2016,29.0000,Manchester City,Aston Villa,H,Manuel Pellegrini,Rémi Garde,4.0000,0.0000,3.0000,70.9226,83.0460,8.6737,17.4304,7.6456,0.1909,50.0000,6.3973,6.8718,0.3966,61.4286,57.9360,16.0000,1.0000,22.0000,3.2599,0.4521,2.4764,0.4521
3754249,2016-03-05,Premier League,2015/2016,29.0000,Aston Villa,Manchester City,A,Rémi Garde,Manuel Pellegrini,0.0000,4.0000,0.0000,29.0774,16.9540,4.0779,18.3124,9.5541,0.3223,9.0909,7.8947,29.7500,0.3136,21.4815,37.2400,7.0000,0.0000,3.0000,0.4521,3.2599,0.4521,2.4764
3754277,2016-03-05,Premier League,2015/2016,29.0000,Everton,West Ham United,H,Roberto Martínez,Slaven Bilić,2.0000,3.0000,0.0000,42.6230,34.4681,3.9302,22.6057,15.0888,0.4002,30.7692,11.5044,15.8095,0.2057,30.5556,44.4131,5.0000,1.0000,15.0000,1.7150,1.6857,0.9315,1.6857
3754277,2016-03-05,Premier League,2015/2016,29.0000,West Ham United,Everton,A,Slaven Bilić,Roberto Martínez,3.0000,2.0000,3.0000,57.3770,65.5319,4.5943,20.6145,13.1417,0.3523,66.6667,13.1868,9.3667,0.2359,38.0435,53.1592,18.0000,0.0000,17.0000,1.6857,1.7150,1.6857,0.9315
3754289,2016-03-05,Premier League,2015/2016,29.0000,Watford,Leicester City,H,Quique Sánchez Flores,Claudio Ranieri,0.0000,1.0000,0.0000,50.3919,43.9614,3.5310,22.6524,19.2982,0.3733,8.3333,9.6774,12.4783,0.2190,47.4227,46.3376,13.0000,0.0000,11.0000,0.9581,1.5374,0.9581,1.5374
3754289,2016-03-05,Premier League,2015/2016,29.0000,Leicester City,Watford,A,Claudio Ranieri,Quique Sánchez Flores,1.0000,0.0000,3.0000,49.6081,56.0386,3.7333,20.5515,15.8163,0.3727,0.0000,9.2308,10.8333,0.2822,47.2441,50.1112,12.0000,1.0000,14.0000,1.5374,0.9581,1.5374,0.9581
3754318,2016-03-05,Premier League,2015/2016,29.0000,Tottenham Hotspur,Arsenal,H,Mauricio Pochettino,Arsène Wenger,2.0000,2.0000,1.0000,53.4368,59.6244,4.0667,22.2493,14.9883,0.4046,100.0000,8.5526,6.9756,0.5333,48.2143,55.5738,17.0000,0.0000,25.0000,1.2487,0.7328,1.2487,0.7328
3754318,2016-03-05,Premier League,2015/2016,29.0000,Arsenal,Tottenham Hotspur,A,Arsène Wenger,Mauricio Pochettino,2.0000,2.0000,1.0000,46.5632,40.3756,4.1348,20.2904,14.1304,0.4297,0.0000,1.6667,11.8846,0.3154,34.2105,46.0008,9.0000,1.0000,11.0000,0.7328,1.2487,0.7328,1.2487
3754081,2016-03-06,Premier League,2015/2016,29.0000,West Bromwich Albion,Manchester United,H,Tony Pulis,Louis van Gaal,1.0000,0.0000,3.0000,46.2151,45.8167,4.5054,22.9434,17.4224,0.3894,0.0000,7.4324,13.0000,0.3500,46.5608,51.8084,15.0000,0.0000,9.0000,0.7229,0.3792,0.7229,0.3792
3754081,2016-03-06,Premier League,2015/2016,29.0000,Manchester United,West Bromwich Albion,A,Louis van Gaal,Tony Pulis,0.0000,1.0000,0.0000,53.7849,54.1833,5.5795,20.6839,14.6640,0.3496,9.0909,3.0120,13.8696,0.3362,30.7692,47.2074,14.0000,0.0000,7.0000,0.3792,0.7229,0.3792,0.7229
3754220,2016-03-06,Premier League,2015/2016,29.0000,Crystal Palace,Liverpool,H,Alan Pardew,Jürgen Klopp,1.0000,2.0000,0.0000,39.0121,41.0788,3.4688,23.2887,17.7177,0.4451,12.5000,8.3969,19.9048,0.3488,42.6540,50.0453,17.0000,2.0000,15.0000,1.1751,1.7986,1.1751,1.0151
3754220,2016-03-06,Premier League,2015/2016,29.0000,Liverpool,Crystal Palace,A,Jürgen Klopp,Alan Pardew,2.0000,1.0000,3.0000,60.9879,58.9212,5.9894,18.7738,9.0586,0.2915,14.2857,9.8837,8.7241,0.3850,38.2550,48.9306,8.0000,0.0000,18.0000,1.7986,1.1751,1.0151,1.1751
3753988,2016-03-12,Premier League,2015/2016,30.0000,AFC Bournemouth,Swansea City,H,Eddie Howe,Alan Curtis / Francesco Guidolin,3.0000,2.0000,3.0000,43.8095,44.8598,3.8280,20.7170,15.1685,0.3558,44.4444,8.6957,9.4737,0.3974,48.8152,50.3574,13.0000,0.0000,13.0000,0.9624,1.5288,0.9624,1.5288
3753988,2016-03-12,Premier League,2015/2016,30.0000,Swansea City,AFC Bournemouth,A,Alan Curtis / Francesco Guidolin,Eddie Howe,2.0000,3.0000,0.0000,56.1905,55.1402,4.7959,21.1419,13.8298,0.2876,11.1111,9.3525,8.6176,0.4155,41.8605,49.8883,11.0000,1.0000,13.0000,1.5288,0.9624,1.5288,0.9624
3754196,2016-03-12,Premier League,2015/2016,30.0000,Stoke City,Southampton,H,Mark Hughes,Ronald Koeman,1.0000,2.0000,0.0000,58.6979,60.4839,6.0000,22.1498,13.8258,0.3391,0.0000,5.6122,9.5172,0.3251,38.6364,51.0948,8.0000,0.0000,14.0000,0.9422,0.5749,0.9422,0.5749
3754196,2016-03-12,Premier League,2015/2016,30.0000,Southampton,Stoke City,A,Ronald Koeman,Mark Hughes,2.0000,1.0000,3.0000,41.3021,39.5161,3.6082,21.4942,14.8571,0.4161,6.2500,11.4754,11.7241,0.2860,33.3333,47.7670,9.0000,1.0000,11.0000,0.5749,0.9422,0.5749,0.9422
3754313,2016-03-12,Premier League,2015/2016,30.0000,Norwich City,Manchester City,H,Alex Neil,Manuel Pellegrini,0.0000,0.0000,1.0000,35.4839,28.7324,4.1579,20.2894,14.5570,0.4590,11.1111,7.1429,11.0000,0.2864,35.4497,45.1386,10.0000,0.0000,5.0000,0.2177,0.7759,0.2177,0.7759
3754313,2016-03-12,Premier League,2015/2016,30.0000,Manchester City,Norwich City,A,Manuel Pellegrini,Alex Neil,0.0000,0.0000,1.0000,64.5161,71.2676,6.9205,18.3324,8.5386,0.2442,16.6667,4.7794,9.0800,0.3499,45.6693,62.0492,35.0000,0.0000,15.0000,0.7759,0.2177,0.7759,0.2177
3754053,2016-03-13,Premier League,2015/2016,30.0000,Aston Villa,Tottenham Hotspur,H,Rémi Garde,Mauricio Pochettino,0.0000,2.0000,0.0000,37.6984,48.4375,3.3673,21.2448,15.7576,0.4310,0.0000,13.2867,12.9706,0.2818,40.6780,48.9866,15.0000,0.0000,12.0000,1.1835,2.1316,1.1835,2.1316
3754053,2016-03-13,Premier League,2015/2016,30.0000,Tottenham Hotspur,Aston Villa,A,Mauricio Pochettino,Rémi Garde,2.0000,0.0000,3.0000,62.3016,51.5625,6.0312,20.2538,11.0535,0.2804,44.4444,5.5215,9.2800,0.3974,37.0861,52.4979,14.0000,0.0000,18.0000,2.1316,1.1835,2.1316,1.1835
3754002,2016-03-14,Premier League,2015/2016,30.0000,Leicester City,Newcastle United,H,Claudio Ranieri,Rafael Benítez,1.0000,0.0000,3.0000,50.5517,52.9167,4.0734,19.1032,11.9369,0.3039,22.2222,8.1481,13.4231,0.3813,47.3404,56.7602,17.0000,0.0000,10.0000,0.9310,0.8733,0.9310,0.8733
3754002,2016-03-14,Premier League,2015/2016,30.0000,Newcastle United,Leicester City,A,Rafael Benítez,Claudio Ranieri,0.0000,1.0000,0.0000,49.4483,47.0833,5.0222,21.9351,18.8053,0.3218,0.0000,8.4507,13.9583,0.2698,36.7647,44.7009,12.0000,0.0000,13.0000,0.8733,0.9310,0.8733,0.9310
3753973,2016-03-19,Premier League,2015/2016,31.0000,Chelsea,West Ham United,H,Guus Hiddink,Slaven Bilić,2.0000,2.0000,1.0000,60.8515,62.9442,4.8455,20.3684,10.8818,0.3110,33.3333,8.9744,10.6154,0.4085,44.8052,52.3887,19.0000,1.0000,22.0000,2.4053,0.8864,1.6218,0.8864
3753973,2016-03-19,Premier League,2015/2016,31.0000,West Ham United,Chelsea,A,Slaven Bilić,Guus Hiddink,2.0000,2.0000,1.0000,39.1485,37.0558,3.5934,22.2976,14.9847,0.4010,5.8824,7.0000,11.2162,0.2628,44.1558,50.6610,16.0000,1.0000,13.0000,0.8864,2.4053,0.8864,1.6218
3753977,2016-03-19,Premier League,2015/2016,31.0000,Watford,Stoke City,H,Quique Sánchez Flores,Mark Hughes,1.0000,2.0000,0.0000,52.2704,55.7522,3.7833,21.3712,17.6211,0.4258,20.0000,7.2368,9.3429,0.2854,46.6667,53.4213,15.0000,0.0000,9.0000,0.7222,1.4279,0.7222,1.4279
3753977,2016-03-19,Premier League,2015/2016,31.0000,Stoke City,Watford,A,Mark Hughes,Quique Sánchez Flores,2.0000,1.0000,3.0000,47.7296,44.2478,4.4124,21.3701,15.6542,0.4131,0.0000,9.2308,10.6364,0.4151,44.1860,46.6476,10.0000,2.0000,9.0000,1.4279,0.7222,1.4279,0.7222
3753980,2016-03-19,Premier League,2015/2016,31.0000,Everton,Arsenal,H,Roberto Martínez,Arsène Wenger,0.0000,2.0000,0.0000,53.5545,49.0566,5.3579,22.4271,15.3242,0.3003,16.6667,13.9860,7.9211,0.4571,37.5000,49.8710,14.0000,0.0000,8.0000,0.4588,1.8304,0.4588,1.8304
3753980,2016-03-19,Premier League,2015/2016,31.0000,Arsenal,Everton,A,Arsène Wenger,Roberto Martínez,2.0000,0.0000,3.0000,46.4455,50.9434,5.5556,19.7150,10.8889,0.3697,0.0000,5.3892,12.3750,0.3381,48.1675,44.4677,14.0000,0.0000,11.0000,1.8304,0.4588,1.8304,0.4588
3754052,2016-03-19,Premier League,2015/2016,31.0000,West Bromwich Albion,Norwich City,H,Tony Pulis,Alex Neil,0.0000,1.0000,0.0000,48.5993,50.0000,3.5361,23.0492,22.1574,0.4901,0.0000,5.6962,8.0625,0.3815,42.2360,46.0587,12.0000,1.0000,10.0000,0.4585,0.6977,0.4585,0.6977
3754052,2016-03-19,Premier League,2015/2016,31.0000,Norwich City,West Bromwich Albion,A,Alex Neil,Tony Pulis,1.0000,0.0000,3.0000,51.4007,50.0000,3.8021,21.6187,16.9863,0.4498,0.0000,11.5646,8.0968,0.5464,42.6606,47.2880,15.0000,0.0000,7.0000,0.6977,0.4585,0.6977,0.4585
3754181,2016-03-19,Premier League,2015/2016,31.0000,Crystal Palace,Leicester City,H,Alan Pardew,Claudio Ranieri,0.0000,1.0000,0.0000,57.3443,48.8889,4.1881,22.9328,19.1489,0.3881,14.2857,13.6364,11.6316,0.3691,35.0746,50.5058,11.0000,0.0000,13.0000,0.6115,1.3213,0.6115,1.3213
3754181,2016-03-19,Premier League,2015/2016,31.0000,Leicester City,Crystal Palace,A,Claudio Ranieri,Alan Pardew,1.0000,0.0000,3.0000,42.6557,51.1111,3.7952,22.5044,17.4603,0.4476,0.0000,12.6761,11.0000,0.2705,46.9697,48.5132,11.0000,0.0000,8.0000,1.3213,0.6115,1.3213,0.6115
3754224,2016-03-19,Premier League,2015/2016,31.0000,Swansea City,Aston Villa,H,Francesco Guidolin,Rémi Garde,1.0000,0.0000,3.0000,53.2839,42.9719,4.5859,19.8740,10.5727,0.2635,28.5714,7.6923,6.2750,0.3810,44.6429,52.1975,15.0000,1.0000,10.0000,0.5911,1.0717,0.5911,1.0717
3754224,2016-03-19,Premier League,2015/2016,31.0000,Aston Villa,Swansea City,A,Rémi Garde,Francesco Guidolin,0.0000,1.0000,0.0000,46.7161,57.0281,4.3523,20.4662,15.1436,0.3207,14.2857,13.5484,8.6154,0.3917,34.5178,54.0000,23.0000,0.0000,12.0000,1.0717,0.5911,1.0717,0.5911
3754043,2016-03-20,Premier League,2015/2016,31.0000,Tottenham Hotspur,AFC Bournemouth,H,Mauricio Pochettino,Eddie Howe,3.0000,0.0000,3.0000,60.5288,63.5417,7.1807,21.6151,14.7651,0.2334,75.0000,4.4025,11.1034,0.4928,50.0000,47.9417,8.0000,1.0000,18.0000,1.5332,0.2545,1.5332,0.2545
3754043,2016-03-20,Premier League,2015/2016,31.0000,AFC Bournemouth,Tottenham Hotspur,A,Eddie Howe,Mauricio Pochettino,0.0000,3.0000,0.0000,39.4712,36.4583,3.3592,23.2663,22.5434,0.3398,14.2857,14.7727,23.6316,0.3651,44.8718,47.7636,10.0000,0.0000,2.0000,0.2545,1.5332,0.2545,1.5332
3754064,2016-03-20,Premier League,2015/2016,31.0000,Southampton,Liverpool,H,Ronald Koeman,Jürgen Klopp,3.0000,2.0000,3.0000,49.2126,53.9623,4.3271,19.3599,12.7430,0.3451,20.0000,5.3571,7.6087,0.3721,47.3958,50.3500,9.0000,3.0000,16.0000,1.9337,1.5086,1.1502,1.5086
3754064,2016-03-20,Premier League,2015/2016,31.0000,Liverpool,Southampton,A,Jürgen Klopp,Ronald Koeman,2.0000,3.0000,0.0000,50.7874,46.0377,4.6735,17.8459,8.7336,0.3334,30.7692,4.2254,18.2941,0.4920,32.9268,53.5427,18.0000,2.0000,18.0000,1.5086,1.9337,1.5086,1.1502
3754100,2016-03-20,Premier League,2015/2016,31.0000,Newcastle United,Sunderland,H,Rafael Benítez,Sam Allardyce,1.0000,1.0000,1.0000,58.9024,53.5885,4.5789,21.4116,14.7126,0.3687,0.0000,9.3525,6.9062,0.4154,37.8571,51.7586,14.0000,0.0000,17.0000,1.4880,0.6046,1.4880,0.6046
3754100,2016-03-20,Premier League,2015/2016,31.0000,Sunderland,Newcastle United,A,Sam Allardyce,Rafael Benítez,1.0000,1.0000,1.0000,41.0976,46.4115,2.9091,23.7770,21.8750,0.5038,0.0000,3.1496,10.1176,0.3292,35.8491,52.5147,14.0000,0.0000,14.0000,0.6046,1.4880,0.6046,1.4880
3754124,2016-03-20,Premier League,2015/2016,31.0000,Manchester City,Manchester United,H,Manuel Pellegrini,Louis van Gaal,0.0000,1.0000,0.0000,54.9020,63.3065,4.4112,18.8591,10.3814,0.3317,80.0000,8.0460,15.8947,0.4233,41.6216,47.0657,16.0000,0.0000,25.0000,1.9654,0.5240,1.9654,0.5240
3754124,2016-03-20,Premier League,2015/2016,31.0000,Manchester United,Manchester City,A,Louis van Gaal,Manuel Pellegrini,1.0000,0.0000,3.0000,45.0980,36.6935,3.3784,19.5738,12.0000,0.3697,16.6667,7.2072,8.0526,0.4267,33.0396,47.5927,7.0000,0.0000,5.0000,0.5240,1.9654,0.5240,1.9654
3754075,2016-04-02,Premier League,2015/2016,32.0000,Aston Villa,Chelsea,H,Eric Black,Guus Hiddink,0.0000,4.0000,0.0000,41.8084,58.4416,4.1782,20.6785,12.7962,0.3416,0.0000,8.5526,16.6333,0.3554,40.2597,47.7725,12.0000,0.0000,15.0000,0.9689,2.1443,0.9689,1.3608
3754075,2016-04-02,Premier League,2015/2016,32.0000,Chelsea,Aston Villa,A,Guus Hiddink,Eric Black,4.0000,0.0000,3.0000,58.1916,41.5584,5.7170,19.6106,10.5611,0.2828,40.0000,4.0323,11.0000,0.3169,40.5405,46.2721,5.0000,0.0000,11.0000,2.1443,0.9689,1.3608,0.9689
3754087,2016-04-02,Premier League,2015/2016,32.0000,Liverpool,Tottenham Hotspur,H,Jürgen Klopp,Mauricio Pochettino,1.0000,1.0000,1.0000,43.0173,44.5455,3.7273,19.8372,11.3821,0.4285,0.0000,10.8108,8.0638,0.4293,43.3333,51.7626,15.0000,1.0000,15.0000,1.2661,1.6898,1.2661,1.6898
3754087,2016-04-02,Premier League,2015/2016,32.0000,Tottenham Hotspur,Liverpool,A,Mauricio Pochettino,Jürgen Klopp,1.0000,1.0000,1.0000,56.9827,55.4545,4.2167,21.2981,12.8458,0.3045,50.0000,6.9930,12.0800,0.3839,50.6173,50.5212,14.0000,1.0000,18.0000,1.6898,1.2661,1.6898,1.2661
3754118,2016-04-02,Premier League,2015/2016,32.0000,Arsenal,Watford,H,Arsène Wenger,Quique Sánchez Flores,4.0000,0.0000,3.0000,67.8298,74.3034,8.3516,18.5990,7.7632,0.2043,0.0000,4.4776,11.5909,0.1587,38.3333,53.7659,12.0000,1.0000,19.0000,2.5767,0.4321,2.5767,0.4321
3754118,2016-04-02,Premier League,2015/2016,32.0000,Watford,Arsenal,A,Quique Sánchez Flores,Arsène Wenger,0.0000,4.0000,0.0000,32.1702,25.6966,3.6957,20.9427,15.5882,0.4292,0.0000,8.0357,22.4286,0.1418,35.3982,49.2344,13.0000,0.0000,7.0000,0.4321,2.5767,0.4321,2.5767
3754144,2016-04-02,Premier League,2015/2016,32.0000,AFC Bournemouth,Manchester City,H,Eddie Howe,Manuel Pellegrini,0.0000,4.0000,0.0000,46.5347,39.8496,4.7071,20.1392,13.3047,0.3071,22.2222,11.1111,14.1923,0.2744,46.6258,47.0202,11.0000,0.0000,11.0000,1.1448,0.7707,1.1448,0.7707
3754144,2016-04-02,Premier League,2015/2016,32.0000,Manchester City,AFC Bournemouth,A,Manuel Pellegrini,Eddie Howe,4.0000,0.0000,3.0000,53.4653,60.1504,6.5595,18.3387,9.2559,0.2209,0.0000,6.9364,10.9143,0.2321,55.8333,50.5018,18.0000,1.0000,15.0000,0.7707,1.1448,0.7707,1.1448
3754175,2016-04-02,Premier League,2015/2016,32.0000,Sunderland,West Bromwich Albion,H,Sam Allardyce,Tony Pulis,0.0000,0.0000,1.0000,56.8773,63.6364,4.3053,24.5654,21.7604,0.4345,33.3333,6.8966,8.3333,0.4626,46.5839,51.2164,13.0000,1.0000,25.0000,2.2035,0.1494,2.2035,0.1494
3754175,2016-04-02,Premier League,2015/2016,32.0000,West Bromwich Albion,Sunderland,A,Tony Pulis,Sam Allardyce,0.0000,0.0000,1.0000,43.1227,36.3636,3.3678,24.4598,20.8191,0.4898,0.0000,6.3636,11.2400,0.3464,33.9623,44.2095,7.0000,0.0000,4.0000,0.1494,2.2035,0.1494,2.2035
3754176,2016-04-02,Premier League,2015/2016,32.0000,West Ham United,Crystal Palace,H,Slaven Bilić,Alan Pardew,2.0000,2.0000,1.0000,66.1871,56.4417,4.7941,20.9511,13.9059,0.3066,10.0000,9.6000,8.9091,0.3546,39.0000,47.8511,6.0000,0.0000,18.0000,1.4462,1.5324,1.4462,1.5324
3754176,2016-04-02,Premier League,2015/2016,32.0000,Crystal Palace,West Ham United,A,Alan Pardew,Slaven Bilić,2.0000,2.0000,1.0000,33.8129,43.5583,2.4792,24.3261,20.5882,0.5418,0.0000,13.0000,12.5455,0.3098,38.5965,52.6856,13.0000,0.0000,12.0000,1.5324,1.4462,1.5324,1.4462
3754243,2016-04-02,Premier League,2015/2016,32.0000,Norwich City,Newcastle United,H,Alex Neil,Rafael Benítez,3.0000,2.0000,3.0000,42.7673,50.0000,3.8085,22.3078,18.1564,0.4821,0.0000,11.2500,21.1111,0.2289,41.6000,56.1584,19.0000,0.0000,13.0000,1.5276,2.0710,1.5276,1.2875
3754243,2016-04-02,Premier League,2015/2016,32.0000,Newcastle United,Norwich City,A,Rafael Benítez,Alex Neil,2.0000,3.0000,0.0000,57.2327,50.0000,5.3370,21.4504,14.4603,0.3642,0.0000,10.2410,14.8235,0.3333,34.5588,45.4482,9.0000,1.0000,13.0000,2.0710,1.5276,1.2875,1.5276
3754272,2016-04-02,Premier League,2015/2016,32.0000,Stoke City,Swansea City,H,Mark Hughes,Francesco Guidolin,2.0000,2.0000,1.0000,47.5457,43.8053,4.6947,21.9992,14.7982,0.3519,0.0000,7.6389,16.9091,0.4312,45.9574,47.2396,7.0000,0.0000,12.0000,0.8729,0.4947,0.8729,0.4947
3754272,2016-04-02,Premier League,2015/2016,32.0000,Swansea City,Stoke City,A,Francesco Guidolin,Mark Hughes,2.0000,2.0000,1.0000,52.4543,56.1947,5.1531,20.0532,10.8911,0.3225,16.6667,7.5000,8.7000,0.3300,41.1043,51.5970,8.0000,0.0000,12.0000,0.4947,0.8729,0.4947,0.8729
3753982,2016-04-03,Premier League,2015/2016,32.0000,Leicester City,Southampton,H,Claudio Ranieri,Ronald Koeman,1.0000,0.0000,3.0000,44.2478,42.7046,3.7473,19.6061,14.0762,0.4046,20.0000,8.4034,12.8696,0.4127,31.2500,50.2073,15.0000,0.0000,11.0000,1.2377,0.5185,1.2377,0.5185
3753982,2016-04-03,Premier League,2015/2016,32.0000,Southampton,Leicester City,A,Ronald Koeman,Claudio Ranieri,0.0000,1.0000,0.0000,55.7522,57.2954,4.4059,20.8180,14.1573,0.3935,14.2857,13.4078,10.6957,0.4750,32.1053,50.5441,21.0000,1.0000,10.0000,0.5185,1.2377,0.5185,1.2377
3754299,2016-04-03,Premier League,2015/2016,32.0000,Manchester United,Everton,H,Louis van Gaal,Roberto Martínez,1.0000,0.0000,3.0000,54.1992,65.6716,6.0235,19.7376,12.5000,0.3021,0.0000,7.1795,8.1429,0.4371,40.9756,51.6521,14.0000,0.0000,10.0000,0.8642,0.5750,0.8642,0.5750
3754299,2016-04-03,Premier League,2015/2016,32.0000,Everton,Manchester United,A,Roberto Martínez,Louis van Gaal,0.0000,1.0000,0.0000,45.8008,34.3284,4.5054,25.1067,21.4797,0.3370,66.6667,8.3333,11.0667,0.3351,40.8602,46.8273,11.0000,0.0000,7.0000,0.5750,0.8642,0.5750,0.8642
3754016,2016-04-09,Premier League,2015/2016,33.0000,Southampton,Newcastle United,H,Ronald Koeman,Rafael Benítez,3.0000,1.0000,3.0000,50.7307,69.2661,4.0377,20.2230,13.3178,0.4096,33.3333,10.0592,11.3636,0.2309,58.7156,56.4086,16.0000,1.0000,20.0000,1.9387,0.2690,1.9387,0.2690
3754016,2016-04-09,Premier League,2015/2016,33.0000,Newcastle United,Southampton,A,Rafael Benítez,Ronald Koeman,1.0000,3.0000,0.0000,49.2693,30.7339,4.9767,19.8905,13.3178,0.3765,15.3846,10.8696,18.8125,0.3436,29.3413,38.9678,9.0000,0.0000,5.0000,0.2690,1.9387,0.2690,1.9387
3754022,2016-04-09,Premier League,2015/2016,33.0000,Crystal Palace,Norwich City,H,Alan Pardew,Alex Neil,1.0000,0.0000,3.0000,51.9774,47.9592,3.2766,24.9869,21.1039,0.5224,10.0000,14.4068,7.5926,0.3735,31.4961,47.6635,12.0000,2.0000,14.0000,1.2824,1.0311,1.2824,1.0311
3754022,2016-04-09,Premier League,2015/2016,33.0000,Norwich City,Crystal Palace,A,Alex Neil,Alan Pardew,0.0000,1.0000,0.0000,48.0226,52.0408,2.4907,23.1310,17.1004,0.5247,0.0000,11.1940,10.2500,0.3967,46.5753,55.1149,11.0000,0.0000,14.0000,1.0311,1.2824,1.0311,1.2824
3754030,2016-04-09,Premier League,2015/2016,33.0000,Watford,Everton,H,Quique Sánchez Flores,Roberto Martínez,1.0000,1.0000,1.0000,41.6667,48.0198,3.6517,21.8605,17.8462,0.4811,0.0000,7.9365,14.8800,0.4768,39.2713,43.6038,7.0000,1.0000,13.0000,0.5523,1.4062,0.5523,1.4062
3754030,2016-04-09,Premier League,2015/2016,33.0000,Everton,Watford,A,Roberto Martínez,Quique Sánchez Flores,1.0000,1.0000,1.0000,58.3333,51.9802,4.6832,23.0175,17.7590,0.3712,16.6667,13.3803,10.5217,0.4973,43.4783,51.6367,15.0000,1.0000,12.0000,1.4062,0.5523,1.4062,0.5523
3754035,2016-04-09,Premier League,2015/2016,33.0000,Manchester City,West Bromwich Albion,H,Manuel Pellegrini,Tony Pulis,2.0000,1.0000,3.0000,62.2199,67.0000,6.4048,19.3963,11.3383,0.2523,25.0000,5.6075,13.5294,0.2571,40.6593,48.5150,15.0000,1.0000,13.0000,2.0881,1.2043,1.3046,1.2043
3754035,2016-04-09,Premier League,2015/2016,33.0000,West Bromwich Albion,Manchester City,A,Tony Pulis,Manuel Pellegrini,1.0000,2.0000,0.0000,37.7801,33.0000,3.6548,21.8592,16.9381,0.4363,0.0000,9.3220,17.1579,0.1149,40.2985,46.4022,12.0000,0.0000,13.0000,1.2043,2.0881,1.2043,1.3046
3754116,2016-04-09,Premier League,2015/2016,33.0000,Swansea City,Chelsea,H,Francesco Guidolin,Guus Hiddink,1.0000,0.0000,3.0000,40.1065,32.9545,3.7615,21.5603,16.8293,0.4070,14.2857,8.3333,10.5349,0.3007,38.4236,47.8679,14.0000,0.0000,12.0000,1.8257,1.6572,1.8257,1.6572
3754116,2016-04-09,Premier League,2015/2016,33.0000,Chelsea,Swansea City,A,Guus Hiddink,Francesco Guidolin,0.0000,1.0000,0.0000,59.8935,67.0455,5.7248,19.1083,9.7756,0.3569,60.0000,9.5238,9.2162,0.3739,44.9704,52.1056,12.0000,0.0000,9.0000,1.6572,1.8257,1.6572,1.8257
3754241,2016-04-09,Premier League,2015/2016,33.0000,West Ham United,Arsenal,H,Slaven Bilić,Arsène Wenger,3.0000,3.0000,1.0000,41.1111,40.4110,3.8710,20.8131,14.7222,0.3534,14.2857,11.8519,9.6944,0.1372,32.5000,49.9949,14.0000,1.0000,17.0000,1.2578,1.8430,1.2578,1.8430
3754241,2016-04-09,Premier League,2015/2016,33.0000,Arsenal,West Ham United,A,Arsène Wenger,Slaven Bilić,3.0000,3.0000,1.0000,58.8889,59.5890,5.9341,18.1652,6.6667,0.2902,28.5714,9.2233,12.6190,0.2457,39.0000,47.1139,17.0000,0.0000,11.0000,1.8430,1.2578,1.8430,1.2578
3754262,2016-04-09,Premier League,2015/2016,33.0000,Aston Villa,AFC Bournemouth,H,Eric Black,Eddie Howe,1.0000,2.0000,0.0000,41.5610,34.2466,4.1222,22.3967,15.6334,0.3449,0.0000,14.5631,17.3478,0.4157,37.7510,43.5759,7.0000,0.0000,7.0000,0.4432,1.0178,0.4432,1.0178
3754262,2016-04-09,Premier League,2015/2016,33.0000,AFC Bournemouth,Aston Villa,A,Eddie Howe,Eric Black,2.0000,1.0000,3.0000,58.4390,65.7534,5.6250,21.7417,14.2593,0.2604,25.0000,8.8608,9.8485,0.4225,52.7778,52.6828,16.0000,0.0000,12.0000,1.0178,0.4432,1.0178,0.4432
3753986,2016-04-10,Premier League,2015/2016,33.0000,Liverpool,Stoke City,H,Jürgen Klopp,Mark Hughes,4.0000,1.0000,3.0000,53.5968,64.6512,4.9479,19.7303,9.6842,0.3300,50.0000,11.0390,10.1875,0.2249,42.7184,51.2586,12.0000,0.0000,14.0000,1.9047,0.5865,1.9047,0.5865
3753986,2016-04-10,Premier League,2015/2016,33.0000,Stoke City,Liverpool,A,Mark Hughes,Jürgen Klopp,1.0000,4.0000,0.0000,46.4032,35.3488,4.7791,22.4857,15.3285,0.3005,0.0000,13.0841,11.2581,0.2155,32.4561,45.5614,11.0000,0.0000,11.0000,0.5865,1.9047,0.5865,1.9047
3754152,2016-04-10,Premier League,2015/2016,33.0000,Sunderland,Leicester City,H,Sam Allardyce,Claudio Ranieri,0.0000,2.0000,0.0000,46.9965,38.2114,3.2981,23.6237,20.9913,0.5242,0.0000,4.7244,7.7879,0.3711,38.3234,43.5415,14.0000,2.0000,15.0000,0.7836,3.0079,0.7836,3.0079
3754152,2016-04-10,Premier League,2015/2016,33.0000,Leicester City,Sunderland,A,Claudio Ranieri,Sam Allardyce,2.0000,0.0000,3.0000,53.0035,61.7886,3.6168,20.2539,13.9535,0.4697,0.0000,8.1967,6.9487,0.4812,42.7083,51.3116,16.0000,2.0000,16.0000,3.0079,0.7836,3.0079,0.7836
3754209,2016-04-10,Premier League,2015/2016,33.0000,Tottenham Hotspur,Manchester United,H,Mauricio Pochettino,Louis van Gaal,3.0000,0.0000,3.0000,48.2796,47.3214,4.4719,21.6399,15.5779,0.4196,28.5714,7.5758,9.3824,0.5634,43.5424,52.7031,18.0000,1.0000,16.0000,1.8134,0.5081,1.8134,0.5081
3754209,2016-04-10,Premier League,2015/2016,33.0000,Manchester United,Tottenham Hotspur,A,Louis van Gaal,Mauricio Pochettino,0.0000,3.0000,0.0000,51.7204,52.6786,4.0784,20.0777,14.4231,0.3351,7.6923,5.0360,8.6111,0.3430,43.5065,49.6621,10.0000,0.0000,6.0000,0.5081,1.8134,0.5081,1.8134
3754048,2016-04-13,Premier League,2015/2016,35.0000,Crystal Palace,Everton,H,Alan Pardew,Roberto Martínez,0.0000,0.0000,1.0000,56.9756,65.2174,5.7979,20.5501,11.5596,0.3316,0.0000,10.2679,7.1951,0.3810,44.0476,57.0025,26.0000,3.0000,20.0000,2.6654,0.5921,2.6654,0.5921
3754048,2016-04-13,Premier League,2015/2016,35.0000,Everton,Crystal Palace,A,Roberto Martínez,Alan Pardew,0.0000,0.0000,1.0000,43.0244,34.7826,4.6000,19.9797,10.7417,0.3332,6.6667,7.4380,16.6500,0.1781,28.8462,40.2065,8.0000,0.0000,9.0000,0.5921,2.6654,0.5921,2.6654
3754024,2016-04-16,Premier League,2015/2016,34.0000,Newcastle United,Swansea City,H,Rafael Benítez,Francesco Guidolin,3.0000,0.0000,3.0000,36.2213,44.8276,2.8485,19.1505,14.5390,0.5270,8.3333,6.6116,17.3600,0.3110,35.7895,47.0283,11.0000,1.0000,12.0000,1.0501,1.1110,1.0501,1.1110
3754024,2016-04-16,Premier League,2015/2016,34.0000,Swansea City,Newcastle United,A,Francesco Guidolin,Rafael Benítez,0.0000,3.0000,0.0000,63.7787,55.1724,5.0935,20.5204,12.2936,0.3077,16.6667,5.5944,8.8400,0.5072,32.3864,51.2800,17.0000,0.0000,12.0000,1.1110,1.0501,1.1110,1.0501
3754137,2016-04-16,Premier League,2015/2016,34.0000,Everton,Southampton,H,Roberto Martínez,Ronald Koeman,1.0000,1.0000,1.0000,49.7647,33.3333,4.4235,20.4079,11.9681,0.2997,0.0000,7.2917,12.8000,0.2201,28.7234,34.4045,7.0000,1.0000,7.0000,0.3211,1.4534,0.3211,1.4534
3754137,2016-04-16,Premier League,2015/2016,34.0000,Southampton,Everton,A,Ronald Koeman,Roberto Martínez,1.0000,1.0000,1.0000,50.2353,66.6667,4.6341,23.0596,19.2105,0.3389,20.0000,12.6168,6.1957,0.1986,63.0952,62.6465,25.0000,0.0000,18.0000,1.4534,0.3211,1.4534,0.3211
3754155,2016-04-16,Premier League,2015/2016,34.0000,West Bromwich Albion,Watford,H,Tony Pulis,Quique Sánchez Flores,0.0000,1.0000,0.0000,56.1224,71.3147,3.6281,21.5716,15.4897,0.3761,0.0000,8.8235,10.7037,0.2067,37.5000,56.8766,21.0000,0.0000,17.0000,2.4563,0.4683,0.8893,0.4683
3754155,2016-04-16,Premier League,2015/2016,34.0000,Watford,West Bromwich Albion,A,Quique Sánchez Flores,Tony Pulis,1.0000,0.0000,3.0000,43.8776,28.6853,3.3900,22.4866,22.1239,0.4581,0.0000,5.1020,15.8333,0.1455,22.2222,41.1876,10.0000,0.0000,11.0000,0.4683,2.4563,0.4683,0.8893
3754172,2016-04-16,Premier League,2015/2016,34.0000,Norwich City,Sunderland,H,Alex Neil,Sam Allardyce,0.0000,3.0000,0.0000,62.3016,71.5116,3.5045,22.4770,17.9949,0.4684,22.2222,10.1351,12.4118,0.3263,53.7634,51.3263,18.0000,0.0000,19.0000,1.2746,1.7774,1.2746,0.9939
3754172,2016-04-16,Premier League,2015/2016,34.0000,Sunderland,Norwich City,A,Sam Allardyce,Alex Neil,3.0000,0.0000,3.0000,37.6984,28.4884,3.5571,23.7447,22.8916,0.6094,0.0000,5.3191,13.1739,0.3142,39.8649,45.9990,7.0000,0.0000,8.0000,1.7774,1.2746,0.9939,1.2746
3754295,2016-04-16,Premier League,2015/2016,34.0000,Manchester United,Aston Villa,H,Louis van Gaal,Eric Black,1.0000,0.0000,3.0000,65.3209,81.4126,5.6765,19.8584,10.8808,0.2645,22.2222,4.2194,10.3077,0.4806,55.2795,58.9516,20.0000,1.0000,14.0000,1.3492,0.3471,1.3492,0.3471
3754295,2016-04-16,Premier League,2015/2016,34.0000,Aston Villa,Manchester United,A,Eric Black,Louis van Gaal,0.0000,1.0000,0.0000,34.6791,18.5874,3.4512,22.4010,14.8410,0.3849,22.2222,8.1967,26.7692,0.2932,23.7838,35.7561,6.0000,0.0000,7.0000,0.3471,1.3492,0.3471,1.3492
3754322,2016-04-16,Premier League,2015/2016,34.0000,Chelsea,Manchester City,H,Guus Hiddink,Manuel Pellegrini,0.0000,3.0000,0.0000,50.7610,58.4980,4.6306,17.5972,8.3658,0.3237,100.0000,6.8750,9.8250,0.3309,37.9121,55.3632,24.0000,0.0000,12.0000,0.9852,2.3260,0.9852,1.5425
3754322,2016-04-16,Premier League,2015/2016,34.0000,Manchester City,Chelsea,A,Manuel Pellegrini,Guus Hiddink,3.0000,0.0000,3.0000,49.2390,41.5020,4.2605,17.0134,6.1144,0.2611,0.0000,7.1429,13.8148,0.3210,40.6593,45.6714,12.0000,2.0000,12.0000,2.3260,0.9852,1.5425,0.9852
3754009,2016-04-17,Premier League,2015/2016,34.0000,Arsenal,Crystal Palace,H,Arsène Wenger,Alan Pardew,1.0000,1.0000,1.0000,71.1152,80.5556,7.2400,17.4302,6.7680,0.2013,0.0000,6.5693,8.8889,0.5316,55.3571,60.0306,21.0000,1.0000,21.0000,1.7366,0.3876,1.7366,0.3876
3754009,2016-04-17,Premier League,2015/2016,34.0000,Crystal Palace,Arsenal,A,Alan Pardew,Arsène Wenger,1.0000,1.0000,1.0000,28.8848,19.4444,3.5897,21.6745,17.8571,0.4310,11.1111,11.8421,20.0000,0.2725,25.0000,42.5974,6.0000,0.0000,7.0000,0.3876,1.7366,0.3876,1.7366
3754216,2016-04-17,Premier League,2015/2016,34.0000,AFC Bournemouth,Liverpool,H,Eddie Howe,Jürgen Klopp,1.0000,2.0000,0.0000,50.5525,55.0926,4.0164,21.3863,14.6939,0.3496,41.6667,10.7914,9.4146,0.2831,46.7105,54.8475,13.0000,0.0000,19.0000,1.6121,1.8167,1.6121,1.8167
3754216,2016-04-17,Premier League,2015/2016,34.0000,Liverpool,AFC Bournemouth,A,Jürgen Klopp,Eddie Howe,2.0000,1.0000,3.0000,49.4475,44.9074,4.1368,20.0694,10.7438,0.3186,0.0000,6.3492,17.9545,0.3825,38.0952,47.2491,14.0000,1.0000,19.0000,1.8167,1.6121,1.8167,1.6121
3754227,2016-04-17,Premier League,2015/2016,34.0000,Leicester City,West Ham United,H,Claudio Ranieri,Slaven Bilić,2.0000,2.0000,1.0000,43.0675,30.0000,3.6585,21.4017,18.0000,0.4953,7.6923,6.8182,9.4062,0.3341,41.9355,46.0802,9.0000,1.0000,6.0000,1.3001,1.8041,0.5166,1.0206
3754227,2016-04-17,Premier League,2015/2016,34.0000,West Ham United,Leicester City,A,Slaven Bilić,Claudio Ranieri,2.0000,2.0000,1.0000,56.9325,70.0000,4.6250,21.0040,12.7764,0.3930,25.0000,10.3896,9.9615,0.2422,45.8824,52.6090,13.0000,0.0000,20.0000,1.8041,1.3001,1.0206,0.5166
3754187,2016-04-18,Premier League,2015/2016,34.0000,Stoke City,Tottenham Hotspur,H,Mark Hughes,Mauricio Pochettino,0.0000,4.0000,0.0000,50.7295,54.0698,4.1789,21.3837,13.8539,0.3480,18.1818,7.2000,10.5806,0.3986,47.4286,49.1500,7.0000,0.0000,13.0000,0.7062,3.4869,0.7062,3.4869
3754187,2016-04-18,Premier League,2015/2016,34.0000,Tottenham Hotspur,Stoke City,A,Mauricio Pochettino,Mark Hughes,4.0000,0.0000,3.0000,49.2705,45.9302,3.7019,21.2410,13.5065,0.3391,11.1111,7.7670,12.0385,0.3938,45.5056,48.7068,10.0000,1.0000,22.0000,3.4869,0.7062,3.4869,0.7062
3754206,2016-04-19,Premier League,2015/2016,27.0000,Newcastle United,Manchester City,H,Rafael Benítez,Manuel Pellegrini,1.0000,1.0000,1.0000,43.0279,40.8922,4.1739,19.0111,13.0208,0.4623,0.0000,6.3492,10.0000,0.4633,40.3774,47.0714,10.0000,0.0000,5.0000,0.6024,0.6784,0.6024,0.6784
3754206,2016-04-19,Premier League,2015/2016,27.0000,Manchester City,Newcastle United,A,Manuel Pellegrini,Rafael Benítez,1.0000,1.0000,1.0000,56.9721,59.1078,5.0891,19.8767,10.5058,0.3102,0.0000,6.5574,8.4412,0.3796,44.5122,52.9556,18.0000,0.0000,10.0000,0.6784,0.6024,0.6784,0.6024
3754086,2016-04-20,Premier League,2015/2016,30.0000,West Ham United,Watford,H,Slaven Bilić,Quique Sánchez Flores,3.0000,1.0000,3.0000,47.0457,49.7110,3.3761,22.2077,17.3913,0.3364,0.0000,8.0357,11.9643,0.3600,45.6140,49.0676,9.0000,3.0000,18.0000,3.6376,1.3215,2.0706,0.5380
3754086,2016-04-20,Premier League,2015/2016,30.0000,Watford,West Ham United,A,Quique Sánchez Flores,Slaven Bilić,1.0000,3.0000,0.0000,52.9543,50.2890,4.1359,18.2281,9.1549,0.3128,11.1111,8.2569,9.9355,0.4028,45.2941,47.0885,5.0000,0.0000,7.0000,1.3215,3.6376,0.5380,2.0706
3754294,2016-04-20,Premier League,2015/2016,27.0000,Liverpool,Everton,H,Jürgen Klopp,Roberto Martínez,4.0000,0.0000,3.0000,66.0569,83.6299,6.8202,19.3655,10.2142,0.2880,66.6667,10.5263,6.5854,0.4701,61.7834,60.3504,20.0000,5.0000,37.0000,3.5291,0.1233,3.5291,0.1233
3754294,2016-04-20,Premier League,2015/2016,27.0000,Everton,Liverpool,A,Roberto Martínez,Jürgen Klopp,0.0000,4.0000,0.0000,33.9431,16.3701,3.3929,24.1357,19.2982,0.3768,21.0526,1.6949,21.5333,0.2385,21.2903,40.1980,5.0000,1.0000,3.0000,0.1233,3.5291,0.1233,3.5291
3754310,2016-04-20,Premier League,2015/2016,30.0000,Manchester United,Crystal Palace,H,Louis van Gaal,Alan Pardew,2.0000,0.0000,3.0000,65.2724,77.4834,7.0000,18.7299,9.6825,0.1997,100.0000,7.4380,5.5652,0.4538,44.4444,54.9840,15.0000,3.0000,16.0000,1.3909,0.2209,1.3909,0.2209
3754310,2016-04-20,Premier League,2015/2016,30.0000,Crystal Palace,Manchester United,A,Alan Pardew,Louis van Gaal,0.0000,2.0000,0.0000,34.7276,22.5166,3.2366,21.3207,15.6146,0.3036,40.0000,3.7975,13.9615,0.2355,32.2785,42.7206,8.0000,0.0000,5.0000,0.2209,1.3909,0.2209,1.3909
3754284,2016-04-21,Premier League,2015/2016,30.0000,Arsenal,West Bromwich Albion,H,Arsène Wenger,Tony Pulis,2.0000,0.0000,3.0000,70.8955,74.6032,7.8913,17.2206,6.6116,0.2674,0.0000,4.5455,6.1351,0.3526,50.9091,58.1610,16.0000,1.0000,16.0000,1.3186,0.7341,1.3186,0.7341
3754284,2016-04-21,Premier League,2015/2016,30.0000,West Bromwich Albion,Arsenal,A,Tony Pulis,Arsène Wenger,0.0000,2.0000,0.0000,29.1045,25.3968,2.8132,22.1694,16.7969,0.3779,0.0000,10.0000,19.9200,0.2289,40.8046,46.6779,7.0000,0.0000,8.0000,0.7341,1.3186,0.7341,1.3186
3754154,2016-04-23,Premier League,2015/2016,35.0000,Liverpool,Newcastle United,H,Jürgen Klopp,Rafael Benítez,2.0000,2.0000,1.0000,64.3756,71.7300,5.6019,20.3836,13.2231,0.3094,0.0000,8.9552,8.9333,0.6332,44.6352,51.1444,17.0000,0.0000,13.0000,0.7177,0.3949,0.7177,0.3949
3754154,2016-04-23,Premier League,2015/2016,35.0000,Newcastle United,Liverpool,A,Rafael Benítez,Jürgen Klopp,2.0000,2.0000,1.0000,35.6244,28.2700,3.2604,21.9381,18.5304,0.4992,0.0000,6.9307,10.5952,0.3248,37.5000,47.1974,14.0000,0.0000,6.0000,0.3949,0.7177,0.3949,0.7177
3754242,2016-04-23,Premier League,2015/2016,35.0000,AFC Bournemouth,Chelsea,H,Eddie Howe,Guus Hiddink,1.0000,4.0000,0.0000,44.8885,47.1947,5.0465,20.1149,11.0599,0.3331,33.3333,13.5484,12.5667,0.2867,48.2353,48.9319,9.0000,1.0000,13.0000,0.7494,1.2851,0.7494,1.2851
3754242,2016-04-23,Premier League,2015/2016,35.0000,Chelsea,AFC Bournemouth,A,Guus Hiddink,Eddie Howe,4.0000,1.0000,3.0000,55.1115,52.8053,5.0748,19.6777,12.1547,0.2608,0.0000,5.8511,13.0870,0.3188,38.3117,44.0761,11.0000,2.0000,16.0000,1.2851,0.7494,1.2851,0.7494
3754282,2016-04-23,Premier League,2015/2016,35.0000,Aston Villa,Southampton,H,Eric Black,Ronald Koeman,2.0000,4.0000,0.0000,42.7282,36.2550,3.5000,20.6974,16.7116,0.3393,33.3333,8.5106,19.6316,0.3398,37.1134,45.2439,16.0000,0.0000,16.0000,1.3879,3.0150,1.3879,3.0150
3754282,2016-04-23,Premier League,2015/2016,35.0000,Southampton,Aston Villa,A,Ronald Koeman,Eric Black,4.0000,2.0000,3.0000,57.2718,63.7450,5.6989,19.9356,11.5094,0.2728,37.5000,8.9385,8.6944,0.4178,54.4944,60.1083,21.0000,1.0000,19.0000,3.0150,1.3879,3.0150,1.3879
3754307,2016-04-23,Premier League,2015/2016,35.0000,Manchester City,Stoke City,H,Manuel Pellegrini,Mark Hughes,4.0000,0.0000,3.0000,52.7976,56.6667,5.4483,18.6598,8.4388,0.2823,14.2857,3.8760,14.7826,0.2866,49.6241,50.6737,12.0000,0.0000,11.0000,2.9746,1.0233,2.1911,1.0233
3754307,2016-04-23,Premier League,2015/2016,35.0000,Stoke City,Manchester City,A,Mark Hughes,Manuel Pellegrini,0.0000,4.0000,0.0000,47.2024,43.3333,5.5128,20.6127,12.5581,0.3039,0.0000,8.6538,18.2381,0.2794,34.4828,45.7677,7.0000,0.0000,14.0000,1.0233,2.9746,1.0233,2.1911
3753990,2016-04-24,Premier League,2015/2016,35.0000,Sunderland,Arsenal,H,Sam Allardyce,Arsène Wenger,0.0000,0.0000,1.0000,30.8983,28.9377,3.0920,24.4892,25.6506,0.5637,0.0000,7.7586,16.3704,0.2929,31.2195,44.0100,9.0000,3.0000,12.0000,0.5018,1.3381,0.5018,1.3381
3753990,2016-04-24,Premier League,2015/2016,35.0000,Arsenal,Sunderland,A,Arsène Wenger,Sam Allardyce,0.0000,0.0000,1.0000,69.1017,71.0623,6.9462,18.6981,9.5975,0.3238,10.0000,5.2863,12.4118,0.3227,47.5248,55.2782,20.0000,1.0000,20.0000,1.3381,0.5018,1.3381,0.5018
3754228,2016-04-24,Premier League,2015/2016,35.0000,Leicester City,Swansea City,H,Claudio Ranieri,Francesco Guidolin,4.0000,0.0000,3.0000,37.9121,43.2900,4.1910,18.2119,11.5282,0.3794,0.0000,4.8780,10.9302,0.2670,41.4365,52.4771,20.0000,1.0000,19.0000,2.5087,0.4398,2.5087,0.4398
3754228,2016-04-24,Premier League,2015/2016,35.0000,Swansea City,Leicester City,A,Francesco Guidolin,Claudio Ranieri,0.0000,4.0000,0.0000,62.0879,56.7100,5.5315,19.2878,10.7492,0.2869,66.6667,8.6093,6.8780,0.5411,50.0000,48.5361,13.0000,0.0000,9.0000,0.4398,2.5087,0.4398,2.5087
3754332,2016-04-25,Premier League,2015/2016,35.0000,Tottenham Hotspur,West Bromwich Albion,H,Mauricio Pochettino,Tony Pulis,1.0000,1.0000,1.0000,68.0328,58.4000,6.0114,20.8207,11.9093,0.2784,55.5556,3.6364,8.7059,0.4872,36.0902,51.2625,21.0000,0.0000,17.0000,1.0603,0.9035,1.0603,0.9035
3754332,2016-04-25,Premier League,2015/2016,35.0000,West Bromwich Albion,Tottenham Hotspur,A,Tony Pulis,Mauricio Pochettino,1.0000,1.0000,1.0000,31.9672,41.6000,3.1667,22.3256,17.5439,0.4944,0.0000,9.5652,13.5556,0.3666,39.4366,50.0627,13.0000,0.0000,16.0000,0.9035,1.0603,0.9035,1.0603
3754037,2016-04-30,Premier League,2015/2016,36.0000,Everton,AFC Bournemouth,H,Roberto Martínez,Eddie Howe,2.0000,1.0000,3.0000,55.1510,52.0548,6.5632,21.0417,12.0841,0.2160,15.3846,4.3956,10.7333,0.3663,44.3243,49.7655,11.0000,2.0000,11.0000,0.8907,1.4297,0.8907,1.4297
3754037,2016-04-30,Premier League,2015/2016,36.0000,AFC Bournemouth,Everton,A,Eddie Howe,Roberto Martínez,1.0000,2.0000,0.0000,44.8490,47.9452,5.2841,20.4265,12.4731,0.2983,16.6667,10.5882,22.6667,0.2271,45.3901,46.1029,7.0000,0.0000,16.0000,1.4297,0.8907,1.4297,0.8907
3754063,2016-04-30,Premier League,2015/2016,36.0000,Watford,Aston Villa,H,Quique Sánchez Flores,Eric Black,3.0000,2.0000,3.0000,64.6078,78.0669,6.0300,19.9815,11.9403,0.2782,20.0000,6.5502,8.6774,0.3269,43.2203,54.3267,13.0000,0.0000,18.0000,1.1316,0.6171,1.1316,0.6171
3754063,2016-04-30,Premier League,2015/2016,36.0000,Aston Villa,Watford,A,Eric Black,Quique Sánchez Flores,2.0000,3.0000,0.0000,35.3922,21.9331,3.6824,20.7613,13.7380,0.3594,0.0000,5.4054,19.6500,0.2625,26.0116,43.2373,3.0000,0.0000,8.0000,0.6171,1.1316,0.6171,1.1316
3754132,2016-04-30,Premier League,2015/2016,36.0000,Stoke City,Sunderland,H,Mark Hughes,Sam Allardyce,1.0000,1.0000,1.0000,54.0789,42.1348,3.6566,23.6158,20.1657,0.4335,16.6667,10.6195,13.0000,0.3152,29.0909,47.5381,13.0000,1.0000,11.0000,0.7250,1.8034,0.7250,1.0199
3754132,2016-04-30,Premier League,2015/2016,36.0000,Sunderland,Stoke City,A,Sam Allardyce,Mark Hughes,1.0000,1.0000,1.0000,45.9211,57.8652,2.9691,24.2894,22.9167,0.5169,22.2222,7.1429,13.5652,0.3066,57.1429,53.2293,14.0000,0.0000,15.0000,1.8034,0.7250,1.0199,0.7250
3754170,2016-04-30,Premier League,2015/2016,36.0000,Newcastle United,Crystal Palace,H,Rafael Benítez,Alan Pardew,1.0000,0.0000,3.0000,47.6246,56.5217,3.9451,20.6509,15.3203,0.4280,0.0000,8.4416,8.8378,0.3805,41.8605,48.1619,12.0000,0.0000,10.0000,0.4457,1.0687,0.4457,0.2852
3754170,2016-04-30,Premier League,2015/2016,36.0000,Crystal Palace,Newcastle United,A,Alan Pardew,Rafael Benítez,0.0000,1.0000,0.0000,52.3754,43.4783,3.8235,23.3954,20.0000,0.4001,0.0000,9.0164,8.2258,0.3796,37.8205,52.4323,17.0000,1.0000,9.0000,1.0687,0.4457,0.2852,0.4457
3754184,2016-04-30,Premier League,2015/2016,36.0000,Arsenal,Norwich City,H,Arsène Wenger,Alex Neil,1.0000,0.0000,3.0000,69.5857,71.0145,8.2500,17.8595,8.3694,0.2931,11.1111,4.5113,8.1200,0.5201,42.2619,51.0972,19.0000,0.0000,14.0000,0.8147,0.8153,0.8147,0.8153
3754184,2016-04-30,Premier League,2015/2016,36.0000,Norwich City,Arsenal,A,Alex Neil,Arsène Wenger,0.0000,1.0000,0.0000,30.4143,28.9855,3.3412,22.0625,19.0141,0.5013,0.0000,11.0236,19.9048,0.2003,31.0811,46.8149,15.0000,0.0000,12.0000,0.8153,0.8147,0.8153,0.8147
3754192,2016-04-30,Premier League,2015/2016,36.0000,West Bromwich Albion,West Ham United,H,Tony Pulis,Slaven Bilić,0.0000,3.0000,0.0000,42.1342,52.0468,3.2900,22.9177,18.8450,0.4829,0.0000,9.4017,11.0278,0.3289,53.7572,59.0405,22.0000,0.0000,15.0000,1.2022,0.8405,1.2022,0.8405
3754192,2016-04-30,Premier League,2015/2016,36.0000,West Ham United,West Bromwich Albion,A,Slaven Bilić,Tony Pulis,3.0000,0.0000,3.0000,57.8658,47.9532,5.6353,21.2641,15.4489,0.2974,12.5000,11.8812,10.6800,0.3446,37.8788,48.3495,7.0000,0.0000,8.0000,0.8405,1.2022,0.8405,1.2022
3754018,2016-05-01,Premier League,2015/2016,36.0000,Swansea City,Liverpool,H,Francesco Guidolin,Jürgen Klopp,3.0000,1.0000,3.0000,47.3394,61.3043,5.0538,18.2258,10.0000,0.2899,20.0000,6.2500,9.7556,0.3206,46.1957,55.4475,12.0000,2.0000,19.0000,1.8349,0.7833,1.8349,0.7833
3754018,2016-05-01,Premier League,2015/2016,36.0000,Liverpool,Swansea City,A,Jürgen Klopp,Francesco Guidolin,1.0000,3.0000,0.0000,52.6606,38.6957,5.2929,19.6877,8.7786,0.2281,42.8571,3.8835,9.9688,0.5484,33.5689,46.9496,11.0000,0.0000,10.0000,0.7833,1.8349,0.7833,1.8349
3754165,2016-05-01,Premier League,2015/2016,36.0000,Manchester United,Leicester City,H,Louis van Gaal,Claudio Ranieri,1.0000,1.0000,1.0000,70.3261,80.6854,5.5566,20.8830,13.7521,0.2429,27.2727,9.5941,6.3214,0.6081,43.9759,53.6917,20.0000,0.0000,21.0000,1.2501,1.1321,1.2501,1.1321
3754165,2016-05-01,Premier League,2015/2016,36.0000,Leicester City,Manchester United,A,Claudio Ranieri,Louis van Gaal,1.0000,1.0000,1.0000,29.6739,19.3146,2.6353,21.2095,17.4107,0.5492,0.0000,8.2353,13.8333,0.4389,32.3944,42.9763,8.0000,1.0000,14.0000,1.1321,1.2501,1.1321,1.2501
3754320,2016-05-01,Premier League,2015/2016,36.0000,Southampton,Manchester City,H,Ronald Koeman,Manuel Pellegrini,4.0000,2.0000,3.0000,40.0385,49.1935,4.3372,20.4533,14.7453,0.4088,0.0000,8.7248,11.9714,0.3804,33.7553,49.7757,13.0000,3.0000,15.0000,3.0339,0.7559,3.0339,0.7559
3754320,2016-05-01,Premier League,2015/2016,36.0000,Manchester City,Southampton,A,Manuel Pellegrini,Ronald Koeman,2.0000,4.0000,0.0000,59.9615,50.8065,6.7529,17.7237,10.2787,0.2340,14.2857,5.5556,7.7879,0.4519,43.6170,48.6629,10.0000,0.0000,6.0000,0.7559,3.0339,0.7559,3.0339
3754092,2016-05-02,Premier League,2015/2016,36.0000,Chelsea,Tottenham Hotspur,H,Guus Hiddink,Mauricio Pochettino,2.0000,2.0000,1.0000,48.3491,56.1856,3.2617,18.4603,10.8883,0.3418,16.6667,5.5046,15.1429,0.3950,43.9306,50.2585,9.0000,0.0000,13.0000,0.7747,2.3210,0.7747,2.3210
3754092,2016-05-02,Premier League,2015/2016,36.0000,Tottenham Hotspur,Chelsea,A,Mauricio Pochettino,Guus Hiddink,2.0000,2.0000,1.0000,51.6509,43.8144,4.1848,21.4904,14.8052,0.3107,22.2222,5.5046,7.5278,0.4366,43.5754,48.3106,12.0000,0.0000,16.0000,2.3210,0.7747,2.3210,0.7747
3754026,2016-05-07,Premier League,2015/2016,37.0000,Crystal Palace,Stoke City,H,Alan Pardew,Mark Hughes,2.0000,1.0000,3.0000,57.7519,62.9834,3.4679,20.8888,13.7566,0.3805,7.1429,10.4478,10.6818,0.3853,53.9683,58.2750,8.0000,0.0000,17.0000,1.2387,1.1963,1.2387,1.1963
3754026,2016-05-07,Premier League,2015/2016,37.0000,Stoke City,Crystal Palace,A,Mark Hughes,Alan Pardew,1.0000,2.0000,0.0000,42.2481,37.0166,3.5000,23.4127,19.5122,0.4927,9.0909,4.2553,11.3846,0.3982,32.5843,41.5500,4.0000,2.0000,12.0000,1.1963,1.2387,1.1963,1.2387
3754033,2016-05-07,Premier League,2015/2016,37.0000,Leicester City,Everton,H,Claudio Ranieri,Roberto Martínez,3.0000,1.0000,3.0000,41.0695,54.9107,3.7865,20.5381,13.0564,0.4285,0.0000,10.2941,24.2353,0.2541,51.4286,51.0535,20.0000,0.0000,32.0000,4.4380,1.3808,2.8710,1.3808
3754033,2016-05-07,Premier League,2015/2016,37.0000,Everton,Leicester City,A,Roberto Martínez,Claudio Ranieri,1.0000,3.0000,0.0000,58.9305,45.0893,6.1358,21.1402,11.8712,0.2559,16.6667,12.6050,8.2963,0.2943,39.8230,46.5939,8.0000,2.0000,10.0000,1.3808,4.4380,1.3808,2.8710
3754070,2016-05-07,Premier League,2015/2016,37.0000,Aston Villa,Newcastle United,H,Eric Black,Rafael Benítez,0.0000,0.0000,1.0000,46.6600,41.4286,4.3158,22.0236,15.1220,0.3240,11.1111,7.2464,15.4762,0.3626,30.9278,44.4446,6.0000,0.0000,2.0000,0.0155,0.9650,0.0155,0.9650
3754070,2016-05-07,Premier League,2015/2016,37.0000,Newcastle United,Aston Villa,A,Rafael Benítez,Eric Black,0.0000,0.0000,1.0000,53.3400,58.5714,4.7475,19.1183,11.9149,0.3104,25.0000,11.5152,9.3939,0.3675,47.0930,52.0768,14.0000,0.0000,9.0000,0.9650,0.0155,0.9650,0.0155
3754108,2016-05-07,Premier League,2015/2016,37.0000,Sunderland,Chelsea,H,Sam Allardyce,Guus Hiddink,3.0000,2.0000,3.0000,32.4378,36.9811,3.5802,22.7874,18.9655,0.4897,33.3333,6.2016,12.1282,0.3373,50.2183,58.2028,17.0000,0.0000,14.0000,0.9663,1.1585,0.9663,1.1585
3754108,2016-05-07,Premier League,2015/2016,37.0000,Chelsea,Sunderland,A,Guus Hiddink,Sam Allardyce,2.0000,3.0000,0.0000,67.5622,63.0189,7.4471,17.5893,7.5829,0.2893,37.5000,5.9459,13.5333,0.3742,44.2623,41.2988,7.0000,0.0000,9.0000,1.1585,0.9663,1.1585,0.9663
3754158,2016-05-07,Premier League,2015/2016,37.0000,West Ham United,Swansea City,H,Slaven Bilić,Francesco Guidolin,1.0000,4.0000,0.0000,51.0117,54.2308,4.9318,21.4399,13.8249,0.3381,50.0000,13.4146,8.4444,0.2804,34.8837,54.7737,25.0000,1.0000,26.0000,2.8394,2.7636,2.8394,2.7636
3754158,2016-05-07,Premier League,2015/2016,37.0000,Swansea City,West Ham United,A,Francesco Guidolin,Slaven Bilić,4.0000,1.0000,3.0000,48.9883,45.7692,4.4457,21.6213,15.1589,0.3494,18.1818,8.6331,15.3000,0.3549,35.8824,45.0147,6.0000,2.0000,14.0000,2.7636,2.8394,2.7636,2.8394
3754210,2016-05-07,Premier League,2015/2016,37.0000,Norwich City,Manchester United,H,Alex Neil,Louis van Gaal,0.0000,1.0000,0.0000,33.9703,29.4118,2.8000,24.4380,23.6842,0.5092,46.1538,13.7931,14.2500,0.3633,35.3982,47.3541,12.0000,0.0000,9.0000,0.7573,1.3132,0.7573,1.3132
3754210,2016-05-07,Premier League,2015/2016,37.0000,Manchester United,Norwich City,A,Louis van Gaal,Alex Neil,1.0000,0.0000,3.0000,66.0297,70.5882,5.3679,20.9165,14.9385,0.3130,0.0000,6.7633,6.2500,0.4281,36.4964,50.4955,15.0000,0.0000,15.0000,1.3132,0.7573,1.3132,0.7573
3754225,2016-05-07,Premier League,2015/2016,37.0000,AFC Bournemouth,West Bromwich Albion,H,Eddie Howe,Tony Pulis,1.0000,1.0000,1.0000,67.3036,69.1700,5.5243,19.7169,13.0053,0.2461,70.0000,4.9751,10.9474,0.4156,53.1250,52.0417,16.0000,1.0000,13.0000,0.9817,1.6877,0.9817,0.9042
3754225,2016-05-07,Premier League,2015/2016,37.0000,West Bromwich Albion,AFC Bournemouth,A,Tony Pulis,Eddie Howe,1.0000,1.0000,1.0000,32.6964,30.8300,3.1047,24.1700,21.7228,0.4845,0.0000,9.3458,18.2727,0.3123,35.8586,45.4295,15.0000,0.0000,12.0000,1.6877,0.9817,0.9042,0.9817
3753992,2016-05-08,Premier League,2015/2016,37.0000,Tottenham Hotspur,Southampton,H,Mauricio Pochettino,Ronald Koeman,1.0000,2.0000,0.0000,67.4636,73.0337,5.6154,21.2041,13.1849,0.2860,83.3333,8.9623,9.6364,0.4185,52.6718,55.1360,16.0000,1.0000,19.0000,2.3372,0.9452,2.3372,0.9452
3753992,2016-05-08,Premier League,2015/2016,37.0000,Southampton,Tottenham Hotspur,A,Ronald Koeman,Mauricio Pochettino,2.0000,1.0000,3.0000,32.5364,26.9663,3.5395,23.4769,21.5613,0.4938,0.0000,5.4545,14.1071,0.2912,35.4497,44.5148,8.0000,0.0000,10.0000,0.9452,2.3372,0.9452,2.3372
3754314,2016-05-08,Premier League,2015/2016,37.0000,Manchester City,Arsenal,H,Manuel Pellegrini,Arsène Wenger,2.0000,2.0000,1.0000,58.0169,69.6970,5.0928,20.5103,12.1457,0.3141,0.0000,9.0452,8.3333,0.3392,41.4815,54.1841,18.0000,2.0000,14.0000,0.7383,0.8874,0.7383,0.8874
3754314,2016-05-08,Premier League,2015/2016,37.0000,Arsenal,Manchester City,A,Arsène Wenger,Manuel Pellegrini,2.0000,2.0000,1.0000,41.9831,30.3030,3.8977,18.8085,10.7872,0.4454,0.0000,8.6538,11.7037,0.2436,31.3433,42.1757,10.0000,0.0000,5.0000,0.8874,0.7383,0.8874,0.7383
3754342,2016-05-08,Premier League,2015/2016,37.0000,Liverpool,Watford,H,Jürgen Klopp,Quique Sánchez Flores,2.0000,0.0000,3.0000,65.0380,58.4821,6.2414,20.7100,11.2339,0.2570,30.7692,8.6957,6.5484,0.4410,38.0282,46.5351,7.0000,2.0000,19.0000,3.1387,1.2530,3.1387,1.2530
3754342,2016-05-08,Premier League,2015/2016,37.0000,Watford,Liverpool,A,Quique Sánchez Flores,Jürgen Klopp,0.0000,2.0000,0.0000,34.9620,41.5179,3.0455,21.8298,17.9104,0.4214,8.3333,9.1743,16.5600,0.3139,38.2979,48.3326,13.0000,0.0000,14.0000,1.2530,3.1387,1.2530,3.1387
3754134,2016-05-10,Premier League,2015/2016,35.0000,West Ham United,Manchester United,H,Slaven Bilić,Louis van Gaal,3.0000,2.0000,3.0000,42.6402,43.8889,3.2737,22.0584,19.2926,0.4896,0.0000,7.0175,13.5769,0.2648,46.1538,55.0230,18.0000,1.0000,19.0000,1.9109,0.8305,1.9109,0.8305
3754134,2016-05-10,Premier League,2015/2016,35.0000,Manchester United,West Ham United,A,Louis van Gaal,Slaven Bilić,2.0000,3.0000,0.0000,57.3598,56.1111,5.0682,21.4169,14.3498,0.3573,30.7692,6.1644,8.4667,0.3918,34.9650,46.3901,8.0000,0.0000,3.0000,0.8305,1.9109,0.8305,1.9109
3753989,2016-05-11,Premier League,2015/2016,30.0000,Sunderland,Everton,H,Sam Allardyce,Roberto Martínez,3.0000,0.0000,3.0000,38.3778,44.9438,4.0115,22.9796,19.1977,0.4193,0.0000,4.5455,19.3810,0.1477,32.6087,46.0540,8.0000,1.0000,15.0000,1.9913,1.1339,1.9913,1.1339
3753989,2016-05-11,Premier League,2015/2016,30.0000,Everton,Sunderland,A,Roberto Martínez,Sam Allardyce,0.0000,3.0000,0.0000,61.6222,55.0562,6.0000,19.7936,12.6316,0.2847,57.1429,6.1798,8.9615,0.4072,41.1392,49.4701,12.0000,2.0000,17.0000,1.1339,1.9913,1.1339,1.9913
3754055,2016-05-11,Premier League,2015/2016,30.0000,Liverpool,Chelsea,H,Jürgen Klopp,Guus Hiddink,1.0000,1.0000,1.0000,55.5556,57.1942,4.9545,19.9536,11.9266,0.2632,40.0000,6.7416,9.1176,0.4034,29.6875,51.1886,17.0000,1.0000,28.0000,2.4303,0.7353,2.4303,0.7353
3754055,2016-05-11,Premier League,2015/2016,30.0000,Chelsea,Liverpool,A,Guus Hiddink,Jürgen Klopp,1.0000,1.0000,1.0000,44.4444,42.8058,4.3469,19.6233,14.3192,0.2785,18.1818,1.4706,11.8788,0.3277,40.5128,48.2339,12.0000,0.0000,13.0000,0.7353,2.4303,0.7353,2.4303
3754207,2016-05-11,Premier League,2015/2016,35.0000,Norwich City,Watford,H,Alex Neil,Quique Sánchez Flores,4.0000,2.0000,3.0000,57.5274,66.7732,3.4211,20.8355,16.3462,0.3687,0.0000,6.8807,15.1667,0.2700,50.4348,49.5516,13.0000,0.0000,18.0000,2.4154,2.0934,2.4154,2.0934
3754207,2016-05-11,Premier League,2015/2016,35.0000,Watford,Norwich City,A,Quique Sánchez Flores,Alex Neil,2.0000,4.0000,0.0000,42.4726,33.2268,4.4824,22.8936,19.4226,0.4382,14.2857,8.7838,10.5312,0.2444,32.6241,43.7574,6.0000,0.0000,13.0000,2.0934,2.4154,2.0934,2.4154
3753994,2016-05-15,Premier League,2015/2016,38.0000,Southampton,Crystal Palace,H,Ronald Koeman,Alan Pardew,4.0000,1.0000,3.0000,50.4425,53.4483,4.5556,20.3402,10.9756,0.3131,0.0000,11.1765,15.0000,0.2835,43.3071,48.7303,11.0000,0.0000,19.0000,2.3921,1.2961,1.6086,1.2961
3753994,2016-05-15,Premier League,2015/2016,38.0000,Crystal Palace,Southampton,A,Alan Pardew,Ronald Koeman,1.0000,4.0000,0.0000,49.5575,46.5517,3.9388,21.1213,14.2487,0.3342,20.0000,7.8947,9.7692,0.3816,40.8046,54.5112,19.0000,1.0000,16.0000,1.2961,2.3921,1.2961,1.6086
3754041,2016-05-15,Premier League,2015/2016,38.0000,Arsenal,Aston Villa,H,Arsène Wenger,Eric Black,4.0000,0.0000,3.0000,58.4112,75.4601,7.4074,17.7694,6.6667,0.2452,0.0000,7.3801,10.2581,0.2876,48.4375,58.0113,23.0000,1.0000,17.0000,2.9227,0.3011,2.9227,0.3011
3754041,2016-05-15,Premier League,2015/2016,38.0000,Aston Villa,Arsenal,A,Eric Black,Arsène Wenger,0.0000,4.0000,0.0000,41.5888,24.5399,4.1020,19.6005,9.2040,0.2721,0.0000,8.1395,21.6429,0.2720,18.8235,36.4905,7.0000,0.0000,6.0000,0.3011,2.9227,0.3011,2.9227
3754042,2016-05-15,Premier League,2015/2016,38.0000,West Bromwich Albion,Liverpool,H,Tony Pulis,Jürgen Klopp,1.0000,1.0000,1.0000,34.2738,43.0622,3.0440,21.4510,16.9675,0.4440,0.0000,4.3860,17.2692,0.3100,41.5385,53.8844,21.0000,0.0000,13.0000,1.6083,0.5253,1.6083,0.5253
3754042,2016-05-15,Premier League,2015/2016,38.0000,Liverpool,West Bromwich Albion,A,Jürgen Klopp,Tony Pulis,1.0000,1.0000,1.0000,65.7262,56.9378,6.0211,19.7330,9.6154,0.1988,54.5455,11.2000,6.9667,0.5488,38.8889,51.1263,15.0000,1.0000,7.0000,0.5253,1.6083,0.5253,1.6083
3754123,2016-05-15,Premier League,2015/2016,38.0000,Everton,Norwich City,H,David Unsworth,Alex Neil,3.0000,0.0000,3.0000,46.3415,40.8638,4.3778,21.6998,17.2589,0.3914,12.5000,8.8435,11.5200,0.3123,44.3038,47.3196,11.0000,4.0000,15.0000,2.2704,0.7430,1.4869,0.7430
3754123,2016-05-15,Premier League,2015/2016,38.0000,Norwich City,Everton,A,Alex Neil,David Unsworth,0.0000,3.0000,0.0000,53.6585,59.1362,4.0360,20.7954,14.7321,0.3370,37.5000,7.5269,9.6429,0.2998,41.9847,45.6495,12.0000,0.0000,11.0000,0.7430,2.2704,0.7430,1.4869
3754149,2016-05-15,Premier League,2015/2016,38.0000,Swansea City,Manchester City,H,Francesco Guidolin,Manuel Pellegrini,1.0000,1.0000,1.0000,50.3724,36.6667,4.5140,19.1164,8.6957,0.2964,16.6667,5.1546,13.6400,0.3715,34.3434,46.9272,6.0000,0.0000,4.0000,0.1791,2.4906,0.1791,2.4906
3754149,2016-05-15,Premier League,2015/2016,38.0000,Manchester City,Swansea City,A,Manuel Pellegrini,Francesco Guidolin,1.0000,1.0000,1.0000,49.6276,63.3333,6.6622,20.3375,10.5477,0.2973,75.0000,8.1250,10.7179,0.5952,50.6211,53.4942,11.0000,0.0000,18.0000,2.4906,0.1791,2.4906,0.1791
3754199,2016-05-15,Premier League,2015/2016,38.0000,Stoke City,West Ham United,H,Mark Hughes,Slaven Bilić,2.0000,1.0000,3.0000,46.1823,34.0314,3.7727,21.8401,13.8554,0.4294,40.0000,6.9307,21.4615,0.3570,30.1282,41.1213,7.0000,0.0000,8.0000,0.4309,2.7374,0.4309,2.7374
3754199,2016-05-15,Premier League,2015/2016,38.0000,West Ham United,Stoke City,A,Slaven Bilić,Mark Hughes,1.0000,2.0000,0.0000,53.8177,65.9686,3.7600,20.4799,14.3617,0.3385,11.1111,6.2937,12.1304,0.2720,53.9216,59.5034,17.0000,1.0000,23.0000,2.7374,0.4309,2.7374,0.4309
3754229,2016-05-15,Premier League,2015/2016,38.0000,Chelsea,Leicester City,H,Guus Hiddink,Claudio Ranieri,1.0000,1.0000,1.0000,53.1693,55.0562,4.7064,17.9225,9.3567,0.3004,63.6364,9.7561,12.1852,0.3394,29.1667,48.9107,17.0000,1.0000,18.0000,1.8959,1.7268,1.1124,1.7268
3754229,2016-05-15,Premier League,2015/2016,38.0000,Leicester City,Chelsea,A,Claudio Ranieri,Guus Hiddink,1.0000,1.0000,1.0000,46.8307,44.9438,4.5000,18.5097,9.7506,0.3225,0.0000,9.7015,8.5814,0.3701,44.2308,54.1569,21.0000,1.0000,19.0000,1.7268,1.8959,1.7268,1.1124
3754308,2016-05-15,Premier League,2015/2016,38.0000,Watford,Sunderland,H,Quique Sánchez Flores,Sam Allardyce,2.0000,2.0000,1.0000,53.2184,57.2052,4.2371,20.4747,14.8418,0.3936,12.5000,8.6667,14.6842,0.3489,40.1408,48.4115,14.0000,0.0000,22.0000,2.0338,1.0633,1.2503,1.0633
3754308,2016-05-15,Premier League,2015/2016,38.0000,Sunderland,Watford,A,Sam Allardyce,Quique Sánchez Flores,2.0000,2.0000,1.0000,46.7816,42.7948,3.5152,24.5330,21.2644,0.4097,0.0000,6.2016,10.5926,0.3326,38.3117,51.3552,16.0000,1.0000,6.0000,1.0633,2.0338,1.0633,1.2503
3754333,2016-05-15,Premier League,2015/2016,38.0000,Newcastle United,Tottenham Hotspur,H,Rafael Benítez,Mauricio Pochettino,5.0000,1.0000,3.0000,37.8651,29.6774,4.3418,20.1602,15.1603,0.2958,0.0000,6.3636,15.9000,0.2301,23.9437,50.4172,12.0000,6.0000,20.0000,2.0785,0.8704,1.2950,0.8704
3754333,2016-05-15,Premier League,2015/2016,38.0000,Tottenham Hotspur,Newcastle United,A,Mauricio Pochettino,Rafael Benítez,1.0000,5.0000,0.0000,62.1349,70.3226,6.0213,19.3227,9.5406,0.2503,50.0000,8.2251,8.7143,0.4176,35.6688,53.2753,14.0000,0.0000,17.0000,0.8704,2.0785,0.8704,1.2950
3754159,2016-05-17,Premier League,2015/2016,38.0000,Manchester United,AFC Bournemouth,H,Louis van Gaal,Eddie Howe,3.0000,1.0000,3.0000,65.4762,83.9844,8.7273,19.7158,12.2024,0.1560,25.0000,3.2520,14.2727,0.3820,60.4167,56.8867,12.0000,0.0000,12.0000,1.5481,0.6514,1.5481,0.6514
3754159,2016-05-17,Premier League,2015/2016,38.0000,AFC Bournemouth,Manchester United,A,Eddie Howe,Louis van Gaal,1.0000,3.0000,0.0000,34.5238,16.0156,3.9157,21.4721,16.6154,0.3173,22.2222,3.5714,14.4138,0.2000,41.2587,46.7727,10.0000,0.0000,7.0000,0.6514,1.5481,0.6514,1.5481
3878540,2015-08-22,Serie A,2015/2016,1.0000,Lazio,Bologna,H,Stefano Pioli,Delio Rossi,2.0000,1.0000,3.0000,57.4766,71.9048,5.4712,20.4479,12.3023,0.3038,0.0000,7.8212,9.2895,0.4527,52.9126,52.0611,12.0000,0.0000,22.0000,1.2392,0.6153,1.2392,0.6153
3878540,2015-08-22,Serie A,2015/2016,1.0000,Bologna,Lazio,A,Delio Rossi,Stefano Pioli,1.0000,2.0000,0.0000,42.5234,28.0952,3.8113,20.7298,14.1089,0.4016,22.2222,3.4091,19.2381,0.2715,35.9281,44.0361,8.0000,1.0000,9.0000,0.6153,1.2392,0.6153,1.2392
3878541,2015-08-22,Serie A,2015/2016,1.0000,Hellas Verona,AS Roma,H,Rafael Márquez Álvarez / Andrea Mandorlini,Rudi Garcia,1.0000,1.0000,1.0000,33.6700,31.7536,3.0241,21.4322,16.7331,0.4955,5.2632,10.4651,11.7188,0.2250,35.3383,50.5713,8.0000,1.0000,12.0000,1.0053,1.1143,1.0053,1.1143
3878541,2015-08-22,Serie A,2015/2016,1.0000,AS Roma,Hellas Verona,A,Rudi Garcia,Rafael Márquez Álvarez / Andrea Mandorlini,1.0000,1.0000,1.0000,66.3300,68.2464,5.1402,17.9289,8.5455,0.3009,50.0000,9.3567,8.9565,0.4100,48.7805,54.4857,12.0000,1.0000,21.0000,1.1143,1.0053,1.1143,1.0053
3878542,2015-08-23,Serie A,2015/2016,1.0000,Fiorentina,AC Milan,H,Paulo Sousa,Siniša Mihajlović,2.0000,0.0000,3.0000,57.4949,56.9149,5.6813,19.7862,13.1528,0.2690,25.0000,8.9552,14.4286,0.4251,40.9091,50.1922,12.0000,3.0000,14.0000,1.9536,0.4910,1.1701,0.4910
3878542,2015-08-23,Serie A,2015/2016,1.0000,AC Milan,Fiorentina,A,Siniša Mihajlović,Paulo Sousa,0.0000,2.0000,0.0000,42.5051,43.0851,3.4038,22.1379,16.9492,0.3472,14.2857,10.6796,14.5185,0.3286,48.9130,50.4650,7.0000,0.0000,9.0000,0.4910,1.9536,0.4910,1.1701
3878543,2015-08-23,Serie A,2015/2016,1.0000,Inter Milan,Atalanta,H,Roberto Mancini,Edoardo Reja,1.0000,0.0000,3.0000,67.7320,81.9742,6.0099,18.2640,6.4250,0.2630,66.6667,5.4299,7.2941,0.4281,59.7015,62.6214,20.0000,0.0000,22.0000,0.9489,0.2152,0.9489,0.2152
3878543,2015-08-23,Serie A,2015/2016,1.0000,Atalanta,Inter Milan,A,Edoardo Reja,Roberto Mancini,0.0000,1.0000,0.0000,32.2680,18.0258,2.7742,19.9422,13.5659,0.4291,0.0000,5.0847,21.2222,0.4505,25.6757,38.2374,4.0000,1.0000,5.0000,0.2152,0.9489,0.2152,0.9489
3878544,2015-08-23,Serie A,2015/2016,1.0000,Palermo,Genoa,H,Giuseppe Iachini,Gian Piero Gasperini,1.0000,0.0000,3.0000,44.1640,47.3684,3.7835,21.8032,14.9864,0.3797,20.0000,11.6788,16.5217,0.3032,42.8571,47.5375,11.0000,1.0000,19.0000,1.2164,0.6212,1.2164,0.6212
3878544,2015-08-23,Serie A,2015/2016,1.0000,Genoa,Palermo,A,Gian Piero Gasperini,Giuseppe Iachini,0.0000,1.0000,0.0000,55.8360,52.6316,4.4679,20.1593,10.8830,0.3673,50.0000,8.5714,10.1852,0.4071,44.4444,51.2373,13.0000,0.0000,10.0000,0.6212,1.2164,0.6212,1.2164
3878545,2015-08-23,Serie A,2015/2016,1.0000,Sampdoria,Carpi,H,Walter Zenga,Fabrizio Castori,5.0000,2.0000,3.0000,59.0147,40.3226,6.2262,21.8343,13.1931,0.2491,25.0000,5.1020,10.5833,0.4015,31.8471,42.4252,8.0000,0.0000,10.0000,1.3866,3.0784,0.6031,2.2949
3878545,2015-08-23,Serie A,2015/2016,1.0000,Carpi,Sampdoria,A,Fabrizio Castori,Walter Zenga,2.0000,5.0000,0.0000,40.9853,59.6774,3.5052,21.9188,16.1765,0.3953,50.0000,10.5691,20.0000,0.3037,53.2164,52.7564,19.0000,1.0000,25.0000,3.0784,1.3866,2.2949,0.6031
3878546,2015-08-23,Serie A,2015/2016,1.0000,Sassuolo,Napoli,H,Eusebio Di Francesco,Maurizio Sarri,2.0000,1.0000,3.0000,43.3437,45.1456,3.0696,23.0449,19.8300,0.4654,0.0000,10.4839,15.1600,0.4135,35.2423,46.4448,9.0000,0.0000,17.0000,1.9950,0.9885,1.9950,0.9885
3878546,2015-08-23,Serie A,2015/2016,1.0000,Napoli,Sassuolo,A,Maurizio Sarri,Eusebio Di Francesco,1.0000,2.0000,0.0000,56.6563,54.8544,4.6729,19.2553,11.4000,0.3797,28.5714,5.7692,7.6842,0.3929,50.3030,52.2336,8.0000,1.0000,15.0000,0.9885,1.9950,0.9885,1.9950
3878547,2015-08-23,Serie A,2015/2016,1.0000,Frosinone,Torino,H,Roberto Stellone,Gian Piero Ventura	,1.0000,2.0000,0.0000,46.8788,31.6832,3.3854,21.2752,14.1538,0.3743,14.2857,9.8901,11.8636,0.3917,42.3529,49.1044,11.0000,4.0000,13.0000,0.7373,2.1629,0.7373,2.1629
3878547,2015-08-23,Serie A,2015/2016,1.0000,Torino,Frosinone,A,Gian Piero Ventura	,Roberto Stellone,2.0000,1.0000,3.0000,53.1212,68.3168,3.6733,23.5277,16.9811,0.2909,11.1111,10.8108,11.5200,0.4360,40.1198,51.9292,12.0000,1.0000,26.0000,2.1629,0.7373,2.1629,0.7373
3878548,2015-08-23,Serie A,2015/2016,1.0000,Juventus,Udinese,H,Massimiliano Allegri,Stefano Colantuono,0.0000,1.0000,0.0000,64.6432,77.0548,5.1226,19.4224,10.1289,0.3134,100.0000,10.8000,8.3571,0.3404,53.0973,58.7373,21.0000,0.0000,21.0000,1.9691,0.4927,1.9691,0.4927
3878548,2015-08-23,Serie A,2015/2016,1.0000,Udinese,Juventus,A,Stefano Colantuono,Massimiliano Allegri,1.0000,0.0000,3.0000,35.3568,22.9452,3.0220,20.9671,14.9091,0.4674,7.1429,6.8966,13.0417,0.2422,17.6871,44.8101,4.0000,0.0000,7.0000,0.4927,1.9691,0.4927,1.9691
3878549,2015-08-23,Serie A,2015/2016,1.0000,Empoli,Chievo,H,Marco Giampaolo,Rolando Maran,1.0000,3.0000,0.0000,56.4103,59.8039,4.3909,19.4295,12.2153,0.3007,11.1111,9.3333,9.5000,0.4094,48.2759,54.5063,15.0000,1.0000,16.0000,0.6787,1.0159,0.6787,1.0159
3878549,2015-08-23,Serie A,2015/2016,1.0000,Chievo,Empoli,A,Rolando Maran,Marco Giampaolo,3.0000,1.0000,3.0000,43.5897,40.1961,3.0678,21.9922,17.9558,0.3938,0.0000,7.5472,9.8205,0.3345,40.2174,53.4114,11.0000,1.0000,12.0000,1.0159,0.6787,1.0159,0.6787
3878550,2015-08-29,Serie A,2015/2016,2.0000,Bologna,Sassuolo,H,Delio Rossi,Eusebio Di Francesco,0.0000,1.0000,0.0000,47.0833,53.2468,4.2796,20.6422,11.5578,0.3589,12.5000,9.7015,17.7000,0.3110,45.5696,46.0800,13.0000,0.0000,7.0000,0.1564,0.6437,0.1564,0.6437
3878550,2015-08-29,Serie A,2015/2016,2.0000,Sassuolo,Bologna,A,Eusebio Di Francesco,Delio Rossi,1.0000,0.0000,3.0000,52.9167,46.7532,5.0108,21.1434,12.0172,0.3592,75.0000,8.7838,9.9000,0.3938,47.1910,45.0908,6.0000,1.0000,9.0000,0.6437,0.1564,0.6437,0.1564
3878551,2015-08-29,Serie A,2015/2016,2.0000,AC Milan,Empoli,H,Siniša Mihajlović,Marco Giampaolo,2.0000,1.0000,3.0000,50.2523,54.0000,4.2673,22.1699,17.6334,0.3312,15.3846,6.7114,9.8529,0.5274,45.7692,54.6103,10.0000,1.0000,6.0000,0.8173,0.9840,0.8173,0.9840
3878551,2015-08-29,Serie A,2015/2016,2.0000,Empoli,AC Milan,A,Marco Giampaolo,Siniša Mihajlović,1.0000,2.0000,0.0000,49.7477,46.0000,4.0370,18.7233,11.0092,0.3614,33.3333,7.8571,11.3571,0.2671,45.8647,55.0230,14.0000,2.0000,19.0000,0.9840,0.8173,0.9840,0.8173
3878552,2015-08-30,Serie A,2015/2016,2.0000,Carpi,Inter Milan,H,Fabrizio Castori,Roberto Mancini,1.0000,2.0000,0.0000,31.1000,19.5238,2.8172,21.4114,16.0305,0.4943,25.0000,7.8125,24.7778,0.3251,33.0357,42.7340,6.0000,0.0000,11.0000,0.8202,2.7700,0.8202,1.9865
3878552,2015-08-30,Serie A,2015/2016,2.0000,Inter Milan,Carpi,A,Roberto Mancini,Fabrizio Castori,2.0000,1.0000,3.0000,68.9000,80.4762,4.9147,19.4766,9.9369,0.2599,87.5000,8.4158,7.1111,0.6174,55.2083,57.7238,15.0000,0.0000,12.0000,2.7700,0.8202,1.9865,0.8202
3878553,2015-08-30,Serie A,2015/2016,2.0000,Chievo,Lazio,H,Rolando Maran,Stefano Pioli,4.0000,0.0000,3.0000,41.4542,38.5787,4.5632,20.5519,13.8539,0.4032,0.0000,5.1282,17.6000,0.3984,40.8907,46.9627,5.0000,0.0000,9.0000,2.0999,0.6834,2.0999,0.6834
3878553,2015-08-30,Serie A,2015/2016,2.0000,Lazio,Chievo,A,Stefano Pioli,Rolando Maran,0.0000,4.0000,0.0000,58.5458,61.4213,5.4272,20.2393,11.8068,0.3020,20.0000,12.3288,13.0833,0.3462,44.7368,53.4135,13.0000,0.0000,14.0000,0.6834,2.0999,0.6834,2.0999
3878554,2015-08-30,Serie A,2015/2016,2.0000,Genoa,Hellas Verona,H,Gian Piero Gasperini,Andrea Mandorlini,2.0000,0.0000,3.0000,62.7178,69.6751,5.4066,19.2733,9.9593,0.3094,0.0000,7.9070,8.5600,0.4673,40.0000,52.4320,17.0000,1.0000,20.0000,1.6346,0.6237,1.6346,0.6237
3878554,2015-08-30,Serie A,2015/2016,2.0000,Hellas Verona,Genoa,A,Andrea Mandorlini,Gian Piero Gasperini,0.0000,2.0000,0.0000,37.2822,30.3249,2.7660,23.5740,20.7692,0.4911,0.0000,10.4348,14.0000,0.3481,32.4468,51.1769,11.0000,0.0000,12.0000,0.6237,1.6346,0.6237,1.6346
3878555,2015-08-30,Serie A,2015/2016,2.0000,AS Roma,Juventus,H,Rudi Garcia,Massimiliano Allegri,2.0000,1.0000,3.0000,62.2718,69.7211,6.8072,18.9204,7.6106,0.2207,30.0000,8.2418,8.9333,0.3629,52.5926,64.2302,19.0000,1.0000,18.0000,1.2035,1.0249,1.2035,1.0249
3878555,2015-08-30,Serie A,2015/2016,2.0000,Juventus,AS Roma,A,Massimiliano Allegri,Rudi Garcia,1.0000,2.0000,0.0000,37.7282,30.2789,3.5217,20.4211,10.8025,0.3539,16.6667,7.3684,17.0000,0.2410,37.1622,45.8195,6.0000,0.0000,10.0000,1.0249,1.2035,1.0249,1.2035
3878556,2015-08-30,Serie A,2015/2016,2.0000,Torino,Fiorentina,H,Gian Piero Ventura	,Paulo Sousa,3.0000,1.0000,3.0000,32.6633,31.7204,3.6753,23.4396,16.6078,0.3225,18.1818,19.0476,21.1304,0.2806,32.4468,47.7575,5.0000,0.0000,10.0000,0.6166,0.6382,0.6166,0.6382
3878556,2015-08-30,Serie A,2015/2016,2.0000,Fiorentina,Torino,A,Paulo Sousa,Gian Piero Ventura	,1.0000,3.0000,0.0000,67.3367,68.2796,5.9238,19.9997,6.9132,0.1671,50.0000,7.8014,12.1000,0.3138,58.8235,52.5323,6.0000,0.0000,8.0000,0.6382,0.6166,0.6382,0.6166
3878557,2015-08-30,Serie A,2015/2016,2.0000,Udinese,Palermo,H,Stefano Colantuono,Giuseppe Iachini,0.0000,1.0000,0.0000,61.4496,66.5158,4.9065,19.0648,9.3333,0.3276,60.0000,10.1124,7.8235,0.4414,46.2963,57.5546,22.0000,3.0000,25.0000,2.0356,0.3345,2.0356,0.3345
3878557,2015-08-30,Serie A,2015/2016,2.0000,Palermo,Udinese,A,Giuseppe Iachini,Stefano Colantuono,1.0000,0.0000,3.0000,38.5504,33.4842,2.9804,21.1624,17.1053,0.4733,5.5556,4.9505,15.7083,0.3932,27.3913,43.0283,3.0000,0.0000,5.0000,0.3345,2.0356,0.3345,2.0356
3878558,2015-08-30,Serie A,2015/2016,2.0000,Napoli,Sampdoria,H,Maurizio Sarri,Walter Zenga,2.0000,2.0000,1.0000,58.9240,78.5211,6.5204,16.7380,7.5117,0.3000,44.4444,4.1985,10.8571,0.3971,59.6859,54.6424,10.0000,1.0000,27.0000,1.8603,1.2181,1.8603,0.4346
3878558,2015-08-30,Serie A,2015/2016,2.0000,Sampdoria,Napoli,A,Walter Zenga,Maurizio Sarri,2.0000,2.0000,1.0000,41.0760,21.4789,4.4433,22.0335,16.9374,0.3288,27.7778,4.8193,20.5263,0.3145,29.4931,43.7340,5.0000,1.0000,10.0000,1.2181,1.8603,0.4346,1.8603
3878559,2015-08-30,Serie A,2015/2016,2.0000,Atalanta,Frosinone,H,Edoardo Reja,Roberto Stellone,2.0000,0.0000,3.0000,59.4027,65.5738,4.9794,19.9044,12.0083,0.3053,0.0000,15.3409,9.1852,0.4905,43.8889,52.9760,18.0000,1.0000,25.0000,2.5821,0.5479,1.7986,0.5479
3878559,2015-08-30,Serie A,2015/2016,2.0000,Frosinone,Atalanta,A,Roberto Stellone,Edoardo Reja,0.0000,2.0000,0.0000,40.5973,34.4262,3.9518,20.6903,14.0244,0.4546,25.0000,3.2258,12.4231,0.3929,37.9147,45.8975,12.0000,0.0000,14.0000,0.5479,2.5821,0.5479,1.7986
3878592,2015-09-12,Serie A,2015/2016,3.0000,Fiorentina,Genoa,H,Paulo Sousa,Gian Piero Gasperini,1.0000,0.0000,3.0000,46.7573,33.7449,3.7476,20.0487,12.6943,0.3301,33.3333,7.0707,11.6154,0.3497,37.0787,50.9656,12.0000,0.0000,11.0000,0.8880,1.1064,0.8880,1.1064
3878592,2015-09-12,Serie A,2015/2016,3.0000,Genoa,Fiorentina,A,Gian Piero Gasperini,Paulo Sousa,0.0000,1.0000,0.0000,53.2427,66.2551,4.7895,19.4719,11.4286,0.2856,22.2222,7.8212,11.4138,0.3982,42.1348,55.4129,10.0000,0.0000,13.0000,1.1064,0.8880,1.1064,0.8880
3878593,2015-09-12,Serie A,2015/2016,3.0000,Frosinone,AS Roma,H,Roberto Stellone,Rudi Garcia,0.0000,2.0000,0.0000,43.0556,45.5645,2.8454,21.5005,17.0290,0.4387,25.0000,9.1603,9.8571,0.4124,40.3226,53.2020,9.0000,0.0000,19.0000,0.5585,1.5379,0.5585,1.5379
3878593,2015-09-12,Serie A,2015/2016,3.0000,AS Roma,Frosinone,A,Rudi Garcia,Roberto Stellone,2.0000,0.0000,3.0000,56.9444,54.4355,4.3187,21.3697,15.5216,0.3157,8.3333,7.0423,9.6667,0.4370,35.5705,47.6394,15.0000,1.0000,20.0000,1.5379,0.5585,1.5379,0.5585
3878594,2015-09-12,Serie A,2015/2016,3.0000,Juventus,Chievo,H,Massimiliano Allegri,Rolando Maran,1.0000,1.0000,1.0000,68.4211,67.9654,5.7573,20.4125,10.9612,0.2754,85.7143,8.1081,7.2143,0.4800,48.6111,61.8854,18.0000,0.0000,26.0000,2.7592,0.3962,1.9757,0.3962
3878594,2015-09-12,Serie A,2015/2016,3.0000,Chievo,Juventus,A,Rolando Maran,Massimiliano Allegri,1.0000,1.0000,1.0000,31.5789,32.0346,3.0000,19.6887,14.0562,0.5051,0.0000,5.6180,16.1154,0.3231,37.1429,46.6057,6.0000,0.0000,6.0000,0.3962,2.7592,0.3962,1.9757
3878595,2015-09-13,Serie A,2015/2016,3.0000,Lazio,Udinese,H,Stefano Pioli,Stefano Colantuono,2.0000,0.0000,3.0000,58.7553,70.7865,4.1475,21.7212,15.0198,0.3464,37.5000,11.8750,13.0000,0.4783,42.7807,49.2729,10.0000,1.0000,15.0000,0.8070,0.8202,0.8070,0.8202
3878595,2015-09-13,Serie A,2015/2016,3.0000,Udinese,Lazio,A,Stefano Colantuono,Stefano Pioli,0.0000,2.0000,0.0000,41.2447,29.2135,3.4792,21.3376,16.4671,0.4682,0.0000,10.3896,14.1852,0.2801,29.4872,45.1046,9.0000,0.0000,11.0000,0.8202,0.8070,0.8202,0.8070
3878596,2015-09-13,Serie A,2015/2016,3.0000,Hellas Verona,Torino,H,Andrea Mandorlini,Gian Piero Ventura	,2.0000,2.0000,1.0000,51.4917,66.8675,3.8381,20.3790,14.1439,0.3302,0.0000,7.0866,12.1429,0.3007,46.9697,54.8630,12.0000,0.0000,12.0000,1.6922,1.5074,0.9087,1.5074
3878596,2015-09-13,Serie A,2015/2016,3.0000,Torino,Hellas Verona,A,Gian Piero Ventura	,Andrea Mandorlini,2.0000,2.0000,1.0000,48.5083,33.1325,4.9241,21.9199,14.9100,0.2601,22.2222,10.3896,12.9583,0.3262,30.9211,48.2198,4.0000,0.0000,10.0000,1.5074,1.6922,1.5074,0.9087
3878597,2015-09-13,Serie A,2015/2016,3.0000,Empoli,Napoli,H,Marco Giampaolo,Maurizio Sarri,2.0000,2.0000,1.0000,41.3916,42.9787,3.7570,20.0836,13.6816,0.4156,27.2727,8.6614,22.4500,0.3014,37.3737,50.3933,5.0000,0.0000,16.0000,1.2064,1.1189,1.2064,1.1189
3878597,2015-09-13,Serie A,2015/2016,3.0000,Napoli,Empoli,A,Maurizio Sarri,Marco Giampaolo,2.0000,2.0000,1.0000,58.6084,57.0213,6.3333,19.1900,10.0329,0.3025,50.0000,7.4713,12.1852,0.3858,49.7207,52.5391,12.0000,0.0000,18.0000,1.1189,1.2064,1.1189,1.2064
3878598,2015-09-13,Serie A,2015/2016,3.0000,Palermo,Carpi,H,Giuseppe Iachini,Fabrizio Castori,2.0000,2.0000,1.0000,64.6370,72.7273,4.6190,20.7566,14.6392,0.3521,100.0000,11.1628,7.0690,0.5497,46.9880,57.1368,18.0000,0.0000,13.0000,1.1581,0.5267,1.1581,0.5267
3878598,2015-09-13,Serie A,2015/2016,3.0000,Carpi,Palermo,A,Fabrizio Castori,Giuseppe Iachini,2.0000,2.0000,1.0000,35.3630,27.2727,2.9651,22.9286,19.2157,0.5645,7.6923,5.2083,11.5185,0.2989,26.6667,41.3302,7.0000,1.0000,9.0000,0.5267,1.1581,0.5267,1.1581
3878599,2015-09-13,Serie A,2015/2016,3.0000,Sassuolo,Atalanta,H,Eusebio Di Francesco,Edoardo Reja,2.0000,2.0000,1.0000,60.9272,67.4312,4.1525,19.8476,10.6122,0.2850,75.0000,8.8050,8.0303,0.3927,48.9209,55.2723,10.0000,0.0000,10.0000,1.3896,1.2018,0.6061,0.4183
3878599,2015-09-13,Serie A,2015/2016,3.0000,Atalanta,Sassuolo,A,Edoardo Reja,Eusebio Di Francesco,2.0000,2.0000,1.0000,39.0728,32.5688,3.4556,22.4854,17.0418,0.4304,0.0000,10.3448,12.7586,0.4529,35.2000,45.8564,9.0000,0.0000,9.0000,1.2018,1.3896,0.4183,0.6061
3878600,2015-09-13,Serie A,2015/2016,3.0000,Inter Milan,AC Milan,H,Roberto Mancini,Siniša Mihajlović,1.0000,0.0000,3.0000,49.9369,42.9245,3.6702,21.1237,11.5942,0.4005,25.0000,9.9099,8.9630,0.4761,30.1587,44.2938,11.0000,2.0000,16.0000,1.1848,1.0675,1.1848,1.0675
3878600,2015-09-13,Serie A,2015/2016,3.0000,AC Milan,Inter Milan,A,Siniša Mihajlović,Roberto Mancini,0.0000,1.0000,0.0000,50.0631,57.0755,3.3900,22.2241,16.2242,0.4400,0.0000,7.8014,8.2121,0.4091,49.3827,57.3454,16.0000,1.0000,20.0000,1.0675,1.1848,1.0675,1.1848
3878601,2015-09-14,Serie A,2015/2016,3.0000,Sampdoria,Bologna,H,Walter Zenga,Delio Rossi,2.0000,0.0000,3.0000,55.7361,49.7890,5.9888,21.5565,12.3827,0.2542,12.5000,5.5556,9.7419,0.3650,37.2781,49.7114,12.0000,0.0000,12.0000,1.5067,0.3572,1.5067,0.3572
3878601,2015-09-14,Serie A,2015/2016,3.0000,Bologna,Sampdoria,A,Delio Rossi,Walter Zenga,0.0000,2.0000,0.0000,44.2639,50.2110,4.8837,19.7116,10.0000,0.3321,20.0000,9.2199,14.1379,0.3002,31.4286,43.1408,8.0000,0.0000,9.0000,0.3572,1.5067,0.3572,1.5067
3878602,2015-09-19,Serie A,2015/2016,4.0000,AC Milan,Palermo,H,Siniša Mihajlović,Giuseppe Iachini,3.0000,2.0000,3.0000,55.2160,66.9091,4.7500,20.7312,13.8947,0.3094,28.5714,6.9652,9.0312,0.4753,35.1485,55.0688,17.0000,1.0000,18.0000,1.0198,1.1645,1.0198,1.1645
3878602,2015-09-19,Serie A,2015/2016,4.0000,Palermo,AC Milan,A,Giuseppe Iachini,Siniša Mihajlović,2.0000,3.0000,0.0000,44.7840,33.0909,3.4623,20.0837,17.1662,0.4083,16.6667,12.3967,11.3200,0.4714,37.2470,48.8192,13.0000,0.0000,13.0000,1.1645,1.0198,1.1645,1.0198
3878603,2015-09-19,Serie A,2015/2016,4.0000,Udinese,Empoli,H,Stefano Colantuono,Marco Giampaolo,1.0000,2.0000,0.0000,41.3646,37.7907,3.6277,23.5386,21.7009,0.4443,0.0000,11.4286,9.8947,0.3364,32.4324,48.3648,5.0000,0.0000,8.0000,0.8317,0.6570,0.8317,0.6570
3878603,2015-09-19,Serie A,2015/2016,4.0000,Empoli,Udinese,A,Marco Giampaolo,Stefano Colantuono,2.0000,1.0000,3.0000,58.6354,62.2093,4.3784,18.2374,10.2881,0.3871,25.0000,3.5971,11.4800,0.2835,48.1818,55.1206,15.0000,0.0000,12.0000,0.6570,0.8317,0.6570,0.8317
3878604,2015-09-20,Serie A,2015/2016,4.0000,Napoli,Lazio,H,Maurizio Sarri,Stefano Pioli,5.0000,0.0000,3.0000,63.3363,65.1163,5.8649,16.7462,8.7558,0.2640,25.0000,8.2707,12.0370,0.3552,52.7397,52.3348,10.0000,0.0000,19.0000,2.3985,0.8105,2.3985,0.8105
3878604,2015-09-20,Serie A,2015/2016,4.0000,Lazio,Napoli,A,Stefano Pioli,Maurizio Sarri,0.0000,5.0000,0.0000,36.6637,34.8837,3.4190,20.6325,13.6490,0.3873,33.3333,5.8140,15.8235,0.3704,49.0494,47.2660,8.0000,1.0000,9.0000,0.8105,2.3985,0.8105,2.3985
3878605,2015-09-20,Serie A,2015/2016,4.0000,Carpi,Fiorentina,H,Fabrizio Castori,Paulo Sousa,0.0000,1.0000,0.0000,35.2046,38.4615,3.2812,24.2465,23.8095,0.4077,0.0000,10.4839,12.1579,0.3686,35.8566,51.9252,12.0000,1.0000,12.0000,1.7352,0.5269,1.7352,0.5269
3878605,2015-09-20,Serie A,2015/2016,4.0000,Fiorentina,Carpi,A,Paulo Sousa,Fabrizio Castori,1.0000,0.0000,3.0000,64.7954,61.5385,6.5417,18.0255,7.1656,0.2469,70.0000,3.8961,8.8214,0.3432,39.3701,50.7790,12.0000,0.0000,8.0000,0.5269,1.7352,0.5269,1.7352
3878606,2015-09-20,Serie A,2015/2016,4.0000,Torino,Sampdoria,H,Gian Piero Ventura	,Walter Zenga,2.0000,0.0000,3.0000,49.0099,45.3875,4.2315,23.5607,17.0678,0.2011,18.1818,12.5000,18.2941,0.3417,27.2727,41.3736,9.0000,0.0000,19.0000,2.3935,0.8719,2.3935,0.8719
3878606,2015-09-20,Serie A,2015/2016,4.0000,Sampdoria,Torino,A,Walter Zenga,Gian Piero Ventura	,0.0000,2.0000,0.0000,50.9901,54.6125,4.6337,20.6894,10.6838,0.2778,25.0000,3.5714,19.4118,0.3030,48.0000,56.4440,15.0000,0.0000,12.0000,0.8719,2.3935,0.8719,2.3935
3878607,2015-09-20,Serie A,2015/2016,4.0000,AS Roma,Sassuolo,H,Rudi Garcia,Eusebio Di Francesco,2.0000,2.0000,1.0000,65.2688,74.8031,5.3010,19.0418,10.0733,0.2703,100.0000,7.4627,8.6296,0.3870,47.2000,55.0194,14.0000,2.0000,21.0000,2.4057,0.6957,2.4057,0.6957
3878607,2015-09-20,Serie A,2015/2016,4.0000,Sassuolo,AS Roma,A,Eusebio Di Francesco,Rudi Garcia,2.0000,2.0000,1.0000,34.7312,25.1969,2.9011,20.7378,14.3939,0.4999,25.0000,4.8780,14.8000,0.3163,32.8125,42.9295,5.0000,2.0000,11.0000,0.6957,2.4057,0.6957,2.4057
3878608,2015-09-20,Serie A,2015/2016,4.0000,Bologna,Frosinone,H,Delio Rossi,Roberto Stellone,1.0000,0.0000,3.0000,43.1214,39.5604,3.2424,22.1876,17.1340,0.4674,0.0000,5.5556,11.3793,0.3923,29.5337,47.0546,7.0000,1.0000,12.0000,0.8702,1.7945,0.8702,1.7945
3878608,2015-09-20,Serie A,2015/2016,4.0000,Frosinone,Bologna,A,Roberto Stellone,Delio Rossi,0.0000,1.0000,0.0000,56.8786,60.4396,3.8559,22.0669,16.3551,0.4077,33.3333,11.0390,8.2121,0.4370,54.6012,56.8129,16.0000,0.0000,20.0000,1.7945,0.8702,1.7945,0.8702
3878609,2015-09-20,Serie A,2015/2016,4.0000,Genoa,Juventus,H,Gian Piero Gasperini,Massimiliano Allegri,0.0000,2.0000,0.0000,50.6533,54.4554,4.5051,20.1927,10.9865,0.2619,0.0000,4.5802,10.8529,0.4216,54.1063,53.2725,11.0000,0.0000,7.0000,0.5252,2.1241,0.5252,1.3406
3878609,2015-09-20,Serie A,2015/2016,4.0000,Juventus,Genoa,A,Massimiliano Allegri,Gian Piero Gasperini,2.0000,0.0000,3.0000,49.3467,45.5446,4.9659,19.9200,9.6110,0.2940,90.9091,6.9307,9.6571,0.4325,35.3211,47.4521,10.0000,0.0000,13.0000,2.1241,0.5252,1.3406,0.5252
3878610,2015-09-20,Serie A,2015/2016,4.0000,Atalanta,Hellas Verona,H,Edoardo Reja,Andrea Mandorlini,1.0000,1.0000,1.0000,53.2484,62.7358,3.6600,19.7440,12.2951,0.4096,50.0000,14.0000,9.8000,0.3188,43.5897,51.9950,13.0000,1.0000,15.0000,0.7525,0.8044,0.7525,0.8044
3878610,2015-09-20,Serie A,2015/2016,4.0000,Hellas Verona,Atalanta,A,Andrea Mandorlini,Edoardo Reja,1.0000,1.0000,1.0000,46.7516,37.2642,2.9314,20.6223,12.3746,0.3625,0.0000,8.3333,10.7391,0.2703,34.5133,47.8215,7.0000,1.0000,10.0000,0.8044,0.7525,0.8044,0.7525
3878611,2015-09-20,Serie A,2015/2016,4.0000,Chievo,Inter Milan,H,Rolando Maran,Roberto Mancini,0.0000,1.0000,0.0000,45.8145,53.2468,3.9667,19.4110,14.5658,0.3934,0.0000,11.3475,9.7647,0.4781,41.0480,50.9922,11.0000,0.0000,15.0000,0.8709,0.9382,0.8709,0.9382
3878611,2015-09-20,Serie A,2015/2016,4.0000,Inter Milan,Chievo,A,Roberto Mancini,Rolando Maran,1.0000,0.0000,3.0000,54.1855,46.7532,3.6034,20.5192,13.1579,0.2337,12.5000,7.0796,11.4762,0.4321,40.5714,49.7955,16.0000,0.0000,14.0000,0.9382,0.8709,0.9382,0.8709
3879537,2015-09-22,Serie A,2015/2016,5.0000,Udinese,AC Milan,H,Stefano Colantuono,Siniša Mihajlović,2.0000,3.0000,0.0000,47.4227,60.1156,3.3689,21.0586,13.8329,0.3988,0.0000,14.8760,10.2941,0.4749,45.4128,51.8357,15.0000,0.0000,13.0000,1.4147,0.4841,1.4147,0.4841
3879537,2015-09-22,Serie A,2015/2016,5.0000,AC Milan,Udinese,A,Siniša Mihajlović,Stefano Colantuono,3.0000,2.0000,3.0000,52.5773,39.8844,4.1020,20.5538,13.6816,0.3903,25.0000,4.1237,7.8286,0.4662,41.9689,51.5896,9.0000,1.0000,9.0000,0.4841,1.4147,0.4841,1.4147
3879538,2015-09-23,Serie A,2015/2016,5.0000,Lazio,Genoa,H,Stefano Pioli,Gian Piero Gasperini,2.0000,0.0000,3.0000,57.3844,61.9883,5.0889,20.2623,13.1004,0.2421,40.0000,6.6116,10.0357,0.5450,42.7184,51.4623,12.0000,0.0000,11.0000,0.8108,0.2949,0.8108,0.2949
3879538,2015-09-23,Serie A,2015/2016,5.0000,Genoa,Lazio,A,Gian Piero Gasperini,Stefano Pioli,0.0000,2.0000,0.0000,42.6156,38.0117,3.7614,18.2167,9.3656,0.3432,12.5000,1.2987,15.5909,0.3143,27.5000,40.6724,4.0000,0.0000,10.0000,0.2949,0.8108,0.2949,0.8108
3879539,2015-09-23,Serie A,2015/2016,5.0000,Carpi,Napoli,H,Fabrizio Castori,Maurizio Sarri,0.0000,0.0000,1.0000,28.2895,22.1374,2.7556,23.7831,20.1613,0.5075,21.4286,5.0633,28.2500,0.3145,16.6667,40.5255,5.0000,0.0000,11.0000,0.3823,1.5823,0.3823,1.5823
3879539,2015-09-23,Serie A,2015/2016,5.0000,Napoli,Carpi,A,Maurizio Sarri,Fabrizio Castori,0.0000,0.0000,1.0000,71.7105,77.8626,6.5794,18.7432,11.7898,0.2480,100.0000,5.3061,7.8276,0.4452,56.7164,55.0812,15.0000,0.0000,21.0000,1.5823,0.3823,1.5823,0.3823
3879540,2015-09-23,Serie A,2015/2016,5.0000,Chievo,Torino,H,Rolando Maran,Gian Piero Ventura	,1.0000,0.0000,3.0000,43.3040,53.6424,5.9265,21.1948,10.6700,0.2356,0.0000,7.4380,19.7500,0.2793,45.0617,55.4391,12.0000,0.0000,10.0000,0.5915,0.2470,0.5915,0.2470
3879540,2015-09-23,Serie A,2015/2016,5.0000,Torino,Chievo,A,Gian Piero Ventura	,Rolando Maran,0.0000,1.0000,0.0000,56.6960,46.3576,6.1149,22.5342,12.7820,0.1627,15.3846,10.8696,18.5294,0.3115,31.1594,48.4296,12.0000,0.0000,5.0000,0.2470,0.5915,0.2470,0.5915
3879541,2015-09-23,Serie A,2015/2016,5.0000,Fiorentina,Bologna,H,Paulo Sousa,Delio Rossi,2.0000,0.0000,3.0000,69.5088,78.4038,6.7573,19.5730,9.6264,0.2474,66.6667,10.8491,7.2703,0.5927,57.4359,60.3068,18.0000,0.0000,19.0000,1.7034,0.2532,1.7034,0.2532
3879541,2015-09-23,Serie A,2015/2016,5.0000,Bologna,Fiorentina,A,Delio Rossi,Paulo Sousa,0.0000,2.0000,0.0000,30.4912,21.5962,2.9140,23.1458,19.5572,0.4427,60.0000,1.6393,29.2353,0.3027,31.2775,39.0515,7.0000,0.0000,3.0000,0.2532,1.7034,0.2532,1.7034
3879542,2015-09-23,Serie A,2015/2016,5.0000,Inter Milan,Hellas Verona,H,Roberto Mancini,Andrea Mandorlini,1.0000,0.0000,3.0000,61.4823,75.3036,5.6526,19.2734,10.9870,0.2259,44.4444,9.5477,9.4667,0.3442,53.5433,53.9661,16.0000,0.0000,17.0000,0.7401,0.4284,0.7401,0.4284
3879542,2015-09-23,Serie A,2015/2016,5.0000,Hellas Verona,Inter Milan,A,Andrea Mandorlini,Roberto Mancini,0.0000,1.0000,0.0000,38.5177,24.6964,3.7326,20.5246,12.4611,0.3637,23.0769,7.7922,19.3333,0.3141,27.0270,40.1417,7.0000,0.0000,8.0000,0.4284,0.7401,0.4284,0.7401
3879543,2015-09-23,Serie A,2015/2016,5.0000,Juventus,Frosinone,H,Massimiliano Allegri,Roberto Stellone,1.0000,1.0000,1.0000,68.4861,78.5489,6.9773,18.7582,6.1889,0.2038,66.6667,8.8123,7.2333,0.3824,38.4615,59.8534,22.0000,1.0000,36.0000,1.9621,0.5380,1.9621,0.5380
3879543,2015-09-23,Serie A,2015/2016,5.0000,Frosinone,Juventus,A,Roberto Stellone,Massimiliano Allegri,1.0000,1.0000,1.0000,31.5139,21.4511,2.9294,20.7092,14.4578,0.4188,0.0000,3.2609,14.5200,0.2872,36.1257,46.5208,11.0000,0.0000,10.0000,0.5380,1.9621,0.5380,1.9621
3879544,2015-09-23,Serie A,2015/2016,5.0000,Palermo,Sassuolo,H,Giuseppe Iachini,Eusebio Di Francesco,0.0000,1.0000,0.0000,49.0099,54.0741,3.9818,20.2231,11.8721,0.3150,18.1818,12.5749,9.6111,0.3553,44.8087,54.1164,18.0000,0.0000,9.0000,0.5067,0.8488,0.5067,0.8488
3879544,2015-09-23,Serie A,2015/2016,5.0000,Sassuolo,Palermo,A,Eusebio Di Francesco,Giuseppe Iachini,1.0000,0.0000,3.0000,50.9901,45.9259,4.1545,19.6990,11.3786,0.3383,37.5000,6.7114,13.0417,0.3535,38.8571,44.1723,6.0000,0.0000,14.0000,0.8488,0.5067,0.8488,0.5067
3879545,2015-09-23,Serie A,2015/2016,5.0000,Sampdoria,AS Roma,H,Walter Zenga,Rudi Garcia,2.0000,1.0000,3.0000,34.2373,21.4984,2.9529,24.2362,18.3267,0.4572,7.1429,6.2500,19.8000,0.3024,28.4091,39.4978,5.0000,1.0000,6.0000,0.2093,1.7460,0.2093,1.7460
3879545,2015-09-23,Serie A,2015/2016,5.0000,AS Roma,Sampdoria,A,Rudi Garcia,Walter Zenga,1.0000,2.0000,0.0000,65.7627,78.5016,4.5086,20.1315,11.4723,0.3117,100.0000,10.7692,7.8929,0.3465,62.8571,64.0375,18.0000,0.0000,25.0000,1.7460,0.2093,1.7460,0.2093
3879546,2015-09-24,Serie A,2015/2016,5.0000,Empoli,Atalanta,H,Marco Giampaolo,Edoardo Reja,0.0000,1.0000,0.0000,49.9533,48.1481,4.6311,17.7058,6.9182,0.3615,72.7273,9.2715,10.7879,0.4627,43.1452,55.5832,16.0000,0.0000,10.0000,0.4174,0.4005,0.4174,0.4005
3879546,2015-09-24,Serie A,2015/2016,5.0000,Atalanta,Empoli,A,Edoardo Reja,Marco Giampaolo,1.0000,0.0000,3.0000,50.0467,51.8519,4.7647,22.7242,18.9300,0.3191,20.0000,10.2041,8.0000,0.5065,36.9004,50.2951,8.0000,2.0000,13.0000,0.4005,0.4174,0.4005,0.4174
3879547,2015-09-26,Serie A,2015/2016,6.0000,AS Roma,Carpi,H,Rudi Garcia,Fabrizio Castori,5.0000,1.0000,3.0000,67.7509,79.4574,5.9912,18.6082,10.0443,0.2200,50.0000,7.5472,11.8696,0.4121,56.6434,57.5080,17.0000,2.0000,17.0000,3.3696,2.1567,3.3696,1.3732
3879547,2015-09-26,Serie A,2015/2016,6.0000,Carpi,AS Roma,A,Fabrizio Castori,Rudi Garcia,1.0000,5.0000,0.0000,32.2491,20.5426,3.8000,20.5279,14.1447,0.4232,0.0000,14.4737,21.3333,0.3004,27.3973,40.5593,8.0000,0.0000,13.0000,2.1567,3.3696,1.3732,3.3696
3879548,2015-09-26,Serie A,2015/2016,6.0000,Napoli,Juventus,H,Maurizio Sarri,Massimiliano Allegri,2.0000,1.0000,3.0000,53.7886,66.9903,5.2000,18.0183,8.2692,0.2970,20.0000,6.7485,9.3571,0.4231,56.4593,53.2754,12.0000,1.0000,14.0000,0.7033,1.1320,0.7033,1.1320
3879548,2015-09-26,Serie A,2015/2016,6.0000,Juventus,Napoli,A,Massimiliano Allegri,Maurizio Sarri,1.0000,2.0000,0.0000,46.2114,33.0097,4.1132,21.1171,12.6147,0.3002,57.1429,9.6774,14.6000,0.3130,43.8889,49.2817,12.0000,1.0000,12.0000,1.1320,0.7033,1.1320,0.7033
3879549,2015-09-27,Serie A,2015/2016,6.0000,Genoa,AC Milan,H,Gian Piero Gasperini,Siniša Mihajlović,1.0000,0.0000,3.0000,52.8117,57.2614,3.1681,20.0940,12.2016,0.3759,14.2857,4.0816,7.1143,0.4456,37.7907,49.5776,10.0000,0.0000,11.0000,0.9029,0.8720,0.9029,0.8720
3879549,2015-09-27,Serie A,2015/2016,6.0000,AC Milan,Genoa,A,Siniša Mihajlović,Gian Piero Gasperini,0.0000,1.0000,0.0000,47.1883,42.7386,2.7857,21.6299,14.4231,0.4375,27.2727,8.2645,10.5833,0.4282,45.4054,51.5721,15.0000,0.0000,12.0000,0.8720,0.9029,0.8720,0.9029
3879550,2015-09-27,Serie A,2015/2016,6.0000,Inter Milan,Fiorentina,H,Roberto Mancini,Paulo Sousa,1.0000,4.0000,0.0000,32.4415,26.1438,4.2927,21.6487,15.6250,0.3094,0.0000,8.4507,19.9032,0.2562,45.8937,50.2238,6.0000,0.0000,5.0000,1.0328,3.0625,1.0328,2.2790
3879550,2015-09-27,Serie A,2015/2016,6.0000,Fiorentina,Inter Milan,A,Paulo Sousa,Roberto Mancini,4.0000,1.0000,3.0000,67.5585,73.8562,10.4865,18.8233,8.3763,0.1162,50.0000,6.2500,8.7368,0.4046,62.4204,54.4477,6.0000,2.0000,13.0000,3.0625,1.0328,2.2790,1.0328
3879551,2015-09-27,Serie A,2015/2016,6.0000,Hellas Verona,Lazio,H,Andrea Mandorlini,Stefano Pioli,1.0000,2.0000,0.0000,37.2881,29.9465,3.3976,23.5022,20.2128,0.4130,0.0000,12.0000,16.1818,0.2955,26.2195,38.9017,12.0000,0.0000,6.0000,0.7530,2.1191,0.7530,1.3356
3879551,2015-09-27,Serie A,2015/2016,6.0000,Lazio,Hellas Verona,A,Stefano Pioli,Andrea Mandorlini,2.0000,1.0000,3.0000,62.7119,70.0535,5.0500,21.5369,13.2673,0.3196,33.3333,10.3030,7.2571,0.3818,64.2857,58.8746,18.0000,0.0000,13.0000,2.1191,0.7530,1.3356,0.7530
3879552,2015-09-27,Serie A,2015/2016,6.0000,Bologna,Udinese,H,Delio Rossi,Stefano Colantuono,1.0000,2.0000,0.0000,52.9175,67.9012,4.5437,20.2986,13.6752,0.4380,20.0000,7.6142,8.4634,0.3739,40.5714,53.3350,18.0000,0.0000,12.0000,1.2506,1.6775,1.2506,1.6775
3879552,2015-09-27,Serie A,2015/2016,6.0000,Udinese,Bologna,A,Stefano Colantuono,Delio Rossi,2.0000,1.0000,3.0000,47.0825,32.0988,3.9231,20.5355,15.4412,0.4518,0.0000,10.6195,10.3548,0.3384,40.4494,51.7975,15.0000,2.0000,12.0000,1.6775,1.2506,1.6775,1.2506
3879553,2015-09-27,Serie A,2015/2016,6.0000,Sassuolo,Chievo,H,Eusebio Di Francesco,Rolando Maran,1.0000,1.0000,1.0000,53.4335,51.5957,3.9541,21.0952,13.2251,0.3340,23.0769,3.8462,17.8824,0.3917,48.8235,50.8478,11.0000,0.0000,15.0000,1.1949,0.6515,1.1949,0.6515
3879553,2015-09-27,Serie A,2015/2016,6.0000,Chievo,Sassuolo,A,Rolando Maran,Eusebio Di Francesco,1.0000,1.0000,1.0000,46.5665,48.4043,3.6569,21.6179,16.8901,0.4322,0.0000,8.3333,10.0556,0.4217,43.8095,54.3197,11.0000,1.0000,13.0000,0.6515,1.1949,0.6515,1.1949
3879554,2015-09-27,Serie A,2015/2016,6.0000,Torino,Palermo,H,Gian Piero Ventura	,Giuseppe Iachini,2.0000,1.0000,3.0000,49.6410,29.9065,4.7527,22.9706,13.1222,0.2617,22.2222,9.1954,11.8750,0.3585,27.8409,48.0871,8.0000,1.0000,10.0000,0.7192,0.6226,0.7192,0.6226
3879554,2015-09-27,Serie A,2015/2016,6.0000,Palermo,Torino,A,Giuseppe Iachini,Gian Piero Ventura	,1.0000,2.0000,0.0000,50.3590,70.0935,4.6042,20.0878,12.4434,0.2849,22.2222,13.2530,16.7083,0.2624,45.6693,52.9632,8.0000,0.0000,11.0000,0.6226,0.7192,0.6226,0.7192
3879555,2015-09-28,Serie A,2015/2016,6.0000,Atalanta,Sampdoria,H,Edoardo Reja,Walter Zenga,2.0000,1.0000,3.0000,49.4700,63.3065,3.3394,20.2345,12.6374,0.3801,0.0000,14.5455,8.7353,0.4452,39.2670,52.2769,14.0000,0.0000,21.0000,2.0282,0.7487,2.0282,0.7487
3879555,2015-09-28,Serie A,2015/2016,6.0000,Sampdoria,Atalanta,A,Walter Zenga,Edoardo Reja,1.0000,2.0000,0.0000,50.5300,36.6935,3.2946,21.4058,14.6341,0.3669,7.6923,7.4380,8.6667,0.3381,44.3662,46.2446,10.0000,1.0000,10.0000,0.7487,2.0282,0.7487,2.0282
3879556,2015-09-28,Serie A,2015/2016,6.0000,Frosinone,Empoli,H,Roberto Stellone,Marco Giampaolo,2.0000,0.0000,3.0000,41.3265,48.9691,2.9130,24.2457,21.6418,0.4926,0.0000,13.8889,8.7297,0.4913,45.1327,51.7693,16.0000,0.0000,10.0000,1.4282,0.7890,1.4282,0.7890
3879556,2015-09-28,Serie A,2015/2016,6.0000,Empoli,Frosinone,A,Marco Giampaolo,Roberto Stellone,0.0000,2.0000,0.0000,58.6735,51.0309,3.5370,18.1906,9.9476,0.4428,25.0000,0.7874,9.2273,0.3426,32.4324,52.9402,12.0000,0.0000,13.0000,0.7890,1.4282,0.7890,1.4282
3879557,2015-10-03,Serie A,2015/2016,7.0000,Chievo,Hellas Verona,H,Rolando Maran,Andrea Mandorlini,1.0000,1.0000,1.0000,52.6429,60.8696,4.8571,20.3075,14.0271,0.3825,14.2857,11.3333,9.2703,0.3098,62.5000,64.7313,15.0000,0.0000,17.0000,1.5185,1.3219,1.5185,1.3219
3879557,2015-10-03,Serie A,2015/2016,7.0000,Hellas Verona,Chievo,A,Andrea Mandorlini,Rolando Maran,1.0000,1.0000,1.0000,47.3571,39.1304,3.9175,22.0468,13.9474,0.3846,0.0000,5.2632,14.7727,0.2172,35.8491,45.4411,8.0000,1.0000,10.0000,1.3219,1.5185,1.3219,1.5185
3879558,2015-10-03,Serie A,2015/2016,7.0000,Carpi,Torino,H,Giuseppe Sannino,Gian Piero Ventura	,2.0000,1.0000,3.0000,42.5214,44.2105,4.3000,21.7667,15.4070,0.3267,0.0000,6.7308,21.5294,0.2528,37.5000,45.4027,9.0000,0.0000,7.0000,0.3488,1.3942,0.3488,0.6107
3879558,2015-10-03,Serie A,2015/2016,7.0000,Torino,Carpi,A,Gian Piero Ventura	,Giuseppe Sannino,1.0000,2.0000,0.0000,57.4786,55.7895,4.9109,24.4341,20.3629,0.2368,50.0000,9.1549,13.4286,0.2588,32.0388,50.4874,8.0000,0.0000,15.0000,1.3942,0.3488,0.6107,0.3488
3879559,2015-10-04,Serie A,2015/2016,7.0000,Juventus,Bologna,H,Massimiliano Allegri,Delio Rossi,3.0000,1.0000,3.0000,65.0318,69.1011,8.5696,20.0825,9.3058,0.1906,80.0000,6.8027,12.1600,0.3117,50.0000,60.1764,18.0000,1.0000,20.0000,2.2614,0.2303,1.4779,0.2303
3879559,2015-10-04,Serie A,2015/2016,7.0000,Bologna,Juventus,A,Delio Rossi,Massimiliano Allegri,1.0000,3.0000,0.0000,34.9682,30.8989,4.0964,21.2218,14.7059,0.3062,11.1111,4.3478,24.9545,0.3115,39.9103,44.1068,1.0000,0.0000,2.0000,0.2303,2.2614,0.2303,1.4779
3879560,2015-10-04,Serie A,2015/2016,7.0000,Lazio,Frosinone,H,Stefano Pioli,Roberto Stellone,2.0000,0.0000,3.0000,65.2542,71.2963,4.8416,21.0139,12.8834,0.3019,0.0000,12.6374,5.0732,0.5540,52.8302,58.1553,24.0000,3.0000,28.0000,2.4869,0.6402,2.4869,0.6402
3879560,2015-10-04,Serie A,2015/2016,7.0000,Frosinone,Lazio,A,Roberto Stellone,Stefano Pioli,0.0000,2.0000,0.0000,34.7458,28.7037,2.3895,21.5793,18.0617,0.5230,0.0000,5.1282,14.1739,0.3525,36.8421,46.1940,15.0000,0.0000,13.0000,0.6402,2.4869,0.6402,2.4869
3879561,2015-10-04,Serie A,2015/2016,7.0000,Fiorentina,Atalanta,H,Paulo Sousa,Edoardo Reja,3.0000,0.0000,3.0000,66.2109,78.3333,7.1124,18.9791,7.7409,0.1871,50.0000,5.1643,10.5000,0.3728,58.9147,63.2901,10.0000,1.0000,29.0000,2.7290,0.6326,1.9455,0.6326
3879561,2015-10-04,Serie A,2015/2016,7.0000,Atalanta,Fiorentina,A,Edoardo Reja,Paulo Sousa,0.0000,3.0000,0.0000,33.7891,21.6667,3.3721,21.8400,14.4828,0.3323,18.1818,19.6721,18.9091,0.2714,35.3261,42.9375,5.0000,0.0000,5.0000,0.6326,2.7290,0.6326,1.9455
3879562,2015-10-04,Serie A,2015/2016,7.0000,AC Milan,Napoli,H,Siniša Mihajlović,Maurizio Sarri,0.0000,4.0000,0.0000,39.4643,54.8077,3.8333,20.2720,12.2762,0.4048,42.8571,4.5752,17.8667,0.2655,53.3333,54.0118,11.0000,0.0000,12.0000,0.4966,1.6046,0.4966,1.6046
3879562,2015-10-04,Serie A,2015/2016,7.0000,Napoli,AC Milan,A,Maurizio Sarri,Siniša Mihajlović,4.0000,0.0000,3.0000,60.5357,45.1923,6.1068,17.5153,9.6979,0.2852,50.0000,8.5271,14.2500,0.2557,40.7080,49.1443,5.0000,2.0000,11.0000,1.6046,0.4966,1.6046,0.4966
3879563,2015-10-04,Serie A,2015/2016,7.0000,Empoli,Sassuolo,H,Marco Giampaolo,Eusebio Di Francesco,1.0000,0.0000,3.0000,54.3307,52.0930,4.1765,17.6590,8.6854,0.3590,0.0000,6.4516,8.3438,0.2783,41.5929,52.0775,14.0000,1.0000,19.0000,0.9623,0.4408,0.9623,0.4408
3879563,2015-10-04,Serie A,2015/2016,7.0000,Sassuolo,Empoli,A,Eusebio Di Francesco,Marco Giampaolo,0.0000,1.0000,0.0000,45.6693,47.9070,3.8989,22.8676,18.1556,0.3702,42.8571,6.9231,9.8235,0.3996,42.4870,49.4000,9.0000,0.0000,7.0000,0.4408,0.9623,0.4408,0.9623
3879564,2015-10-04,Serie A,2015/2016,7.0000,Palermo,AS Roma,H,Giuseppe Iachini,Rudi Garcia,2.0000,4.0000,0.0000,39.3474,50.2618,3.4950,20.9683,16.4306,0.4048,37.5000,10.4839,17.9643,0.2991,51.8519,53.7536,15.0000,1.0000,14.0000,1.6081,2.3769,1.6081,2.3769
3879564,2015-10-04,Serie A,2015/2016,7.0000,AS Roma,Palermo,A,Rudi Garcia,Giuseppe Iachini,4.0000,2.0000,3.0000,60.6526,49.7382,5.9184,19.9068,13.2759,0.2405,50.0000,9.0090,12.9091,0.3561,39.7260,48.3910,9.0000,0.0000,13.0000,2.3769,1.6081,2.3769,1.6081
3879565,2015-10-04,Serie A,2015/2016,7.0000,Sampdoria,Inter Milan,H,Walter Zenga,Roberto Mancini,1.0000,1.0000,1.0000,34.5756,25.3165,3.0421,23.4564,16.6090,0.4079,25.0000,10.8434,21.1667,0.2658,27.3810,44.6691,10.0000,2.0000,15.0000,2.6733,1.8731,2.6733,1.8731
3879565,2015-10-04,Serie A,2015/2016,7.0000,Inter Milan,Sampdoria,A,Roberto Mancini,Walter Zenga,1.0000,1.0000,1.0000,65.4244,74.6835,4.8983,21.7394,10.0346,0.2750,100.0000,13.1222,10.6818,0.3593,47.5000,56.1200,14.0000,0.0000,18.0000,1.8731,2.6733,1.8731,2.6733
3879566,2015-10-04,Serie A,2015/2016,7.0000,Udinese,Genoa,H,Stefano Colantuono,Gian Piero Gasperini,1.0000,1.0000,1.0000,34.2466,27.8226,2.7604,21.0963,17.3585,0.5078,0.0000,9.5745,20.3684,0.2821,34.0909,43.7569,9.0000,1.0000,9.0000,1.2052,1.6860,1.2052,0.9025
3879566,2015-10-04,Serie A,2015/2016,7.0000,Genoa,Udinese,A,Gian Piero Gasperini,Stefano Colantuono,1.0000,1.0000,1.0000,65.7534,72.1774,6.6628,20.1660,11.6928,0.2718,83.3333,8.2524,6.6176,0.3908,60.6299,57.6236,14.0000,0.0000,19.0000,1.6860,1.2052,0.9025,1.2052
3879567,2015-10-17,Serie A,2015/2016,8.0000,AS Roma,Empoli,H,Rudi Garcia,Marco Giampaolo,3.0000,1.0000,3.0000,56.6364,62.8319,5.6176,21.8313,16.4049,0.2880,40.0000,5.9880,15.5217,0.3774,43.8889,50.0000,8.0000,0.0000,10.0000,1.0091,0.5884,1.0091,0.5884
3879567,2015-10-17,Serie A,2015/2016,8.0000,Empoli,AS Roma,A,Marco Giampaolo,Rudi Garcia,1.0000,3.0000,0.0000,43.3636,37.1681,4.2653,19.3283,12.9187,0.3984,57.1429,2.5210,16.5385,0.3499,49.0826,51.5568,10.0000,1.0000,13.0000,0.5884,1.0091,0.5884,1.0091
3879568,2015-10-17,Serie A,2015/2016,8.0000,Torino,AC Milan,H,Gian Piero Ventura	,Siniša Mihajlović,1.0000,1.0000,1.0000,45.3159,48.5714,4.1705,23.5159,19.8910,0.3385,22.2222,13.5922,12.0690,0.4801,37.7593,48.8752,9.0000,1.0000,6.0000,0.6238,1.1248,0.6238,1.1248
3879568,2015-10-17,Serie A,2015/2016,8.0000,AC Milan,Torino,A,Siniša Mihajlović,Gian Piero Ventura	,1.0000,1.0000,1.0000,54.6841,51.4286,4.3861,19.9896,10.3837,0.3516,28.5714,7.1429,12.5833,0.3846,50.0000,51.3967,10.0000,4.0000,10.0000,1.1248,0.6238,1.1248,0.6238
3879569,2015-10-18,Serie A,2015/2016,8.0000,Bologna,Palermo,H,Delio Rossi,Giuseppe Iachini,0.0000,1.0000,0.0000,55.6324,64.1860,5.2959,19.8404,8.4778,0.2914,50.0000,8.4337,10.1818,0.2494,55.3571,61.0337,19.0000,2.0000,17.0000,1.6357,1.6427,1.6357,1.6427
3879569,2015-10-18,Serie A,2015/2016,8.0000,Palermo,Bologna,A,Giuseppe Iachini,Delio Rossi,1.0000,0.0000,3.0000,44.3676,35.8140,3.8173,20.2479,14.1058,0.3494,18.1818,11.7021,22.2353,0.3002,27.2189,38.2178,5.0000,0.0000,11.0000,1.6427,1.6357,1.6427,1.6357
3879570,2015-10-18,Serie A,2015/2016,8.0000,Genoa,Chievo,H,Gian Piero Gasperini,Rolando Maran,3.0000,2.0000,3.0000,44.7253,42.6923,3.5361,20.3210,13.9942,0.3637,0.0000,9.0909,15.1500,0.2982,39.3333,47.7298,11.0000,0.0000,13.0000,1.0655,1.9066,1.0655,1.9066
3879570,2015-10-18,Serie A,2015/2016,8.0000,Chievo,Genoa,A,Rolando Maran,Gian Piero Gasperini,2.0000,3.0000,0.0000,55.2747,57.3077,4.6979,21.1095,13.5255,0.4023,25.0000,12.6984,8.1212,0.4693,47.1204,54.7925,12.0000,1.0000,22.0000,1.9066,1.0655,1.9066,1.0655
3879571,2015-10-18,Serie A,2015/2016,8.0000,Atalanta,Carpi,H,Edoardo Reja,Giuseppe Sannino,3.0000,0.0000,3.0000,56.8983,63.7615,4.6518,19.7635,11.1324,0.3359,0.0000,7.3171,8.5526,0.2103,55.5556,55.2736,6.0000,1.0000,14.0000,1.9071,0.8953,1.1236,0.8953
3879571,2015-10-18,Serie A,2015/2016,8.0000,Carpi,Atalanta,A,Giuseppe Sannino,Edoardo Reja,0.0000,3.0000,0.0000,43.1017,36.2385,3.2143,20.1270,12.5000,0.4244,0.0000,8.7379,25.4000,0.2442,36.2319,46.5011,7.0000,0.0000,13.0000,0.8953,1.9071,0.8953,1.1236
3879572,2015-10-18,Serie A,2015/2016,8.0000,Napoli,Fiorentina,H,Maurizio Sarri,Paulo Sousa,2.0000,1.0000,3.0000,49.0602,59.0698,3.9828,18.4329,8.8745,0.3329,50.0000,7.5862,11.1622,0.2804,54.6053,55.8892,11.0000,1.0000,13.0000,1.3343,0.7166,1.3343,0.7166
3879572,2015-10-18,Serie A,2015/2016,8.0000,Fiorentina,Napoli,A,Paulo Sousa,Maurizio Sarri,1.0000,2.0000,0.0000,50.9398,40.9302,4.6168,19.7814,11.7409,0.2999,62.5000,5.2632,7.3191,0.4138,45.3704,51.1122,13.0000,0.0000,10.0000,0.7166,1.3343,0.7166,1.3343
3879573,2015-10-18,Serie A,2015/2016,8.0000,Sassuolo,Lazio,H,Eusebio Di Francesco,Stefano Pioli,2.0000,1.0000,3.0000,43.7500,41.9811,3.5446,20.7513,15.0838,0.5048,20.0000,6.0870,10.4000,0.3220,43.2749,49.1738,14.0000,1.0000,16.0000,1.9460,0.9451,1.1625,0.9451
3879573,2015-10-18,Serie A,2015/2016,8.0000,Lazio,Sassuolo,A,Stefano Pioli,Eusebio Di Francesco,1.0000,2.0000,0.0000,56.2500,58.0189,4.5238,20.9997,12.8421,0.3685,27.2727,10.5960,7.8684,0.4600,44.2105,52.7942,21.0000,0.0000,12.0000,0.9451,1.9460,0.9451,1.1625
3879574,2015-10-18,Serie A,2015/2016,8.0000,Inter Milan,Juventus,H,Roberto Mancini,Massimiliano Allegri,0.0000,0.0000,1.0000,47.1853,42.1053,4.2604,20.8818,14.1809,0.2619,11.1111,6.0000,14.6957,0.2926,37.0861,50.4505,12.0000,0.0000,8.0000,0.2789,0.9914,0.2789,0.9914
3879574,2015-10-18,Serie A,2015/2016,8.0000,Juventus,Inter Milan,A,Massimiliano Allegri,Roberto Mancini,0.0000,0.0000,1.0000,52.8147,57.8947,5.2667,19.8748,12.0253,0.2897,57.1429,8.5714,17.3000,0.2668,41.4634,47.7567,13.0000,1.0000,15.0000,0.9914,0.2789,0.9914,0.2789
3879575,2015-10-18,Serie A,2015/2016,8.0000,Hellas Verona,Udinese,H,Andrea Mandorlini,Stefano Colantuono,1.0000,1.0000,1.0000,46.9767,46.1224,4.7684,20.7625,13.4658,0.3550,0.0000,12.2302,18.0500,0.3140,34.6369,47.3380,11.0000,0.0000,10.0000,1.1932,0.6194,0.4097,0.6194
3879575,2015-10-18,Serie A,2015/2016,8.0000,Udinese,Hellas Verona,A,Stefano Colantuono,Andrea Mandorlini,1.0000,1.0000,1.0000,53.0233,53.8776,5.1600,19.1639,10.0775,0.3147,0.0000,8.2840,16.4762,0.2990,37.0861,48.2604,10.0000,0.0000,15.0000,0.6194,1.1932,0.6194,0.4097
3879576,2015-10-18,Serie A,2015/2016,8.0000,Frosinone,Sampdoria,H,Roberto Stellone,Walter Zenga,2.0000,0.0000,3.0000,37.7049,32.9861,2.6633,20.7700,13.0268,0.4507,0.0000,11.7117,14.6842,0.2782,35.8108,46.0098,10.0000,1.0000,14.0000,0.9150,1.4127,0.9150,1.4127
3879576,2015-10-18,Serie A,2015/2016,8.0000,Sampdoria,Frosinone,A,Walter Zenga,Roberto Stellone,0.0000,2.0000,0.0000,62.2951,67.0139,4.5673,20.0511,11.1579,0.3245,11.1111,8.8372,7.2692,0.3944,37.0079,52.1400,16.0000,0.0000,20.0000,1.4127,0.9150,1.4127,0.9150
3879577,2015-10-24,Serie A,2015/2016,9.0000,Empoli,Genoa,H,Marco Giampaolo,Gian Piero Gasperini,2.0000,0.0000,3.0000,47.8495,40.5660,3.2895,19.1158,16.2667,0.4366,37.5000,4.4643,16.3500,0.3732,37.5691,46.5581,9.0000,0.0000,16.0000,1.7946,0.6066,1.7946,0.6066
3879577,2015-10-24,Serie A,2015/2016,9.0000,Genoa,Empoli,A,Gian Piero Gasperini,Marco Giampaolo,0.0000,2.0000,0.0000,52.1505,59.4340,4.0769,23.4344,19.8113,0.3649,0.0000,6.6667,9.3143,0.4315,45.8333,50.7095,12.0000,0.0000,14.0000,0.6066,1.7946,0.6066,1.7946
3879578,2015-10-24,Serie A,2015/2016,9.0000,Carpi,Bologna,H,Giuseppe Sannino,Delio Rossi,1.0000,2.0000,0.0000,39.8827,33.4746,5.2571,22.4041,16.8478,0.3189,9.0909,10.8911,19.2000,0.2780,32.1637,42.2637,9.0000,0.0000,8.0000,0.6849,1.9710,0.6849,1.9710
3879578,2015-10-24,Serie A,2015/2016,9.0000,Bologna,Carpi,A,Delio Rossi,Giuseppe Sannino,2.0000,1.0000,3.0000,60.1173,66.5254,6.0108,19.9935,11.6279,0.2752,60.0000,5.2083,14.3333,0.2966,36.3636,58.1169,15.0000,0.0000,14.0000,1.9710,0.6849,1.9710,0.6849
3879579,2015-10-24,Serie A,2015/2016,9.0000,Palermo,Inter Milan,H,Giuseppe Iachini,Roberto Mancini,1.0000,1.0000,1.0000,45.3981,36.1702,3.9697,21.0890,14.7583,0.3368,0.0000,11.9266,25.6923,0.2576,36.7647,54.9589,23.0000,0.0000,10.0000,1.0468,1.8530,1.0468,1.8530
3879579,2015-10-24,Serie A,2015/2016,9.0000,Inter Milan,Palermo,A,Roberto Mancini,Giuseppe Iachini,1.0000,1.0000,1.0000,54.6019,63.8298,5.5057,20.2417,13.1524,0.3146,71.4286,11.3636,11.2414,0.3964,46.5517,56.8278,27.0000,1.0000,20.0000,1.8530,1.0468,1.8530,1.0468
3879580,2015-10-25,Serie A,2015/2016,9.0000,Juventus,Atalanta,H,Massimiliano Allegri,Edoardo Reja,2.0000,0.0000,3.0000,68.3241,64.0000,7.3617,19.0256,8.9595,0.1853,66.6667,7.6433,9.7692,0.4099,53.9007,57.3432,17.0000,0.0000,19.0000,2.6080,0.1882,1.8245,0.1882
3879580,2015-10-25,Serie A,2015/2016,9.0000,Atalanta,Juventus,A,Edoardo Reja,Massimiliano Allegri,0.0000,2.0000,0.0000,31.6759,36.0000,3.2088,21.7882,17.1233,0.3650,0.0000,10.4651,21.0000,0.2803,41.8269,45.6012,3.0000,1.0000,6.0000,0.1882,2.6080,0.1882,1.8245
3879581,2015-10-25,Serie A,2015/2016,9.0000,Chievo,Napoli,H,Rolando Maran,Maurizio Sarri,0.0000,1.0000,0.0000,34.1166,18.8679,3.3431,24.0212,21.7009,0.4534,15.3846,3.7500,19.6000,0.2734,38.1643,46.8746,5.0000,1.0000,7.0000,0.6306,1.4327,0.6306,1.4327
3879581,2015-10-25,Serie A,2015/2016,9.0000,Napoli,Chievo,A,Maurizio Sarri,Rolando Maran,1.0000,0.0000,3.0000,65.8834,81.1321,5.6371,18.6953,10.8727,0.2841,50.0000,7.6190,9.6667,0.3852,63.5762,59.9763,14.0000,1.0000,18.0000,1.4327,0.6306,1.4327,0.6306
3879582,2015-10-25,Serie A,2015/2016,9.0000,Lazio,Torino,H,Stefano Pioli,Gian Piero Ventura	,3.0000,0.0000,3.0000,56.0636,59.0062,4.0157,19.8416,10.1961,0.2611,0.0000,10.8333,9.6389,0.4186,47.0270,47.7629,6.0000,0.0000,10.0000,1.2925,0.4083,1.2925,0.4083
3879582,2015-10-25,Serie A,2015/2016,9.0000,Torino,Lazio,A,Gian Piero Ventura	,Stefano Pioli,0.0000,3.0000,0.0000,43.9364,40.9938,4.1263,24.1114,17.8571,0.3349,37.5000,14.6789,10.2381,0.3138,49.1525,54.5104,13.0000,0.0000,8.0000,0.4083,1.2925,0.4083,1.2925
3879583,2015-10-25,Serie A,2015/2016,9.0000,Fiorentina,AS Roma,H,Paulo Sousa,Rudi Garcia,1.0000,2.0000,0.0000,70.1905,78.4404,5.7863,19.4148,10.1920,0.2967,60.0000,6.2500,9.6154,0.2875,42.2222,48.3826,11.0000,1.0000,22.0000,1.5720,1.1305,1.5720,1.1305
3879583,2015-10-25,Serie A,2015/2016,9.0000,AS Roma,Fiorentina,A,Rudi Garcia,Paulo Sousa,2.0000,1.0000,3.0000,29.8095,21.5596,2.8043,22.4368,17.4419,0.5287,0.0000,7.8947,15.6364,0.3026,33.6323,46.8155,6.0000,1.0000,6.0000,1.1305,1.5720,1.1305,1.5720
3879584,2015-10-25,Serie A,2015/2016,9.0000,Udinese,Frosinone,H,Stefano Colantuono,Roberto Stellone,1.0000,0.0000,3.0000,52.0576,67.8414,4.7474,20.0154,10.6430,0.3554,0.0000,11.4130,13.8077,0.2682,47.2000,52.6978,11.0000,3.0000,19.0000,2.0451,0.5074,2.0451,0.5074
3879584,2015-10-25,Serie A,2015/2016,9.0000,Frosinone,Udinese,A,Roberto Stellone,Stefano Colantuono,0.0000,1.0000,0.0000,47.9424,32.1586,4.6044,21.5749,15.0358,0.3927,0.0000,9.7345,10.9286,0.2806,35.9155,50.5160,12.0000,1.0000,12.0000,0.5074,2.0451,0.5074,2.0451
3879585,2015-10-25,Serie A,2015/2016,9.0000,AC Milan,Sassuolo,H,Siniša Mihajlović,Eusebio Di Francesco,2.0000,1.0000,3.0000,54.6524,62.9442,4.2222,19.4392,10.5263,0.3489,100.0000,8.7248,9.4286,0.3679,48.0769,57.0112,15.0000,1.0000,21.0000,1.9771,0.0832,1.1936,0.0832
3879585,2015-10-25,Serie A,2015/2016,9.0000,Sassuolo,AC Milan,A,Eusebio Di Francesco,Siniša Mihajlović,1.0000,2.0000,0.0000,45.3476,37.0558,3.3942,19.4757,12.7479,0.3855,14.2857,5.8824,10.1765,0.4795,41.2245,43.5521,7.0000,0.0000,4.0000,0.0832,1.9771,0.0832,1.1936
3879586,2015-10-25,Serie A,2015/2016,9.0000,Sampdoria,Hellas Verona,H,Walter Zenga,Andrea Mandorlini,4.0000,1.0000,3.0000,44.8589,40.5405,5.2468,22.2982,15.8416,0.3058,50.0000,8.4034,14.4583,0.3583,33.6735,44.3899,9.0000,2.0000,10.0000,2.1237,0.8568,2.1237,0.8568
3879586,2015-10-25,Serie A,2015/2016,9.0000,Hellas Verona,Sampdoria,A,Andrea Mandorlini,Walter Zenga,1.0000,4.0000,0.0000,55.1411,59.4595,5.3152,19.9540,10.0204,0.2797,66.6667,10.7143,14.8000,0.4180,45.1613,50.1013,7.0000,0.0000,11.0000,0.8568,2.1237,0.8568,2.1237
3879587,2015-10-27,Serie A,2015/2016,10.0000,Bologna,Inter Milan,H,Delio Rossi,Roberto Mancini,0.0000,1.0000,0.0000,45.3039,53.3632,4.7234,21.0968,11.9369,0.3059,0.0000,6.3830,14.6333,0.3232,47.3958,53.3823,7.0000,0.0000,7.0000,0.4641,1.4419,0.4641,1.4419
3879587,2015-10-27,Serie A,2015/2016,10.0000,Inter Milan,Bologna,A,Roberto Mancini,Delio Rossi,1.0000,0.0000,3.0000,54.6961,46.6368,5.9565,20.3565,10.4015,0.2272,85.7143,9.7561,11.1724,0.3618,41.0112,50.2602,8.0000,0.0000,11.0000,1.4419,0.4641,1.4419,0.4641
3879588,2015-10-28,Serie A,2015/2016,10.0000,Atalanta,Lazio,H,Edoardo Reja,Stefano Pioli,2.0000,1.0000,3.0000,45.5898,32.5581,4.1075,22.3985,18.0628,0.3918,0.0000,13.9535,9.4595,0.4258,45.8716,50.8574,10.0000,1.0000,8.0000,0.8669,0.2856,0.8669,0.2856
3879588,2015-10-28,Serie A,2015/2016,10.0000,Lazio,Atalanta,A,Stefano Pioli,Edoardo Reja,1.0000,2.0000,0.0000,54.4102,67.4419,4.0000,20.2267,11.0619,0.4302,0.0000,7.3826,18.1053,0.3450,49.3243,49.7861,9.0000,0.0000,7.0000,0.2856,0.8669,0.2856,0.8669
3879589,2015-10-28,Serie A,2015/2016,10.0000,Frosinone,Carpi,H,Roberto Stellone,Giuseppe Sannino,2.0000,1.0000,3.0000,50.8152,48.8889,2.5250,21.9484,19.4719,0.4798,0.0000,9.0164,7.6774,0.4834,35.4286,51.4792,7.0000,2.0000,8.0000,0.8194,0.7957,0.8194,0.7957
3879589,2015-10-28,Serie A,2015/2016,10.0000,Carpi,Frosinone,A,Giuseppe Sannino,Roberto Stellone,1.0000,2.0000,0.0000,49.1848,51.1111,2.8173,21.1151,12.2867,0.3841,0.0000,10.2564,9.5769,0.4011,40.0000,52.2267,13.0000,2.0000,12.0000,0.7957,0.8194,0.7957,0.8194
3879590,2015-10-28,Serie A,2015/2016,10.0000,Torino,Genoa,H,Gian Piero Ventura	,Gian Piero Gasperini,3.0000,3.0000,1.0000,46.7105,50.2857,3.4299,23.0025,17.9837,0.4112,33.3333,12.6126,16.9524,0.4321,34.7619,52.0529,13.0000,1.0000,16.0000,1.6168,1.3683,1.6168,1.3683
3879590,2015-10-28,Serie A,2015/2016,10.0000,Genoa,Torino,A,Gian Piero Gasperini,Gian Piero Ventura	,3.0000,3.0000,1.0000,53.2895,49.7143,4.5957,19.4065,10.1852,0.3467,7.1429,7.2000,9.8387,0.4085,43.6782,50.7343,9.0000,0.0000,10.0000,1.3683,1.6168,1.3683,1.6168
3879591,2015-10-28,Serie A,2015/2016,10.0000,Sassuolo,Juventus,H,Eusebio Di Francesco,Massimiliano Allegri,1.0000,0.0000,3.0000,38.4127,34.1014,3.2340,20.9736,16.1184,0.4690,12.5000,4.0000,14.4815,0.5309,44.6602,43.7575,5.0000,1.0000,7.0000,0.2464,0.5276,0.2464,0.5276
3879591,2015-10-28,Serie A,2015/2016,10.0000,Juventus,Sassuolo,A,Massimiliano Allegri,Eusebio Di Francesco,0.0000,1.0000,0.0000,61.5873,65.8986,4.2689,20.8255,13.7795,0.3106,22.2222,7.6923,9.3571,0.4215,40.5229,55.4608,18.0000,0.0000,14.0000,0.5276,0.2464,0.5276,0.2464
3879592,2015-10-28,Serie A,2015/2016,10.0000,AS Roma,Udinese,H,Rudi Garcia,Stefano Colantuono,3.0000,1.0000,3.0000,62.7490,64.5631,5.9596,20.6323,11.1864,0.2201,50.0000,6.1224,14.2105,0.3209,37.5000,48.9720,10.0000,3.0000,19.0000,1.4972,0.6045,1.4972,0.6045
3879592,2015-10-28,Serie A,2015/2016,10.0000,Udinese,AS Roma,A,Stefano Colantuono,Rudi Garcia,1.0000,3.0000,0.0000,37.2510,35.4369,2.9905,21.7456,16.8790,0.3586,0.0000,8.6957,20.6190,0.2984,46.8085,47.6654,7.0000,0.0000,7.0000,0.6045,1.4972,0.6045,1.4972
3879593,2015-10-28,Serie A,2015/2016,10.0000,Napoli,Palermo,H,Maurizio Sarri,Giuseppe Iachini,2.0000,0.0000,3.0000,66.3793,74.0864,8.3646,16.8048,6.2267,0.2387,83.3333,6.6148,11.7407,0.4103,55.6818,52.7330,10.0000,3.0000,24.0000,1.3306,0.4309,1.3306,0.4309
3879593,2015-10-28,Serie A,2015/2016,10.0000,Palermo,Napoli,A,Giuseppe Iachini,Maurizio Sarri,0.0000,2.0000,0.0000,33.6207,25.9136,3.9175,19.5694,12.1053,0.4150,20.0000,7.8431,31.0000,0.2184,32.9730,40.6822,9.0000,0.0000,8.0000,0.4309,1.3306,0.4309,1.3306
3879594,2015-10-28,Serie A,2015/2016,10.0000,AC Milan,Chievo,H,Siniša Mihajlović,Rolando Maran,1.0000,0.0000,3.0000,53.1523,67.1498,4.3009,19.9170,12.9630,0.2784,57.1429,10.7383,15.2800,0.3188,46.1039,51.5927,12.0000,0.0000,24.0000,1.4965,0.2169,1.4965,0.2169
3879594,2015-10-28,Serie A,2015/2016,10.0000,Chievo,AC Milan,A,Rolando Maran,Siniša Mihajlović,0.0000,1.0000,0.0000,46.8477,32.8502,4.5914,21.3275,13.8173,0.3241,25.0000,4.3478,13.0000,0.3923,44.6512,53.2133,12.0000,0.0000,4.0000,0.2169,1.4965,0.2169,1.4965
3879595,2015-10-28,Serie A,2015/2016,10.0000,Hellas Verona,Fiorentina,H,Andrea Mandorlini,Paulo Sousa,0.0000,2.0000,0.0000,38.8358,45.8716,4.2128,21.6550,15.4040,0.4009,0.0000,7.9710,15.1765,0.3438,46.6942,50.7481,6.0000,0.0000,2.0000,0.0976,1.7090,0.0976,1.7090
3879595,2015-10-28,Serie A,2015/2016,10.0000,Fiorentina,Hellas Verona,A,Paulo Sousa,Andrea Mandorlini,2.0000,0.0000,3.0000,61.1642,54.1284,6.9894,19.9306,9.8935,0.2414,50.0000,3.6232,15.0952,0.3803,44.7059,43.4692,6.0000,1.0000,9.0000,1.7090,0.0976,1.7090,0.0976
3879596,2015-10-29,Serie A,2015/2016,10.0000,Sampdoria,Empoli,H,Walter Zenga,Marco Giampaolo,1.0000,1.0000,1.0000,47.1751,55.2511,4.5400,22.8919,18.2819,0.3135,0.0000,6.2937,9.2791,0.3815,46.7290,51.5508,10.0000,1.0000,14.0000,0.8981,0.7139,0.8981,0.7139
3879596,2015-10-29,Serie A,2015/2016,10.0000,Empoli,Sampdoria,A,Marco Giampaolo,Walter Zenga,1.0000,1.0000,1.0000,52.8249,44.7489,4.9600,17.1378,6.8548,0.3108,20.0000,9.1549,10.8125,0.2575,51.1628,59.1670,14.0000,0.0000,17.0000,0.7139,0.8981,0.7139,0.8981
3879597,2015-10-31,Serie A,2015/2016,11.0000,Juventus,Torino,H,Massimiliano Allegri,Gian Piero Ventura	,2.0000,1.0000,3.0000,60.1005,67.9144,5.5100,19.6031,8.5299,0.2222,50.0000,5.5944,14.8571,0.2670,52.8302,56.0469,13.0000,1.0000,17.0000,2.2153,0.6592,2.2153,0.6592
3879597,2015-10-31,Serie A,2015/2016,11.0000,Torino,Juventus,A,Gian Piero Ventura	,Massimiliano Allegri,1.0000,2.0000,0.0000,39.8995,32.0856,3.8444,23.5788,17.0520,0.2532,35.7143,10.7143,13.8621,0.3562,23.9437,48.9766,9.0000,0.0000,10.0000,0.6592,2.2153,0.6592,2.2153
3879598,2015-10-31,Serie A,2015/2016,11.0000,Inter Milan,AS Roma,H,Roberto Mancini,Rudi Garcia,1.0000,0.0000,3.0000,40.6219,36.1868,3.9663,19.9240,13.5977,0.3751,23.0769,2.6786,17.9048,0.2956,41.1429,44.4261,8.0000,0.0000,11.0000,0.5909,1.9523,0.5909,1.9523
3879598,2015-10-31,Serie A,2015/2016,11.0000,AS Roma,Inter Milan,A,Rudi Garcia,Roberto Mancini,0.0000,1.0000,0.0000,59.3781,63.8132,5.5729,20.7293,14.3925,0.2615,75.0000,8.9888,9.3103,0.3580,40.6897,57.7697,22.0000,0.0000,19.0000,1.9523,0.5909,1.9523,0.5909
3879599,2015-11-01,Serie A,2015/2016,11.0000,Lazio,AC Milan,H,Stefano Pioli,Siniša Mihajlović,1.0000,3.0000,0.0000,61.7353,59.6154,4.3482,19.9879,10.4723,0.3989,22.2222,8.5938,7.7059,0.5698,45.9184,50.4626,9.0000,0.0000,10.0000,0.5357,1.8823,0.5357,1.8823
3879599,2015-11-01,Serie A,2015/2016,11.0000,AC Milan,Lazio,A,Siniša Mihajlović,Stefano Pioli,3.0000,1.0000,3.0000,38.2647,40.3846,2.7379,22.0996,19.5035,0.4640,18.1818,5.8140,15.5385,0.2306,39.8438,48.7476,5.0000,1.0000,9.0000,1.8823,0.5357,1.8823,0.5357
3879600,2015-11-01,Serie A,2015/2016,11.0000,Carpi,Hellas Verona,H,Giuseppe Sannino,Andrea Mandorlini,0.0000,0.0000,1.0000,39.6973,40.4651,3.1556,21.6671,18.6620,0.4993,0.0000,10.3774,12.5357,0.2162,40.1786,52.6688,13.0000,1.0000,11.0000,0.9850,0.6309,0.9850,0.6309
3879600,2015-11-01,Serie A,2015/2016,11.0000,Hellas Verona,Carpi,A,Andrea Mandorlini,Giuseppe Sannino,0.0000,0.0000,1.0000,60.3027,59.5349,4.4078,20.7124,13.8767,0.3190,0.0000,12.1795,11.2000,0.4252,38.6207,57.1558,17.0000,0.0000,11.0000,0.6309,0.9850,0.6309,0.9850
3879601,2015-11-01,Serie A,2015/2016,11.0000,Bologna,Atalanta,H,Roberto Donadoni,Edoardo Reja,3.0000,0.0000,3.0000,46.3002,50.8571,4.2283,21.0615,16.4524,0.4156,0.0000,6.3492,12.9667,0.2520,45.3125,53.4788,11.0000,0.0000,10.0000,1.4486,1.2410,1.4486,1.2410
3879601,2015-11-01,Serie A,2015/2016,11.0000,Atalanta,Bologna,A,Edoardo Reja,Roberto Donadoni,0.0000,3.0000,0.0000,53.6998,49.1429,4.5714,20.1221,12.9464,0.3419,16.6667,14.5299,10.5000,0.3562,37.1795,52.5132,8.0000,0.0000,11.0000,1.2410,1.4486,1.2410,1.4486
3879602,2015-11-01,Serie A,2015/2016,11.0000,Fiorentina,Frosinone,H,Paulo Sousa,Roberto Stellone,4.0000,1.0000,3.0000,72.4138,85.5932,9.0114,17.1103,5.0441,0.1482,50.0000,4.3614,6.6757,0.4125,45.4545,58.5362,16.0000,0.0000,31.0000,2.5622,0.4323,1.7787,0.4323
3879602,2015-11-01,Serie A,2015/2016,11.0000,Frosinone,Fiorentina,A,Roberto Stellone,Paulo Sousa,1.0000,4.0000,0.0000,27.5862,14.4068,3.3902,21.1551,14.7482,0.4088,0.0000,8.1081,17.4800,0.2738,37.8261,47.7218,9.0000,0.0000,6.0000,0.4323,2.5622,0.4323,1.7787
3879603,2015-11-01,Serie A,2015/2016,11.0000,Udinese,Sassuolo,H,Stefano Colantuono,Eusebio Di Francesco,0.0000,0.0000,1.0000,51.0383,54.7826,3.9333,21.8186,16.9492,0.4613,20.0000,10.8974,9.2424,0.3415,45.0980,58.2068,14.0000,1.0000,14.0000,1.1496,0.2774,1.1496,0.2774
3879603,2015-11-01,Serie A,2015/2016,11.0000,Sassuolo,Udinese,A,Eusebio Di Francesco,Stefano Colantuono,0.0000,0.0000,1.0000,48.9617,45.2174,4.1809,20.5674,12.9771,0.3661,0.0000,8.0882,18.1765,0.2056,27.0833,42.4623,6.0000,0.0000,6.0000,0.2774,1.1496,0.2774,1.1496
3879604,2015-11-01,Serie A,2015/2016,11.0000,Genoa,Napoli,H,Gian Piero Gasperini,Maurizio Sarri,0.0000,0.0000,1.0000,40.1940,42.6160,3.2857,22.6572,18.0124,0.4123,0.0000,10.0000,13.4286,0.3387,40.9574,45.6840,15.0000,1.0000,9.0000,0.5294,1.0686,0.5294,1.0686
3879604,2015-11-01,Serie A,2015/2016,11.0000,Napoli,Genoa,A,Maurizio Sarri,Gian Piero Gasperini,0.0000,0.0000,1.0000,59.8060,57.3840,4.6355,20.5757,10.8871,0.3477,62.5000,8.5890,8.6429,0.3968,41.2162,54.5657,18.0000,1.0000,17.0000,1.0686,0.5294,1.0686,0.5294
3879605,2015-11-02,Serie A,2015/2016,11.0000,Palermo,Empoli,H,Giuseppe Iachini,Marco Giampaolo,0.0000,1.0000,0.0000,49.2228,54.2735,3.7434,21.0044,15.8392,0.3613,20.0000,11.6438,9.2703,0.3082,36.4238,53.6811,17.0000,1.0000,15.0000,0.8636,0.9488,0.8636,0.9488
3879605,2015-11-02,Serie A,2015/2016,11.0000,Empoli,Palermo,A,Marco Giampaolo,Giuseppe Iachini,1.0000,0.0000,3.0000,50.7772,45.7265,4.3300,18.4349,11.0855,0.4227,40.0000,5.1095,10.8571,0.2358,43.7500,46.9320,6.0000,1.0000,14.0000,0.9488,0.8636,0.9488,0.8636
3879606,2015-11-02,Serie A,2015/2016,11.0000,Chievo,Sampdoria,H,Rolando Maran,Walter Zenga,1.0000,1.0000,1.0000,50.8293,59.4828,4.9684,19.5827,11.6525,0.3774,20.0000,9.1463,15.5652,0.3313,44.3114,50.4471,12.0000,0.0000,15.0000,1.1779,1.0741,1.1779,1.0741
3879606,2015-11-02,Serie A,2015/2016,11.0000,Sampdoria,Chievo,A,Walter Zenga,Rolando Maran,1.0000,1.0000,1.0000,49.1707,40.5172,4.4300,21.6907,13.3183,0.3280,11.1111,4.8387,19.8824,0.2457,39.8438,47.6237,12.0000,0.0000,10.0000,1.0741,1.1779,1.0741,1.1779
3879607,2015-11-07,Serie A,2015/2016,12.0000,AC Milan,Atalanta,H,Siniša Mihajlović,Edoardo Reja,0.0000,0.0000,1.0000,42.2246,33.3333,2.7895,21.6907,16.9811,0.4559,46.6667,6.5217,15.4762,0.4093,34.7032,48.0371,8.0000,0.0000,9.0000,0.4337,1.2533,0.4337,1.2533
3879607,2015-11-07,Serie A,2015/2016,12.0000,Atalanta,AC Milan,A,Edoardo Reja,Siniša Mihajlović,0.0000,0.0000,1.0000,57.7754,66.6667,4.6961,19.5731,12.9436,0.3453,25.0000,7.7381,5.7647,0.5601,50.6849,57.0008,16.0000,1.0000,16.0000,1.2533,0.4337,1.2533,0.4337
3879608,2015-11-07,Serie A,2015/2016,12.0000,Hellas Verona,Bologna,H,Andrea Mandorlini,Roberto Donadoni,0.0000,2.0000,0.0000,57.2989,76.4000,4.6789,20.4765,14.9020,0.3353,50.0000,10.7623,13.6000,0.4023,56.0694,54.2167,9.0000,0.0000,11.0000,0.3643,0.7502,0.3643,0.7502
3879608,2015-11-07,Serie A,2015/2016,12.0000,Bologna,Hellas Verona,A,Roberto Donadoni,Andrea Mandorlini,2.0000,0.0000,3.0000,42.7011,23.6000,4.1613,20.4514,14.2119,0.3538,0.0000,10.4651,19.1765,0.3605,29.3269,44.5829,8.0000,2.0000,11.0000,0.7502,0.3643,0.7502,0.3643
3879609,2015-11-08,Serie A,2015/2016,12.0000,Napoli,Udinese,H,Maurizio Sarri,Stefano Colantuono,1.0000,0.0000,3.0000,58.5994,62.8713,4.7477,19.5127,12.5984,0.3945,12.5000,7.3620,11.6538,0.4652,52.9412,55.8567,14.0000,0.0000,16.0000,1.2037,0.3543,1.2037,0.3543
3879609,2015-11-08,Serie A,2015/2016,12.0000,Udinese,Napoli,A,Stefano Colantuono,Maurizio Sarri,0.0000,1.0000,0.0000,41.4006,37.1287,3.6354,22.1020,18.6246,0.5167,33.3333,5.4054,18.4762,0.4376,39.3574,46.0979,6.0000,0.0000,8.0000,0.3543,1.2037,0.3543,1.2037
3879610,2015-11-08,Serie A,2015/2016,12.0000,AS Roma,Lazio,H,Rudi Garcia,Stefano Pioli,2.0000,0.0000,3.0000,44.8037,53.9062,3.3400,21.4718,18.2635,0.4401,0.0000,3.2609,12.3226,0.3494,56.2874,54.0515,13.0000,1.0000,14.0000,2.6235,1.0857,1.8400,1.0857
3879610,2015-11-08,Serie A,2015/2016,12.0000,Lazio,AS Roma,A,Stefano Pioli,Rudi Garcia,0.0000,2.0000,0.0000,55.1963,46.0938,3.7248,20.0021,13.0542,0.4564,62.5000,2.8302,12.9091,0.4021,39.7436,45.6798,7.0000,0.0000,7.0000,1.0857,2.6235,1.0857,1.8400
3879611,2015-11-08,Serie A,2015/2016,12.0000,Palermo,Chievo,H,Giuseppe Iachini,Rolando Maran,1.0000,0.0000,3.0000,52.4719,54.7794,3.8019,19.5564,14.3921,0.3849,0.0000,6.4516,15.1176,0.3877,36.5854,49.5745,13.0000,1.0000,14.0000,0.9542,1.3513,0.9542,1.3513
3879611,2015-11-08,Serie A,2015/2016,12.0000,Chievo,Palermo,A,Rolando Maran,Giuseppe Iachini,0.0000,1.0000,0.0000,47.5281,45.2206,3.6400,20.6420,13.7363,0.4326,21.4286,9.4340,13.5238,0.3619,33.1361,53.3156,14.0000,0.0000,13.0000,1.3513,0.9542,1.3513,0.9542
3879612,2015-11-08,Serie A,2015/2016,12.0000,Frosinone,Genoa,H,Roberto Stellone,Gian Piero Gasperini,2.0000,2.0000,1.0000,48.7179,53.7037,3.1188,24.0890,20.9524,0.4701,0.0000,8.5714,11.6522,0.3475,46.7626,53.8321,21.0000,0.0000,18.0000,1.1451,1.4848,1.1451,1.4848
3879612,2015-11-08,Serie A,2015/2016,12.0000,Genoa,Frosinone,A,Gian Piero Gasperini,Roberto Stellone,2.0000,2.0000,1.0000,51.2821,46.2963,3.6667,21.8468,15.8358,0.4043,0.0000,14.4068,11.5000,0.4421,27.3810,43.6755,11.0000,0.0000,10.0000,1.4848,1.1451,1.4848,1.1451
3879613,2015-11-08,Serie A,2015/2016,12.0000,Empoli,Juventus,H,Marco Giampaolo,Massimiliano Allegri,1.0000,3.0000,0.0000,46.3068,45.0000,3.9000,17.7513,11.8881,0.3987,57.1429,2.8037,15.1379,0.2698,51.6340,52.6169,9.0000,1.0000,12.0000,0.4902,1.9833,0.4902,1.9833
3879613,2015-11-08,Serie A,2015/2016,12.0000,Juventus,Empoli,A,Massimiliano Allegri,Marco Giampaolo,3.0000,1.0000,3.0000,53.6932,55.0000,4.7182,20.9360,12.9094,0.3152,33.3333,8.0357,11.0294,0.3129,48.3660,53.3237,7.0000,0.0000,11.0000,1.9833,0.4902,1.9833,0.4902
3879614,2015-11-08,Serie A,2015/2016,12.0000,Torino,Inter Milan,H,Gian Piero Ventura	,Roberto Mancini,0.0000,1.0000,0.0000,48.8528,51.3699,4.5900,23.0313,13.7255,0.2922,60.0000,8.9286,24.1765,0.2729,37.6712,51.8495,15.0000,0.0000,16.0000,1.4779,0.7139,1.4779,0.7139
3879614,2015-11-08,Serie A,2015/2016,12.0000,Inter Milan,Torino,A,Roberto Mancini,Gian Piero Ventura	,1.0000,0.0000,3.0000,51.1472,48.6301,4.4679,21.0015,11.7043,0.2859,30.0000,6.4815,17.1250,0.3425,56.5714,54.2725,10.0000,0.0000,7.0000,0.7139,1.4779,0.7139,1.4779
3879615,2015-11-08,Serie A,2015/2016,12.0000,Sassuolo,Carpi,H,Eusebio Di Francesco,Fabrizio Castori,1.0000,0.0000,3.0000,58.0513,51.3812,3.8092,20.3068,12.8257,0.3959,37.5000,9.1667,9.4667,0.4719,44.5596,45.9805,10.0000,0.0000,9.0000,0.8215,0.2111,0.8215,0.2111
3879615,2015-11-08,Serie A,2015/2016,12.0000,Carpi,Sassuolo,A,Fabrizio Castori,Eusebio Di Francesco,0.0000,1.0000,0.0000,41.9487,48.6188,2.9412,20.5110,14.8571,0.4203,0.0000,4.9180,9.3261,0.4929,50.5376,53.6234,11.0000,1.0000,7.0000,0.2111,0.8215,0.2111,0.8215
3879616,2015-11-08,Serie A,2015/2016,12.0000,Sampdoria,Fiorentina,H,Walter Zenga,Paulo Sousa,0.0000,2.0000,0.0000,43.7445,33.1797,5.3735,20.5943,12.5561,0.3394,80.0000,6.2500,9.7955,0.3250,43.5407,52.9681,9.0000,0.0000,3.0000,0.3050,2.5857,0.3050,1.8022
3879616,2015-11-08,Serie A,2015/2016,12.0000,Fiorentina,Sampdoria,A,Paulo Sousa,Walter Zenga,2.0000,0.0000,3.0000,56.2555,66.8203,6.2000,19.0863,10.0170,0.2155,75.0000,5.7692,13.2667,0.3700,49.1892,47.1092,5.0000,1.0000,20.0000,2.5857,0.3050,1.8022,0.3050
3879617,2015-11-21,Serie A,2015/2016,13.0000,Bologna,AS Roma,H,Roberto Donadoni,Rudi Garcia,2.0000,2.0000,1.0000,48.6264,45.7831,2.5310,22.2372,17.8322,0.6877,0.0000,4.5455,10.8696,0.5401,41.5842,51.1044,13.0000,0.0000,9.0000,1.4634,2.4045,0.6799,0.8375
3879617,2015-11-21,Serie A,2015/2016,13.0000,AS Roma,Bologna,A,Rudi Garcia,Roberto Donadoni,2.0000,2.0000,1.0000,51.3736,54.2169,2.7143,23.3503,26.3158,0.6748,0.0000,3.5714,9.5769,0.4379,48.3871,50.7511,20.0000,1.0000,14.0000,2.4045,1.4634,0.8375,0.6799
3879618,2015-11-21,Serie A,2015/2016,13.0000,Juventus,AC Milan,H,Massimiliano Allegri,Siniša Mihajlović,1.0000,0.0000,3.0000,55.2008,68.4211,5.0306,20.9307,10.9533,0.2952,66.6667,8.4746,9.1667,0.4023,57.1429,57.2489,22.0000,0.0000,17.0000,1.1031,0.5658,1.1031,0.5658
3879618,2015-11-21,Serie A,2015/2016,13.0000,AC Milan,Juventus,A,Siniša Mihajlović,Massimiliano Allegri,0.0000,1.0000,0.0000,44.7992,31.5789,4.0211,20.1901,10.7330,0.3667,50.0000,2.4390,13.1538,0.3265,29.7143,43.6050,11.0000,1.0000,9.0000,0.5658,1.1031,0.5658,1.1031
3879619,2015-11-22,Serie A,2015/2016,13.0000,Genoa,Sassuolo,H,Gian Piero Gasperini,Eusebio Di Francesco,2.0000,1.0000,3.0000,45.5914,61.2903,3.4667,21.3433,16.2088,0.4118,0.0000,9.3023,14.1786,0.3676,38.7097,52.7515,7.0000,0.0000,14.0000,0.7779,0.7855,0.7779,0.7855
3879619,2015-11-22,Serie A,2015/2016,13.0000,Sassuolo,Genoa,A,Eusebio Di Francesco,Gian Piero Gasperini,1.0000,2.0000,0.0000,54.4086,38.7097,3.9018,21.0184,14.6453,0.3942,45.4545,9.0909,10.9200,0.3774,46.2500,51.1657,9.0000,0.0000,10.0000,0.7855,0.7779,0.7855,0.7779
3879620,2015-11-22,Serie A,2015/2016,13.0000,Hellas Verona,Napoli,H,Andrea Mandorlini,Maurizio Sarri,0.0000,2.0000,0.0000,28.4572,12.2257,3.1327,22.6697,20.8469,0.5514,12.5000,4.1667,44.3636,0.2726,27.0492,38.1032,7.0000,0.0000,3.0000,0.2208,2.4861,0.2208,2.4861
3879620,2015-11-22,Serie A,2015/2016,13.0000,Napoli,Hellas Verona,A,Maurizio Sarri,Andrea Mandorlini,2.0000,0.0000,3.0000,71.5428,87.7743,6.7480,15.1686,4.6674,0.2784,33.3333,2.8481,11.4615,0.3708,60.6061,59.5607,11.0000,0.0000,23.0000,2.4861,0.2208,2.4861,0.2208
3879621,2015-11-22,Serie A,2015/2016,13.0000,Atalanta,Torino,H,Edoardo Reja,Gian Piero Ventura	,0.0000,1.0000,0.0000,62.0022,65.0206,4.1311,20.4598,12.1032,0.3469,28.5714,12.2905,8.6786,0.4533,40.6250,51.5694,9.0000,0.0000,16.0000,1.0032,1.7278,1.0032,1.7278
3879621,2015-11-22,Serie A,2015/2016,13.0000,Torino,Atalanta,A,Gian Piero Ventura	,Edoardo Reja,1.0000,0.0000,3.0000,37.9978,34.9794,3.7590,23.1647,19.8718,0.4251,42.8571,10.6796,11.3636,0.2865,32.7273,46.5459,8.0000,2.0000,14.0000,1.7278,1.0032,1.7278,1.0032
3879622,2015-11-22,Serie A,2015/2016,13.0000,Carpi,Chievo,H,Fabrizio Castori,Rolando Maran,1.0000,2.0000,0.0000,53.6557,66.6667,3.2000,21.1897,15.6250,0.4089,14.2857,13.6646,8.6970,0.4835,44.7368,56.8893,19.0000,1.0000,19.0000,1.0169,0.7914,1.0169,0.7914
3879622,2015-11-22,Serie A,2015/2016,13.0000,Chievo,Carpi,A,Rolando Maran,Fabrizio Castori,2.0000,1.0000,3.0000,46.3443,33.3333,3.1538,19.4530,12.1951,0.4556,0.0000,2.2222,9.1333,0.4374,33.1658,48.1991,5.0000,0.0000,9.0000,0.7914,1.0169,0.7914,1.0169
3879623,2015-11-22,Serie A,2015/2016,13.0000,Fiorentina,Empoli,H,Paulo Sousa,Marco Giampaolo,2.0000,2.0000,1.0000,64.3519,71.5556,6.4848,20.7163,11.9938,0.2456,85.7143,8.1081,6.8140,0.4468,50.0000,56.0216,17.0000,1.0000,18.0000,1.3537,0.5833,1.3537,0.5833
3879623,2015-11-22,Serie A,2015/2016,13.0000,Empoli,Fiorentina,A,Marco Giampaolo,Paulo Sousa,2.0000,2.0000,1.0000,35.6481,28.4444,3.4227,17.6355,9.3373,0.4408,22.2222,6.0241,12.4359,0.2489,42.7746,53.1577,9.0000,1.0000,15.0000,0.5833,1.3537,0.5833,1.3537
3879624,2015-11-22,Serie A,2015/2016,13.0000,Lazio,Palermo,H,Stefano Pioli,Davide Ballardini,1.0000,1.0000,1.0000,62.7119,71.9298,4.1163,20.4571,12.8060,0.3537,60.0000,12.4324,7.6970,0.3977,41.4286,54.2060,17.0000,1.0000,19.0000,1.6432,1.0810,0.8597,1.0810
3879624,2015-11-22,Serie A,2015/2016,13.0000,Palermo,Lazio,A,Davide Ballardini,Stefano Pioli,1.0000,1.0000,1.0000,37.2881,28.0702,3.0103,20.3334,15.4110,0.5119,0.0000,6.4516,10.0526,0.3429,38.4236,50.4285,15.0000,1.0000,13.0000,1.0810,1.6432,1.0810,0.8597
3879625,2015-11-22,Serie A,2015/2016,13.0000,Udinese,Sampdoria,H,Stefano Colantuono,Vincenzo Montella,1.0000,0.0000,3.0000,39.2062,48.7288,3.6020,21.6769,19.5467,0.4895,0.0000,9.0278,14.5161,0.3535,37.3874,52.5472,19.0000,0.0000,10.0000,0.6833,0.5053,0.6833,0.5053
3879625,2015-11-22,Serie A,2015/2016,13.0000,Sampdoria,Udinese,A,Vincenzo Montella,Stefano Colantuono,0.0000,1.0000,0.0000,60.7938,51.2712,5.7600,19.2356,9.8958,0.3378,25.0000,2.5478,11.6364,0.3679,36.2416,45.7837,9.0000,1.0000,10.0000,0.5053,0.6833,0.5053,0.6833
3879626,2015-11-22,Serie A,2015/2016,13.0000,Inter Milan,Frosinone,H,Roberto Mancini,Roberto Stellone,4.0000,0.0000,3.0000,63.6364,62.4535,4.4867,18.5449,9.4675,0.3072,16.6667,9.7701,8.6087,0.3872,30.7087,47.8150,11.0000,3.0000,22.0000,2.6635,0.5555,2.6635,0.5555
3879626,2015-11-22,Serie A,2015/2016,13.0000,Frosinone,Inter Milan,A,Roberto Stellone,Roberto Mancini,0.0000,4.0000,0.0000,36.3636,37.5465,2.8438,21.5558,15.3846,0.4974,0.0000,7.0312,10.7576,0.4077,37.6068,53.3018,14.0000,0.0000,11.0000,0.5555,2.6635,0.5555,2.6635
3879627,2015-11-28,Serie A,2015/2016,14.0000,Torino,Bologna,H,Gian Piero Ventura	,Roberto Donadoni,2.0000,0.0000,3.0000,60.4514,61.4865,6.0106,22.6469,15.5752,0.2519,37.5000,11.3821,13.7826,0.3499,46.0993,59.4602,15.0000,0.0000,13.0000,0.9530,0.1830,0.9530,0.1830
3879627,2015-11-28,Serie A,2015/2016,14.0000,Bologna,Torino,A,Roberto Donadoni,Gian Piero Ventura	,0.0000,2.0000,0.0000,39.5486,38.5135,4.1860,20.1744,13.8889,0.4277,0.0000,3.4483,17.4643,0.3133,35.2332,43.8330,8.0000,0.0000,4.0000,0.1830,0.9530,0.1830,0.9530
3879628,2015-11-28,Serie A,2015/2016,14.0000,AC Milan,Sampdoria,H,Siniša Mihajlović,Vincenzo Montella,4.0000,1.0000,3.0000,48.7073,57.5630,4.3131,21.0634,14.9883,0.3689,50.0000,10.9677,8.8462,0.2964,48.9796,50.9735,17.0000,2.0000,22.0000,3.7756,1.1510,2.9921,0.3675
3879628,2015-11-28,Serie A,2015/2016,14.0000,Sampdoria,AC Milan,A,Vincenzo Montella,Siniša Mihajlović,1.0000,4.0000,0.0000,51.2927,42.4370,4.3267,19.3512,8.4668,0.3239,46.1538,4.4444,9.3939,0.4735,41.7040,50.8234,10.0000,0.0000,10.0000,1.1510,3.7756,0.3675,2.9921
3879629,2015-11-29,Serie A,2015/2016,14.0000,Frosinone,Hellas Verona,H,Roberto Stellone,Andrea Mandorlini,3.0000,2.0000,3.0000,53.7990,57.2139,2.8626,21.9955,14.1333,0.3871,0.0000,9.5588,6.8000,0.4775,54.4444,59.3178,16.0000,0.0000,16.0000,2.1049,0.8348,1.3214,0.8348
3879629,2015-11-29,Serie A,2015/2016,14.0000,Hellas Verona,Frosinone,A,Andrea Mandorlini,Roberto Stellone,2.0000,3.0000,0.0000,46.2010,42.7861,3.2474,23.2786,19.0476,0.4714,7.6923,12.7119,10.2414,0.3075,42.2222,47.5471,10.0000,0.0000,16.0000,0.8348,2.1049,0.8348,1.3214
3879630,2015-11-29,Serie A,2015/2016,14.0000,Palermo,Juventus,H,Davide Ballardini,Massimiliano Allegri,0.0000,3.0000,0.0000,40.8464,38.6598,4.1935,20.1964,14.3590,0.3757,0.0000,4.7170,17.2500,0.2722,38.8571,44.8336,10.0000,2.0000,12.0000,0.5002,1.5624,0.5002,1.5624
3879630,2015-11-29,Serie A,2015/2016,14.0000,Juventus,Palermo,A,Massimiliano Allegri,Davide Ballardini,3.0000,0.0000,3.0000,59.1536,61.3402,6.1443,20.8650,11.9128,0.2633,62.5000,9.8684,11.9259,0.3468,50.0000,51.1944,7.0000,1.0000,17.0000,1.5624,0.5002,1.5624,0.5002
3879631,2015-11-29,Serie A,2015/2016,14.0000,Chievo,Udinese,H,Rolando Maran,Stefano Colantuono,2.0000,3.0000,0.0000,47.8936,41.5094,3.6990,20.4807,14.1732,0.4887,12.5000,13.1579,8.8235,0.3617,30.0000,50.0788,16.0000,1.0000,13.0000,1.6994,1.8017,1.6994,1.8017
3879631,2015-11-29,Serie A,2015/2016,14.0000,Udinese,Chievo,A,Stefano Colantuono,Rolando Maran,3.0000,2.0000,3.0000,52.1064,58.4906,3.6726,20.5916,13.4940,0.4100,0.0000,9.6774,11.2143,0.3843,46.3855,53.3646,12.0000,3.0000,16.0000,1.8017,1.6994,1.8017,1.6994
3879632,2015-11-29,Serie A,2015/2016,14.0000,AS Roma,Atalanta,H,Rudi Garcia,Edoardo Reja,0.0000,2.0000,0.0000,57.4015,61.5063,4.0431,19.8143,12.1535,0.3945,20.0000,10.5263,10.7308,0.3525,47.5177,57.4667,21.0000,0.0000,17.0000,1.0228,1.4139,1.0228,0.6304
3879632,2015-11-29,Serie A,2015/2016,14.0000,Atalanta,AS Roma,A,Edoardo Reja,Rudi Garcia,2.0000,0.0000,3.0000,42.5985,38.4937,3.3465,20.4012,16.2722,0.4535,9.0909,12.3894,11.1333,0.3265,34.0909,45.9009,7.0000,1.0000,4.0000,1.4139,1.0228,0.6304,1.0228
3879633,2015-11-29,Serie A,2015/2016,14.0000,Empoli,Lazio,H,Marco Giampaolo,Stefano Pioli,1.0000,0.0000,3.0000,37.7049,24.1026,3.1413,20.2669,14.1869,0.5120,22.2222,4.2254,16.6818,0.3263,35.4839,46.5515,10.0000,0.0000,5.0000,0.2783,0.9357,0.2783,0.9357
3879633,2015-11-29,Serie A,2015/2016,14.0000,Lazio,Empoli,A,Stefano Pioli,Marco Giampaolo,0.0000,1.0000,0.0000,62.2951,75.8974,5.6452,20.9521,15.0476,0.3241,0.0000,16.7598,8.7812,0.4435,51.6340,58.0546,17.0000,0.0000,16.0000,0.9357,0.2783,0.9357,0.2783
3879634,2015-11-29,Serie A,2015/2016,14.0000,Genoa,Carpi,H,Gian Piero Gasperini,Fabrizio Castori,1.0000,2.0000,0.0000,50.7830,52.0000,3.3750,21.8080,13.7566,0.4446,8.3333,6.3380,9.9667,0.3000,34.8485,49.0333,15.0000,0.0000,10.0000,0.5424,1.4132,0.5424,1.4132
3879634,2015-11-29,Serie A,2015/2016,14.0000,Carpi,Genoa,A,Fabrizio Castori,Gian Piero Gasperini,2.0000,1.0000,3.0000,49.2170,48.0000,3.8039,22.1856,16.7526,0.4849,40.0000,6.8027,6.9302,0.4890,42.7928,50.0100,14.0000,0.0000,14.0000,1.4132,0.5424,1.4132,0.5424
3879635,2015-11-30,Serie A,2015/2016,14.0000,Napoli,Inter Milan,H,Maurizio Sarri,Roberto Mancini,2.0000,1.0000,3.0000,61.7854,61.7117,7.6392,18.2049,8.2321,0.2164,75.0000,7.7381,9.5789,0.3053,54.3624,53.5143,9.0000,1.0000,12.0000,0.9916,0.7806,0.9916,0.7806
3879635,2015-11-30,Serie A,2015/2016,14.0000,Inter Milan,Napoli,A,Roberto Mancini,Maurizio Sarri,1.0000,2.0000,0.0000,38.2146,38.2883,4.5258,20.5937,14.3508,0.3751,50.0000,7.9646,26.7143,0.2839,37.0536,47.2068,9.0000,1.0000,12.0000,0.7806,0.9916,0.7806,0.9916
3879636,2015-11-30,Serie A,2015/2016,14.0000,Sassuolo,Fiorentina,H,Eusebio Di Francesco,Paulo Sousa,1.0000,1.0000,1.0000,48.9401,58.8040,4.6275,18.7776,10.3814,0.3678,42.8571,5.4726,9.4390,0.3105,62.7907,58.7969,27.0000,0.0000,17.0000,0.8195,1.7060,0.8195,1.7060
3879636,2015-11-30,Serie A,2015/2016,14.0000,Fiorentina,Sassuolo,A,Paulo Sousa,Eusebio Di Francesco,1.0000,1.0000,1.0000,51.0599,41.1960,5.1020,19.7466,11.8000,0.3286,37.5000,8.3333,12.0000,0.3842,34.8039,48.4742,20.0000,0.0000,17.0000,1.7060,0.8195,1.7060,0.8195
3879637,2015-12-04,Serie A,2015/2016,15.0000,Lazio,Juventus,H,Stefano Pioli,Massimiliano Allegri,0.0000,2.0000,0.0000,62.4400,64.6341,6.5543,20.7817,11.7745,0.2627,66.6667,10.1449,7.6585,0.5985,54.7009,58.5691,14.0000,0.0000,11.0000,0.4282,0.2340,0.4282,0.2340
3879637,2015-12-04,Serie A,2015/2016,15.0000,Juventus,Lazio,A,Massimiliano Allegri,Stefano Pioli,2.0000,0.0000,3.0000,37.5600,35.3659,3.5957,21.5280,15.3846,0.3913,20.0000,8.0000,16.3793,0.3015,38.7755,46.8893,8.0000,1.0000,7.0000,0.2340,0.4282,0.2340,0.4282
3879638,2015-12-05,Serie A,2015/2016,15.0000,Inter Milan,Genoa,H,Roberto Mancini,Gian Piero Gasperini,1.0000,0.0000,3.0000,62.4046,71.4286,4.9664,20.8766,11.6751,0.2817,100.0000,6.3218,7.5122,0.4518,51.6854,54.4278,14.0000,0.0000,14.0000,1.0938,0.1106,1.0938,0.1106
3879638,2015-12-05,Serie A,2015/2016,15.0000,Genoa,Inter Milan,A,Gian Piero Gasperini,Roberto Mancini,0.0000,1.0000,0.0000,37.5954,28.5714,3.4059,20.5989,13.0814,0.4278,25.0000,5.8140,12.1316,0.3440,36.8889,47.7406,6.0000,1.0000,4.0000,0.1106,1.0938,0.1106,1.0938
3879639,2015-12-05,Serie A,2015/2016,15.0000,Torino,AS Roma,H,Gian Piero Ventura	,Rudi Garcia,1.0000,1.0000,1.0000,39.7074,31.9149,4.2125,25.2966,19.8813,0.3240,55.5556,10.6061,18.6087,0.2721,24.2038,44.3452,9.0000,1.0000,11.0000,1.5850,0.4389,0.8015,0.4389
3879639,2015-12-05,Serie A,2015/2016,15.0000,AS Roma,Torino,A,Rudi Garcia,Gian Piero Ventura	,1.0000,1.0000,1.0000,60.2926,68.0851,6.1529,23.0488,15.8700,0.2286,25.0000,5.5556,12.2308,0.3053,57.7586,60.2333,13.0000,0.0000,5.0000,0.4389,1.5850,0.4389,0.8015
3879640,2015-12-06,Serie A,2015/2016,15.0000,Frosinone,Chievo,H,Roberto Stellone,Rolando Maran,0.0000,2.0000,0.0000,49.4885,62.5000,2.8288,22.4820,17.5159,0.5491,0.0000,9.7222,7.4872,0.4785,47.6190,56.2008,19.0000,1.0000,14.0000,0.8489,1.1120,0.8489,0.3285
3879640,2015-12-06,Serie A,2015/2016,15.0000,Chievo,Frosinone,A,Rolando Maran,Roberto Stellone,2.0000,0.0000,3.0000,50.5115,37.5000,3.2404,22.5689,16.6172,0.5002,0.0000,9.0000,7.5806,0.5065,28.0612,45.8975,5.0000,1.0000,10.0000,1.1120,0.8489,0.3285,0.8489
3879641,2015-12-06,Serie A,2015/2016,15.0000,Hellas Verona,Empoli,H,Luigi Delneri,Marco Giampaolo,0.0000,1.0000,0.0000,58.1055,80.4545,4.5948,22.3062,18.3865,0.3281,0.0000,16.9231,11.2500,0.4289,51.0870,57.4107,19.0000,1.0000,19.0000,1.4440,0.9041,1.4440,0.9041
3879641,2015-12-06,Serie A,2015/2016,15.0000,Empoli,Hellas Verona,A,Marco Giampaolo,Luigi Delneri,1.0000,0.0000,3.0000,41.8945,19.5455,3.9263,19.5901,14.7453,0.5036,33.3333,1.3514,21.0556,0.3664,44.9541,43.1326,7.0000,0.0000,11.0000,0.9041,1.4440,0.9041,1.4440
3879642,2015-12-06,Serie A,2015/2016,15.0000,Carpi,AC Milan,H,Fabrizio Castori,Siniša Mihajlović,0.0000,0.0000,1.0000,38.7528,45.6731,2.8900,21.0285,15.9170,0.5441,0.0000,10.3175,12.4516,0.4364,37.5000,48.3045,14.0000,0.0000,11.0000,0.4488,1.0070,0.4488,1.0070
3879642,2015-12-06,Serie A,2015/2016,15.0000,AC Milan,Carpi,A,Siniša Mihajlović,Fabrizio Castori,0.0000,0.0000,1.0000,61.2472,54.3269,4.1282,20.1100,12.6294,0.4286,66.6667,6.6667,7.2258,0.4425,37.6623,53.5423,20.0000,1.0000,20.0000,1.0070,0.4488,1.0070,0.4488
3879643,2015-12-06,Serie A,2015/2016,15.0000,Sampdoria,Sassuolo,H,Vincenzo Montella,Eusebio Di Francesco,1.0000,3.0000,0.0000,57.9960,67.5676,4.6429,20.8263,14.4231,0.3385,25.0000,4.5977,8.3514,0.4434,45.6522,56.2739,13.0000,1.0000,8.0000,0.4791,2.1734,0.4791,2.1734
3879643,2015-12-06,Serie A,2015/2016,15.0000,Sassuolo,Sampdoria,A,Eusebio Di Francesco,Vincenzo Montella,3.0000,1.0000,3.0000,42.0040,32.4324,3.4231,21.6855,18.2584,0.4121,25.0000,12.7451,13.1429,0.2984,36.8421,47.5236,8.0000,0.0000,17.0000,2.1734,0.4791,2.1734,0.4791
3879644,2015-12-06,Serie A,2015/2016,15.0000,Atalanta,Palermo,H,Edoardo Reja,Davide Ballardini,3.0000,0.0000,3.0000,47.2306,40.9091,3.5172,17.8973,10.0490,0.4574,7.6923,8.8235,12.2414,0.4618,33.8843,47.3593,7.0000,1.0000,13.0000,1.4715,0.9884,1.4715,0.9884
3879644,2015-12-06,Serie A,2015/2016,15.0000,Palermo,Atalanta,A,Davide Ballardini,Edoardo Reja,0.0000,3.0000,0.0000,52.7694,59.0909,4.4019,19.7949,13.3758,0.3962,25.0000,11.8012,10.3235,0.4200,54.8223,55.9250,12.0000,0.0000,17.0000,0.9884,1.4715,0.9884,1.4715
3879645,2015-12-06,Serie A,2015/2016,15.0000,Bologna,Napoli,H,Roberto Donadoni,Maurizio Sarri,3.0000,2.0000,3.0000,30.6306,27.4336,3.3222,23.0065,18.3946,0.4938,20.0000,7.6087,12.2619,0.4623,38.2022,47.8731,13.0000,3.0000,11.0000,1.5778,1.6828,1.5778,1.6828
3879645,2015-12-06,Serie A,2015/2016,15.0000,Napoli,Bologna,A,Maurizio Sarri,Roberto Donadoni,2.0000,3.0000,0.0000,69.3694,72.5664,5.9322,17.2180,7.5714,0.3114,60.0000,6.2176,7.8485,0.5235,49.4382,50.9085,11.0000,1.0000,16.0000,1.6828,1.5778,1.6828,1.5778
3879646,2015-12-06,Serie A,2015/2016,15.0000,Fiorentina,Udinese,H,Paulo Sousa,Stefano Colantuono,3.0000,0.0000,3.0000,53.8534,46.6667,5.0891,18.9161,10.5058,0.3254,50.0000,4.6512,15.0435,0.3523,38.1503,48.7101,8.0000,0.0000,15.0000,2.2844,1.0995,1.5009,1.0995
3879646,2015-12-06,Serie A,2015/2016,15.0000,Udinese,Fiorentina,A,Stefano Colantuono,Paulo Sousa,0.0000,3.0000,0.0000,46.1466,53.3333,4.3878,19.1405,11.1628,0.3797,33.3333,12.5984,13.0909,0.3386,51.5464,52.7139,14.0000,2.0000,8.0000,1.0995,2.2844,1.0995,1.5009
3879647,2015-12-12,Serie A,2015/2016,16.0000,Genoa,Bologna,H,Gian Piero Gasperini,Roberto Donadoni,0.0000,1.0000,0.0000,64.5455,65.1282,4.5780,21.4302,14.4289,0.3031,50.0000,9.0909,10.1364,0.4840,52.9801,59.2255,22.0000,0.0000,19.0000,2.1774,0.6856,2.1774,0.6856
3879647,2015-12-12,Serie A,2015/2016,16.0000,Bologna,Genoa,A,Roberto Donadoni,Gian Piero Gasperini,1.0000,0.0000,3.0000,35.4545,34.8718,2.7935,22.8027,22.5681,0.4786,0.0000,9.5238,14.4444,0.3750,33.3333,46.9354,10.0000,0.0000,10.0000,0.6856,2.1774,0.6856,2.1774
3879648,2015-12-12,Serie A,2015/2016,16.0000,Udinese,Inter Milan,H,Stefano Colantuono,Roberto Mancini,0.0000,4.0000,0.0000,54.5102,52.5097,5.1633,19.8486,9.8814,0.3349,77.7778,12.3457,19.8000,0.3731,50.2857,54.4747,18.0000,3.0000,23.0000,1.5854,1.0740,1.5854,1.0740
3879648,2015-12-12,Serie A,2015/2016,16.0000,Inter Milan,Udinese,A,Roberto Mancini,Stefano Colantuono,4.0000,0.0000,3.0000,45.4898,47.4903,4.8295,20.0810,16.7059,0.3615,54.5455,6.6667,15.1600,0.3167,38.7640,47.2716,12.0000,0.0000,13.0000,1.0740,1.5854,1.0740,1.5854
3879649,2015-12-12,Serie A,2015/2016,16.0000,Palermo,Frosinone,H,Davide Ballardini,Roberto Stellone,4.0000,1.0000,3.0000,48.5751,53.9474,3.0571,21.0502,14.0187,0.4683,0.0000,10.0000,9.8462,0.4408,33.7143,48.4079,16.0000,0.0000,21.0000,2.2194,0.9432,2.2194,0.9432
3879649,2015-12-12,Serie A,2015/2016,16.0000,Frosinone,Palermo,A,Roberto Stellone,Davide Ballardini,1.0000,4.0000,0.0000,51.4249,46.0526,3.1714,21.9492,14.4144,0.4972,9.0909,12.5874,9.8696,0.4800,43.3333,52.9500,11.0000,0.0000,15.0000,0.9432,2.2194,0.9432,2.2194
3879650,2015-12-13,Serie A,2015/2016,16.0000,Empoli,Carpi,H,Marco Giampaolo,Fabrizio Castori,3.0000,0.0000,3.0000,63.6833,50.7177,6.0000,19.0346,11.3043,0.2884,45.4545,4.3165,13.0455,0.3175,36.5672,47.9266,10.0000,1.0000,13.0000,0.9562,1.1279,0.9562,1.1279
3879650,2015-12-13,Serie A,2015/2016,16.0000,Carpi,Empoli,A,Fabrizio Castori,Marco Giampaolo,0.0000,3.0000,0.0000,36.3167,49.2823,3.2342,20.7155,15.8774,0.5038,10.0000,4.6512,20.6786,0.3432,46.4567,48.5622,13.0000,0.0000,15.0000,1.1279,0.9562,1.1279,0.9562
3879651,2015-12-13,Serie A,2015/2016,16.0000,Napoli,AS Roma,H,Maurizio Sarri,Rudi Garcia,0.0000,0.0000,1.0000,60.1732,70.5357,5.8611,18.6913,9.0047,0.3331,85.7143,10.9453,16.7273,0.3348,59.0909,59.2975,14.0000,1.0000,12.0000,0.9468,0.1523,0.9468,0.1523
3879651,2015-12-13,Serie A,2015/2016,16.0000,AS Roma,Napoli,A,Rudi Garcia,Maurizio Sarri,0.0000,0.0000,1.0000,39.8268,29.4643,4.3789,23.4186,20.1923,0.4243,54.5455,4.3478,20.0000,0.2187,30.9211,44.6607,8.0000,0.0000,4.0000,0.1523,0.9468,0.1523,0.9468
3879652,2015-12-13,Serie A,2015/2016,16.0000,AC Milan,Hellas Verona,H,Siniša Mihajlović,Luigi Delneri,1.0000,1.0000,1.0000,54.7150,52.9126,4.3241,20.0996,10.4925,0.3880,92.3077,9.7902,15.3000,0.3547,49.0323,51.9510,15.0000,0.0000,17.0000,1.6995,1.3191,1.6995,0.5356
3879652,2015-12-13,Serie A,2015/2016,16.0000,Hellas Verona,AC Milan,A,Luigi Delneri,Siniša Mihajlović,1.0000,1.0000,1.0000,45.2850,47.0874,3.6311,21.3390,17.3797,0.4050,0.0000,12.7119,16.4783,0.3409,44.4444,48.2443,14.0000,1.0000,12.0000,1.3191,1.6995,0.5356,1.6995
3879653,2015-12-13,Serie A,2015/2016,16.0000,Juventus,Fiorentina,H,Massimiliano Allegri,Paulo Sousa,3.0000,1.0000,3.0000,39.2233,57.8231,4.0568,19.8468,14.0056,0.3312,28.5714,13.6752,14.5278,0.3051,58.1152,58.6583,15.0000,0.0000,16.0000,1.8372,0.9049,1.8372,0.1214
3879653,2015-12-13,Serie A,2015/2016,16.0000,Fiorentina,Juventus,A,Paulo Sousa,Massimiliano Allegri,1.0000,3.0000,0.0000,60.7767,42.1769,6.5000,19.9174,9.9145,0.2078,33.3333,0.0000,10.3333,0.3713,45.3333,46.4857,6.0000,0.0000,6.0000,0.9049,1.8372,0.1214,1.8372
3879654,2015-12-13,Serie A,2015/2016,16.0000,Chievo,Atalanta,H,Rolando Maran,Edoardo Reja,1.0000,0.0000,3.0000,53.8298,65.9341,4.4600,20.1499,12.7803,0.3734,12.5000,13.2353,14.1250,0.3733,45.6790,58.6235,14.0000,1.0000,16.0000,1.3959,0.2603,0.6124,0.2603
3879654,2015-12-13,Serie A,2015/2016,16.0000,Atalanta,Chievo,A,Edoardo Reja,Rolando Maran,0.0000,1.0000,0.0000,46.1702,34.0659,4.2500,20.8019,14.7059,0.3780,0.0000,5.2083,13.6800,0.3913,38.3838,45.5535,8.0000,0.0000,7.0000,0.2603,1.3959,0.2603,0.6124
3879655,2015-12-14,Serie A,2015/2016,16.0000,Lazio,Sampdoria,H,Stefano Pioli,Vincenzo Montella,1.0000,1.0000,1.0000,56.7251,70.5263,4.9065,20.8317,12.3810,0.2989,50.0000,10.3030,15.1739,0.3356,51.6779,52.7879,10.0000,0.0000,14.0000,0.7839,0.6981,0.7839,0.6981
3879655,2015-12-14,Serie A,2015/2016,16.0000,Sampdoria,Lazio,A,Vincenzo Montella,Stefano Pioli,1.0000,1.0000,1.0000,43.2749,29.4737,3.0984,19.4651,11.6402,0.4148,11.7647,2.3256,14.7037,0.2388,29.4964,45.2845,7.0000,0.0000,11.0000,0.6981,0.7839,0.6981,0.7839
3879656,2015-12-19,Serie A,2015/2016,17.0000,Bologna,Empoli,H,Roberto Donadoni,Marco Giampaolo,2.0000,3.0000,0.0000,49.5708,54.7486,3.5893,21.4975,19.1542,0.4095,0.0000,8.8496,11.1935,0.2638,45.9677,51.2952,15.0000,0.0000,13.0000,1.0051,1.9416,1.0051,1.9416
3879656,2015-12-19,Serie A,2015/2016,17.0000,Empoli,Bologna,A,Marco Giampaolo,Roberto Donadoni,3.0000,2.0000,3.0000,50.4292,45.2514,4.0196,16.7295,7.3171,0.4116,33.3333,4.6296,12.1429,0.4264,48.2234,49.0918,11.0000,1.0000,17.0000,1.9416,1.0051,1.9416,1.0051
3879657,2015-12-20,Serie A,2015/2016,17.0000,AS Roma,Genoa,H,Rudi Garcia,Gian Piero Gasperini,2.0000,0.0000,3.0000,52.6062,42.4710,4.6415,21.5381,16.4634,0.3375,60.0000,9.3525,15.2000,0.2261,43.2432,46.5158,9.0000,0.0000,8.0000,1.6016,0.7602,1.6016,0.7602
3879657,2015-12-20,Serie A,2015/2016,17.0000,Genoa,AS Roma,A,Gian Piero Gasperini,Rudi Garcia,0.0000,2.0000,0.0000,47.3938,57.5290,4.6277,19.4868,11.4943,0.3377,28.5714,5.5866,16.3333,0.3725,43.3498,48.4204,14.0000,0.0000,12.0000,0.7602,1.6016,0.7602,1.6016
3879658,2015-12-20,Serie A,2015/2016,17.0000,Torino,Udinese,H,Gian Piero Ventura	,Stefano Colantuono,0.0000,1.0000,0.0000,51.6787,52.1053,3.5234,22.8945,18.3024,0.3715,45.4545,10.3704,11.8333,0.3697,38.2550,53.2031,11.0000,1.0000,11.0000,0.5840,1.3277,0.5840,1.3277
3879658,2015-12-20,Serie A,2015/2016,17.0000,Udinese,Torino,A,Stefano Colantuono,Gian Piero Ventura	,1.0000,0.0000,3.0000,48.3213,47.8947,3.3800,22.4358,16.2722,0.3273,15.3846,3.8095,14.3000,0.2645,39.4737,41.4605,4.0000,2.0000,12.0000,1.3277,0.5840,1.3277,0.5840
3879659,2015-12-20,Serie A,2015/2016,17.0000,Inter Milan,Lazio,H,Roberto Mancini,Stefano Pioli,1.0000,2.0000,0.0000,64.4803,62.6374,5.5385,19.8979,9.3750,0.2842,28.5714,4.6512,7.6061,0.4773,54.1667,49.5132,5.0000,0.0000,7.0000,0.6627,1.8257,0.6627,1.0422
3879659,2015-12-20,Serie A,2015/2016,17.0000,Lazio,Inter Milan,A,Stefano Pioli,Roberto Mancini,2.0000,1.0000,3.0000,35.5197,37.3626,3.3667,18.8305,11.8812,0.3980,0.0000,7.3171,13.4286,0.2613,43.7126,52.0991,10.0000,0.0000,7.0000,1.8257,0.6627,1.0422,0.6627
3879660,2015-12-20,Serie A,2015/2016,17.0000,Carpi,Juventus,H,Fabrizio Castori,Massimiliano Allegri,2.0000,3.0000,0.0000,34.8659,34.8837,3.3370,20.9017,13.6808,0.4563,0.0000,12.7451,14.6667,0.3574,42.7984,52.3239,14.0000,1.0000,11.0000,0.6972,1.4638,0.6972,1.4638
3879660,2015-12-20,Serie A,2015/2016,17.0000,Juventus,Carpi,A,Massimiliano Allegri,Fabrizio Castori,3.0000,2.0000,3.0000,65.1341,65.1163,5.9904,19.7469,11.0754,0.2438,42.8571,6.5868,8.3333,0.4725,46.5116,52.3806,8.0000,0.0000,10.0000,1.4638,0.6972,1.4638,0.6972
3879661,2015-12-20,Serie A,2015/2016,17.0000,Atalanta,Napoli,H,Edoardo Reja,Maurizio Sarri,1.0000,3.0000,0.0000,46.6543,64.3192,3.8435,20.7172,13.3484,0.4056,12.5000,15.1515,12.5429,0.2840,42.9448,54.4101,18.0000,1.0000,17.0000,1.0439,3.1564,1.0439,1.5894
3879661,2015-12-20,Serie A,2015/2016,17.0000,Napoli,Atalanta,A,Maurizio Sarri,Edoardo Reja,3.0000,1.0000,3.0000,53.3457,35.6808,4.7054,17.5526,8.3491,0.3605,33.3333,4.3478,17.5789,0.2470,40.3226,47.7930,5.0000,2.0000,14.0000,3.1564,1.0439,1.5894,1.0439
3879662,2015-12-20,Serie A,2015/2016,17.0000,Fiorentina,Chievo,H,Paulo Sousa,Rolando Maran,2.0000,0.0000,3.0000,64.7766,56.8966,7.0606,19.9440,9.7282,0.1696,20.0000,3.6036,8.0811,0.3512,38.8889,52.3173,6.0000,1.0000,14.0000,0.6258,0.2645,0.6258,0.2645
3879662,2015-12-20,Serie A,2015/2016,17.0000,Chievo,Fiorentina,A,Rolando Maran,Paulo Sousa,0.0000,2.0000,0.0000,35.2234,43.1034,3.5400,20.4274,14.1243,0.3631,0.0000,7.9208,19.5667,0.2958,52.4664,57.4118,12.0000,0.0000,7.0000,0.2645,0.6258,0.2645,0.6258
3879663,2015-12-20,Serie A,2015/2016,17.0000,Hellas Verona,Sassuolo,H,Luigi Delneri,Eusebio Di Francesco,1.0000,1.0000,1.0000,47.0648,54.2714,3.3898,19.8777,14.7500,0.4238,0.0000,9.5588,12.5000,0.3193,52.6946,53.8803,21.0000,0.0000,11.0000,1.2977,1.1789,1.2977,1.1789
3879663,2015-12-20,Serie A,2015/2016,17.0000,Sassuolo,Hellas Verona,A,Eusebio Di Francesco,Luigi Delneri,1.0000,1.0000,1.0000,52.9352,45.7286,3.9145,19.7721,12.4454,0.4344,75.0000,8.6207,15.3333,0.3226,52.6667,52.9737,14.0000,0.0000,16.0000,1.1789,1.2977,1.1789,1.2977
3879664,2015-12-20,Serie A,2015/2016,17.0000,Sampdoria,Palermo,H,Vincenzo Montella,Davide Ballardini,2.0000,0.0000,3.0000,60.3505,65.2968,4.9000,19.9633,11.0204,0.2871,30.7692,7.7844,8.9310,0.3425,44.3548,50.6523,13.0000,0.0000,17.0000,1.6778,0.5556,1.6778,0.5556
3879664,2015-12-20,Serie A,2015/2016,17.0000,Palermo,Sampdoria,A,Davide Ballardini,Vincenzo Montella,0.0000,2.0000,0.0000,39.6495,34.7032,3.4022,22.7645,17.5719,0.4327,25.0000,8.7379,15.1667,0.3358,32.9730,49.5351,13.0000,1.0000,11.0000,0.5556,1.6778,0.5556,1.6778
3879665,2015-12-20,Serie A,2015/2016,17.0000,Frosinone,AC Milan,H,Roberto Stellone,Siniša Mihajlović,2.0000,4.0000,0.0000,30.6346,20.8333,2.5055,21.2316,14.4737,0.5791,0.0000,9.3023,12.6923,0.2618,27.1084,51.8916,11.0000,1.0000,14.0000,0.8692,3.1551,0.8692,3.1551
3879665,2015-12-20,Serie A,2015/2016,17.0000,AC Milan,Frosinone,A,Siniša Mihajlović,Roberto Stellone,4.0000,2.0000,3.0000,69.3654,79.1667,6.1809,19.8133,9.6386,0.2652,25.0000,3.0888,12.6875,0.4036,34.5133,57.3290,18.0000,1.0000,22.0000,3.1551,0.8692,3.1551,0.8692
3879666,2016-01-05,Serie A,2015/2016,18.0000,Genoa,Sampdoria,H,Gian Piero Gasperini,Vincenzo Montella,2.0000,3.0000,0.0000,59.9366,66.3636,4.6147,19.5032,9.5427,0.2799,75.0000,7.6923,11.3600,0.3588,44.8529,56.6856,11.0000,1.0000,18.0000,2.3503,1.0610,2.3503,1.0610
3879666,2016-01-05,Serie A,2015/2016,18.0000,Sampdoria,Genoa,A,Vincenzo Montella,Gian Piero Gasperini,3.0000,2.0000,3.0000,40.0634,33.6364,3.2178,21.6791,16.3077,0.3976,50.0000,2.3256,26.1538,0.2910,20.0000,42.0543,6.0000,1.0000,11.0000,1.0610,2.3503,1.0610,2.3503
3879667,2016-01-06,Serie A,2015/2016,18.0000,Sassuolo,Frosinone,H,Eusebio Di Francesco,Roberto Stellone,2.0000,2.0000,1.0000,69.5825,82.9630,5.3193,19.3731,12.0063,0.3428,33.3333,9.7015,9.5200,0.4314,57.5758,58.1889,22.0000,0.0000,30.0000,1.8228,0.1646,1.8228,0.1646
3879667,2016-01-06,Serie A,2015/2016,18.0000,Frosinone,Sassuolo,A,Roberto Stellone,Eusebio Di Francesco,2.0000,2.0000,1.0000,30.4175,17.0370,2.3673,23.8635,22.4138,0.5536,0.0000,8.4507,13.5333,0.3286,32.6087,45.9600,7.0000,1.0000,5.0000,0.1646,1.8228,0.1646,1.8228
3879668,2016-01-06,Serie A,2015/2016,18.0000,Empoli,Inter Milan,H,Marco Giampaolo,Roberto Mancini,0.0000,1.0000,0.0000,48.7649,49.8008,4.4766,17.6426,8.9770,0.3365,70.0000,5.3691,13.8621,0.2929,59.1463,56.9650,16.0000,3.0000,16.0000,0.5517,0.9882,0.5517,0.9882
3879668,2016-01-06,Serie A,2015/2016,18.0000,Inter Milan,Empoli,A,Roberto Mancini,Marco Giampaolo,1.0000,0.0000,3.0000,51.2351,50.1992,5.1429,18.6818,11.7063,0.3337,60.0000,10.3448,16.7273,0.3677,37.7551,46.7179,12.0000,0.0000,14.0000,0.9882,0.5517,0.9882,0.5517
3879669,2016-01-06,Serie A,2015/2016,18.0000,Napoli,Torino,H,Maurizio Sarri,Gian Piero Ventura	,2.0000,1.0000,3.0000,60.1260,71.2575,5.1897,17.9830,8.1395,0.2401,11.1111,7.8014,11.5758,0.3115,66.6667,57.4470,10.0000,0.0000,17.0000,0.9858,1.1585,0.9858,0.3750
3879669,2016-01-06,Serie A,2015/2016,18.0000,Torino,Napoli,A,Gian Piero Ventura	,Maurizio Sarri,1.0000,2.0000,0.0000,39.8740,28.7425,4.4778,21.7622,14.6402,0.2803,50.0000,16.9492,16.3448,0.3099,26.5700,47.1463,5.0000,0.0000,9.0000,1.1585,0.9858,0.3750,0.9858
3879670,2016-01-06,Serie A,2015/2016,18.0000,Juventus,Hellas Verona,H,Massimiliano Allegri,Luigi Delneri,3.0000,0.0000,3.0000,51.7874,50.4808,5.4222,21.4763,13.7295,0.2545,80.0000,5.6000,15.0870,0.3888,39.6907,60.5865,19.0000,0.0000,15.0000,1.3643,0.2927,1.3643,0.2927
3879670,2016-01-06,Serie A,2015/2016,18.0000,Hellas Verona,Juventus,A,Luigi Delneri,Massimiliano Allegri,0.0000,3.0000,0.0000,48.2126,49.5192,4.8667,19.5895,12.5571,0.2136,0.0000,7.1429,23.5294,0.4123,36.6516,44.2670,9.0000,0.0000,8.0000,0.2927,1.3643,0.2927,1.3643
3879671,2016-01-06,Serie A,2015/2016,18.0000,Palermo,Fiorentina,H,Davide Ballardini,Paulo Sousa,1.0000,3.0000,0.0000,42.4272,47.5936,3.0000,19.4908,12.8415,0.4586,10.0000,8.9431,9.6809,0.5312,55.2381,60.8353,23.0000,0.0000,11.0000,0.8892,1.6038,0.8892,1.6038
3879671,2016-01-06,Serie A,2015/2016,18.0000,Fiorentina,Palermo,A,Paulo Sousa,Davide Ballardini,3.0000,1.0000,3.0000,57.5728,52.4064,4.1328,19.4896,10.2079,0.3176,30.0000,6.7227,10.1000,0.5538,37.6033,48.2113,12.0000,1.0000,11.0000,1.6038,0.8892,1.6038,0.8892
3879672,2016-01-06,Serie A,2015/2016,18.0000,Chievo,AS Roma,H,Rolando Maran,Rudi Garcia,3.0000,3.0000,1.0000,54.4743,54.4118,4.4583,21.7892,16.1215,0.3473,20.0000,11.1888,12.2727,0.3464,44.6809,52.9423,15.0000,1.0000,12.0000,1.7968,2.3283,1.7968,2.3283
3879672,2016-01-06,Serie A,2015/2016,18.0000,AS Roma,Chievo,A,Rudi Garcia,Rolando Maran,3.0000,3.0000,1.0000,45.5257,45.5882,3.1161,21.0873,15.7593,0.3614,10.0000,3.8095,18.2778,0.3101,39.7351,46.7587,8.0000,0.0000,14.0000,2.3283,1.7968,2.3283,1.7968
3879673,2016-01-06,Serie A,2015/2016,18.0000,Udinese,Atalanta,H,Stefano Colantuono,Edoardo Reja,2.0000,1.0000,3.0000,40.1620,40.5797,2.6729,20.8890,16.7832,0.5475,9.0909,6.9565,13.4000,0.3714,43.7500,49.8704,10.0000,1.0000,18.0000,1.9684,1.2041,1.9684,1.2041
3879673,2016-01-06,Serie A,2015/2016,18.0000,Atalanta,Udinese,A,Edoardo Reja,Stefano Colantuono,1.0000,2.0000,0.0000,59.8380,59.4203,3.9052,19.6071,13.6865,0.3605,30.0000,11.6788,7.8214,0.3429,31.9328,48.5909,10.0000,2.0000,20.0000,1.2041,1.9684,1.2041,1.9684
3879674,2016-01-06,Serie A,2015/2016,18.0000,AC Milan,Bologna,H,Siniša Mihajlović,Roberto Donadoni,0.0000,1.0000,0.0000,57.7148,68.1416,5.0283,20.5177,12.0075,0.3300,55.5556,10.9890,10.5333,0.3903,47.9290,56.7290,19.0000,0.0000,19.0000,1.9330,1.7000,1.9330,1.7000
3879674,2016-01-06,Serie A,2015/2016,18.0000,Bologna,AC Milan,A,Roberto Donadoni,Siniša Mihajlović,1.0000,0.0000,3.0000,42.2852,31.8584,3.8571,21.8053,16.1376,0.3542,12.5000,2.0000,16.0417,0.2978,36.9318,45.6755,6.0000,1.0000,9.0000,1.7000,1.9330,1.7000,1.9330
3879675,2016-01-06,Serie A,2015/2016,18.0000,Lazio,Carpi,H,Stefano Pioli,Fabrizio Castori,0.0000,0.0000,1.0000,64.7119,71.7489,4.5680,19.7530,12.7846,0.3902,25.0000,10.5000,9.2857,0.2886,46.4646,56.8685,16.0000,0.0000,15.0000,0.6327,0.1735,0.6327,0.1735
3879675,2016-01-06,Serie A,2015/2016,18.0000,Carpi,Lazio,A,Fabrizio Castori,Stefano Pioli,0.0000,0.0000,1.0000,35.2881,28.2511,2.4862,22.8860,22.8782,0.5849,0.0000,6.3158,13.2333,0.3768,29.9578,44.3729,7.0000,0.0000,5.0000,0.1735,0.6327,0.1735,0.6327
3879676,2016-01-09,Serie A,2015/2016,19.0000,AS Roma,AC Milan,H,Rudi Garcia,Siniša Mihajlović,1.0000,1.0000,1.0000,44.3872,32.7731,3.6250,21.6603,15.9151,0.3691,25.0000,5.2083,15.3182,0.3463,29.4118,38.8348,3.0000,0.0000,11.0000,0.7432,1.2889,0.7432,1.2889
3879676,2016-01-09,Serie A,2015/2016,19.0000,AC Milan,AS Roma,A,Siniša Mihajlović,Rudi Garcia,1.0000,1.0000,1.0000,55.6128,67.2269,4.7525,19.5368,10.4167,0.3208,44.4444,7.5676,11.4643,0.3016,52.3077,56.1505,17.0000,1.0000,18.0000,1.2889,0.7432,1.2889,0.7432
3879677,2016-01-09,Serie A,2015/2016,19.0000,Fiorentina,Lazio,H,Paulo Sousa,Stefano Pioli,1.0000,3.0000,0.0000,65.1561,62.1053,5.6058,19.9131,9.6055,0.2689,57.1429,10.4167,8.6786,0.4277,46.6216,53.7351,6.0000,0.0000,18.0000,1.0146,1.5418,1.0146,1.5418
3879677,2016-01-09,Serie A,2015/2016,19.0000,Lazio,Fiorentina,A,Stefano Pioli,Paulo Sousa,3.0000,1.0000,3.0000,34.8439,37.8947,3.3605,21.4233,15.5709,0.4292,11.1111,20.2020,14.3824,0.3632,42.9787,53.7781,9.0000,0.0000,10.0000,1.5418,1.0146,1.5418,1.0146
3879678,2016-01-09,Serie A,2015/2016,19.0000,Carpi,Udinese,H,Fabrizio Castori,Stefano Colantuono,2.0000,1.0000,3.0000,42.2201,48.3333,3.6239,21.8758,18.4810,0.5488,0.0000,7.6923,12.1714,0.2775,37.2781,48.7933,12.0000,2.0000,13.0000,1.5654,0.8373,1.5654,0.8373
3879678,2016-01-09,Serie A,2015/2016,19.0000,Udinese,Carpi,A,Stefano Colantuono,Fabrizio Castori,1.0000,2.0000,0.0000,57.7799,51.6667,4.8319,21.7641,17.3993,0.3973,33.3333,11.9048,17.1765,0.2225,42.4242,49.9468,12.0000,0.0000,10.0000,0.8373,1.5654,0.8373,1.5654
3879679,2016-01-10,Serie A,2015/2016,19.0000,Frosinone,Napoli,H,Roberto Stellone,Maurizio Sarri,1.0000,5.0000,0.0000,25.2453,13.6364,2.7647,25.5700,25.5319,0.4912,11.1111,1.9608,21.0000,0.1909,45.6250,43.0676,3.0000,0.0000,9.0000,0.6453,2.4979,0.6453,1.7144
3879679,2016-01-10,Serie A,2015/2016,19.0000,Napoli,Frosinone,A,Maurizio Sarri,Roberto Stellone,5.0000,1.0000,3.0000,74.7547,86.3636,8.0000,16.9754,6.6327,0.1896,50.0000,7.9268,9.0741,0.4382,70.1613,59.9805,11.0000,0.0000,24.0000,2.4979,0.6453,1.7144,0.6453
3879680,2016-01-10,Serie A,2015/2016,19.0000,Bologna,Chievo,H,Roberto Donadoni,Rolando Maran,0.0000,1.0000,0.0000,58.8632,59.7510,5.7653,20.7386,12.0354,0.2938,14.2857,8.1522,11.7308,0.2623,41.0714,48.6243,15.0000,0.0000,16.0000,1.2950,0.2773,0.5115,0.2773
3879680,2016-01-10,Serie A,2015/2016,19.0000,Chievo,Bologna,A,Rolando Maran,Roberto Donadoni,1.0000,0.0000,3.0000,41.1368,40.2490,3.3962,22.7329,16.6667,0.4242,7.6923,5.8824,16.5417,0.2586,31.6456,50.3865,9.0000,0.0000,8.0000,0.2773,1.2950,0.2773,0.5115
3879681,2016-01-10,Serie A,2015/2016,19.0000,Inter Milan,Sassuolo,H,Roberto Mancini,Eusebio Di Francesco,0.0000,1.0000,0.0000,58.0396,58.7302,4.3868,19.9354,12.0430,0.3641,25.0000,10.5263,7.3333,0.5486,41.1483,48.2032,12.0000,1.0000,22.0000,1.8347,1.7218,1.8347,0.9383
3879681,2016-01-10,Serie A,2015/2016,19.0000,Sassuolo,Inter Milan,A,Eusebio Di Francesco,Roberto Mancini,1.0000,0.0000,3.0000,41.9604,41.2698,3.1538,22.2955,16.7683,0.4717,27.2727,7.8571,8.4750,0.4023,45.2830,59.9275,15.0000,1.0000,15.0000,1.7218,1.8347,0.9383,1.8347
3879682,2016-01-10,Serie A,2015/2016,19.0000,Torino,Empoli,H,Gian Piero Ventura	,Marco Giampaolo,0.0000,1.0000,0.0000,48.7395,46.2585,3.8667,21.8091,13.7931,0.2968,11.1111,10.5882,10.6667,0.3033,27.7027,52.0330,11.0000,1.0000,19.0000,1.7815,0.9105,1.7815,0.9105
3879682,2016-01-10,Serie A,2015/2016,19.0000,Empoli,Torino,A,Marco Giampaolo,Gian Piero Ventura	,1.0000,0.0000,3.0000,51.2605,53.7415,3.7217,18.3401,7.4766,0.3126,37.5000,4.3860,12.3000,0.3211,61.0738,56.9355,7.0000,0.0000,12.0000,0.9105,1.7815,0.9105,1.7815
3879683,2016-01-10,Serie A,2015/2016,19.0000,Hellas Verona,Palermo,H,Luigi Delneri,Davide Ballardini,0.0000,1.0000,0.0000,60.0465,67.1171,3.9649,20.2129,14.1593,0.3511,40.0000,12.2807,4.9375,0.4913,50.2959,63.5551,25.0000,0.0000,31.0000,2.4177,1.0060,2.4177,1.0060
3879683,2016-01-10,Serie A,2015/2016,19.0000,Palermo,Hellas Verona,A,Davide Ballardini,Luigi Delneri,1.0000,0.0000,3.0000,39.9535,32.8829,3.3182,19.6948,12.3288,0.4164,0.0000,11.4943,10.9310,0.3482,25.5556,45.5328,6.0000,0.0000,9.0000,1.0060,2.4177,1.0060,2.4177
3879684,2016-01-10,Serie A,2015/2016,19.0000,Sampdoria,Juventus,H,Vincenzo Montella,Massimiliano Allegri,1.0000,2.0000,0.0000,50.4425,56.6802,4.9140,22.0509,14.6608,0.2968,44.4444,4.9080,10.0000,0.3274,43.0303,48.9979,10.0000,0.0000,9.0000,0.8277,1.2100,0.8277,1.2100
3879684,2016-01-10,Serie A,2015/2016,19.0000,Juventus,Sampdoria,A,Massimiliano Allegri,Vincenzo Montella,2.0000,1.0000,3.0000,49.5575,43.3198,4.5464,21.6040,13.3787,0.2599,22.2222,6.0870,17.3889,0.2885,37.8378,54.1938,13.0000,1.0000,13.0000,1.2100,0.8277,1.2100,0.8277
3879685,2016-01-10,Serie A,2015/2016,19.0000,Atalanta,Genoa,H,Edoardo Reja,Gian Piero Gasperini,0.0000,2.0000,0.0000,52.8780,55.5556,4.7549,20.5130,14.0206,0.3105,50.0000,14.2857,10.9677,0.3147,43.4211,56.5915,16.0000,0.0000,14.0000,0.5650,1.5719,0.5650,1.5719
3879685,2016-01-10,Serie A,2015/2016,19.0000,Genoa,Atalanta,A,Gian Piero Gasperini,Edoardo Reja,2.0000,0.0000,3.0000,47.1220,44.4444,4.2871,19.8769,12.0092,0.3638,20.0000,10.9375,9.3611,0.3579,33.5052,46.0087,9.0000,2.0000,13.0000,1.5719,0.5650,1.5719,0.5650
3879686,2016-01-16,Serie A,2015/2016,20.0000,Napoli,Sassuolo,H,Maurizio Sarri,Eusebio Di Francesco,3.0000,1.0000,3.0000,64.6362,64.8760,6.4862,17.2779,7.3550,0.2678,60.0000,10.0000,12.7917,0.4330,48.0663,51.1431,13.0000,0.0000,20.0000,1.7453,1.2788,1.7453,0.4953
3879686,2016-01-16,Serie A,2015/2016,20.0000,Sassuolo,Napoli,A,Eusebio Di Francesco,Maurizio Sarri,1.0000,3.0000,0.0000,35.3638,35.1240,3.3551,21.4608,16.1560,0.5154,50.0000,14.0187,15.0857,0.2500,51.8325,49.0085,9.0000,0.0000,10.0000,1.2788,1.7453,0.4953,1.7453
3879687,2016-01-16,Serie A,2015/2016,20.0000,Torino,Frosinone,H,Gian Piero Ventura	,Roberto Stellone,4.0000,2.0000,3.0000,51.8607,51.0309,3.9381,20.7051,9.4241,0.3373,11.1111,10.4348,10.5000,0.3367,30.3704,49.6964,13.0000,2.0000,21.0000,2.3647,0.7370,1.5812,0.7370
3879687,2016-01-16,Serie A,2015/2016,20.0000,Frosinone,Torino,A,Roberto Stellone,Gian Piero Ventura	,2.0000,4.0000,0.0000,48.1393,48.9691,3.3564,19.1915,10.3245,0.4236,55.5556,5.2174,11.5600,0.3079,43.6090,48.1705,7.0000,4.0000,18.0000,0.7370,2.3647,0.7370,1.5812
3879688,2016-01-16,Serie A,2015/2016,20.0000,Atalanta,Inter Milan,H,Edoardo Reja,Roberto Mancini,1.0000,1.0000,1.0000,42.6049,41.4815,3.3465,21.0287,15.9763,0.4708,0.0000,9.5238,9.8438,0.3154,28.6585,50.4051,17.0000,0.0000,19.0000,1.5512,0.6223,1.5512,0.6223
3879688,2016-01-16,Serie A,2015/2016,20.0000,Inter Milan,Atalanta,A,Roberto Mancini,Edoardo Reja,1.0000,1.0000,1.0000,57.3951,58.5185,4.9574,17.9169,8.3691,0.3715,50.0000,7.0270,11.8095,0.3782,44.5205,51.7315,17.0000,0.0000,12.0000,0.6223,1.5512,0.6223,1.5512
3879689,2016-01-17,Serie A,2015/2016,20.0000,Carpi,Sampdoria,H,Fabrizio Castori,Vincenzo Montella,2.0000,1.0000,3.0000,34.0107,29.1866,3.0674,21.8604,16.4835,0.5977,0.0000,6.1856,11.2778,0.4019,28.6290,43.9455,9.0000,2.0000,9.0000,1.7782,1.5000,0.9947,1.5000
3879689,2016-01-17,Serie A,2015/2016,20.0000,Sampdoria,Carpi,A,Vincenzo Montella,Fabrizio Castori,1.0000,2.0000,0.0000,65.9893,70.8134,4.8707,19.3298,12.0354,0.3051,100.0000,1.1111,10.0909,0.5660,45.5556,45.6394,9.0000,2.0000,12.0000,1.5000,1.7782,1.5000,0.9947
3879690,2016-01-17,Serie A,2015/2016,20.0000,AC Milan,Fiorentina,H,Siniša Mihajlović,Paulo Sousa,2.0000,0.0000,3.0000,33.0330,34.8259,2.8969,21.0659,13.5231,0.4546,16.6667,8.5106,10.9767,0.3707,50.0000,48.6064,10.0000,1.0000,4.0000,1.2965,1.3175,1.2965,1.3175
3879690,2016-01-17,Serie A,2015/2016,20.0000,Fiorentina,AC Milan,A,Paulo Sousa,Siniša Mihajlović,0.0000,2.0000,0.0000,66.9670,65.1741,5.4771,20.1082,11.5578,0.2722,60.0000,5.5901,6.6571,0.5273,42.5287,53.1583,5.0000,0.0000,15.0000,1.3175,1.2965,1.3175,1.2965
3879691,2016-01-17,Serie A,2015/2016,20.0000,AS Roma,Hellas Verona,H,Luciano Spalletti,Luigi Delneri,1.0000,1.0000,1.0000,66.0000,71.6814,5.7714,19.1212,9.7360,0.3050,100.0000,9.4737,9.1538,0.4441,45.0331,56.0263,14.0000,0.0000,17.0000,1.7218,1.3497,1.7218,0.5662
3879691,2016-01-17,Serie A,2015/2016,20.0000,Hellas Verona,AS Roma,A,Luigi Delneri,Luciano Spalletti,1.0000,1.0000,1.0000,34.0000,28.3186,3.0319,20.8231,16.4912,0.4644,0.0000,11.2360,15.7143,0.2591,39.7661,47.4720,9.0000,0.0000,10.0000,1.3497,1.7218,0.5662,1.7218
3879692,2016-01-17,Serie A,2015/2016,20.0000,Chievo,Empoli,H,Rolando Maran,Marco Giampaolo,1.0000,1.0000,1.0000,38.9847,46.2366,3.7010,21.5520,16.9916,0.4159,0.0000,8.0357,13.8824,0.3187,41.8719,52.5876,17.0000,1.0000,15.0000,0.8460,1.2114,0.8460,1.2114
3879692,2016-01-17,Serie A,2015/2016,20.0000,Empoli,Chievo,A,Marco Giampaolo,Rolando Maran,1.0000,1.0000,1.0000,61.0153,53.7634,5.4667,17.7364,10.4530,0.2861,36.3636,3.7313,11.5200,0.4054,52.1212,59.8547,16.0000,0.0000,14.0000,1.2114,0.8460,1.2114,0.8460
3879693,2016-01-17,Serie A,2015/2016,20.0000,Udinese,Juventus,H,Stefano Colantuono,Massimiliano Allegri,0.0000,4.0000,0.0000,39.3130,38.1395,4.6582,19.8806,11.4130,0.3328,0.0000,5.0505,22.8947,0.2736,43.6782,47.2308,7.0000,0.0000,8.0000,0.5261,2.5984,0.5261,1.8149
3879693,2016-01-17,Serie A,2015/2016,20.0000,Juventus,Udinese,A,Massimiliano Allegri,Stefano Colantuono,4.0000,0.0000,3.0000,60.6870,61.8605,7.7051,18.7801,7.9867,0.2105,42.8571,7.5472,9.5938,0.3519,50.3448,54.2200,9.0000,0.0000,14.0000,2.5984,0.5261,1.8149,0.5261
3879694,2016-01-17,Serie A,2015/2016,20.0000,Bologna,Lazio,H,Roberto Donadoni,Stefano Pioli,2.0000,2.0000,1.0000,37.6166,24.8826,3.0808,21.4356,17.0492,0.4834,0.0000,8.8235,12.8667,0.4153,36.4000,43.0748,5.0000,0.0000,8.0000,0.9342,1.3555,0.9342,0.5720
3879694,2016-01-17,Serie A,2015/2016,20.0000,Lazio,Bologna,A,Stefano Pioli,Roberto Donadoni,2.0000,2.0000,1.0000,62.3834,75.1174,5.0278,20.1183,12.3389,0.3647,75.0000,9.0000,9.5161,0.4270,52.9032,57.3411,24.0000,1.0000,10.0000,1.3555,0.9342,0.5720,0.9342
3879695,2016-01-17,Serie A,2015/2016,20.0000,Genoa,Palermo,H,Gian Piero Gasperini,Guillermo Barros Schelotto,4.0000,0.0000,3.0000,58.4331,59.3407,5.3587,19.4446,9.9391,0.3269,28.5714,12.3077,8.2059,0.4660,36.5169,48.6176,11.0000,0.0000,18.0000,2.7967,0.7673,2.7967,0.7673
3879695,2016-01-17,Serie A,2015/2016,20.0000,Palermo,Genoa,A,Guillermo Barros Schelotto,Gian Piero Gasperini,0.0000,4.0000,0.0000,41.5669,40.6593,3.4787,22.0120,18.9602,0.4319,25.0000,5.3097,9.4762,0.3706,51.7588,58.4258,20.0000,0.0000,11.0000,0.7673,2.7967,0.7673,2.7967
3879696,2016-01-20,Serie A,2015/2016,16.0000,Sassuolo,Torino,H,Eusebio Di Francesco,Gian Piero Ventura	,1.0000,1.0000,1.0000,57.9580,62.5498,5.0680,20.1948,11.8774,0.3300,40.0000,8.2051,10.1379,0.4071,57.8947,52.8549,15.0000,0.0000,13.0000,1.7275,0.8709,1.7275,0.8709
3879696,2016-01-20,Serie A,2015/2016,16.0000,Torino,Sassuolo,A,Gian Piero Ventura	,Eusebio Di Francesco,1.0000,1.0000,1.0000,42.0420,37.4502,3.8632,22.4349,20.4360,0.4269,11.1111,13.3929,18.9474,0.3109,21.6667,42.1769,9.0000,1.0000,8.0000,0.8709,1.7275,0.8709,1.7275
3879697,2016-01-23,Serie A,2015/2016,21.0000,Frosinone,Atalanta,H,Roberto Stellone,Edoardo Reja,0.0000,0.0000,1.0000,47.9118,42.0213,3.3627,22.1195,18.6589,0.4816,16.6667,10.0840,9.8438,0.3296,42.5676,54.5385,10.0000,0.0000,11.0000,0.8269,1.0545,0.8269,1.0545
3879697,2016-01-23,Serie A,2015/2016,21.0000,Atalanta,Frosinone,A,Edoardo Reja,Roberto Stellone,0.0000,0.0000,1.0000,52.0882,57.9787,4.1828,21.8667,15.1671,0.4131,0.0000,9.5238,10.1000,0.4213,35.0575,53.2471,10.0000,1.0000,18.0000,1.0545,0.8269,1.0545,0.8269
3879698,2016-01-23,Serie A,2015/2016,21.0000,Empoli,AC Milan,H,Marco Giampaolo,Siniša Mihajlović,2.0000,2.0000,1.0000,61.0365,58.3691,5.3211,18.0117,8.4483,0.2970,25.0000,3.9773,11.6667,0.4261,49.1329,48.8362,13.0000,0.0000,16.0000,1.2032,1.2201,1.2032,1.2201
3879698,2016-01-23,Serie A,2015/2016,21.0000,AC Milan,Empoli,A,Siniša Mihajlović,Marco Giampaolo,2.0000,2.0000,1.0000,38.9635,41.6309,3.9130,21.0172,16.6667,0.4250,0.0000,4.0650,10.1395,0.3648,32.7586,50.8703,8.0000,0.0000,10.0000,1.2201,1.2032,1.2201,1.2032
3879699,2016-01-24,Serie A,2015/2016,21.0000,Sampdoria,Napoli,H,Vincenzo Montella,Maurizio Sarri,2.0000,4.0000,0.0000,44.8905,53.0516,4.1810,20.5270,15.4897,0.3218,20.0000,2.8777,19.0870,0.3560,42.3256,48.4234,14.0000,0.0000,8.0000,0.6622,3.5026,0.6622,2.7191
3879699,2016-01-24,Serie A,2015/2016,21.0000,Napoli,Sampdoria,A,Maurizio Sarri,Vincenzo Montella,4.0000,2.0000,3.0000,55.1095,46.9484,4.5200,16.2860,7.2566,0.3077,25.0000,1.5504,10.3636,0.3008,43.9189,45.6037,7.0000,0.0000,23.0000,3.5026,0.6622,2.7191,0.6622
3879700,2016-01-24,Serie A,2015/2016,21.0000,Palermo,Udinese,H,,Stefano Colantuono,4.0000,1.0000,3.0000,43.3202,34.0081,3.5636,21.0435,14.0306,0.4270,0.0000,9.3458,27.6154,0.3328,30.7292,43.0729,8.0000,4.0000,16.0000,2.3124,1.5510,2.3124,1.5510
3879700,2016-01-24,Serie A,2015/2016,21.0000,Udinese,Palermo,A,Stefano Colantuono,,1.0000,4.0000,0.0000,56.6798,65.9919,5.2600,20.3436,12.1673,0.3525,45.4545,11.9403,14.7273,0.3175,42.1429,54.0480,16.0000,0.0000,19.0000,1.5510,2.3124,1.5510,2.3124
3879701,2016-01-24,Serie A,2015/2016,21.0000,Juventus,AS Roma,H,Massimiliano Allegri,Luciano Spalletti,1.0000,0.0000,3.0000,55.2760,68.0934,7.6747,18.8332,7.5353,0.1783,50.0000,8.0000,18.0000,0.2432,43.2836,57.5023,12.0000,0.0000,15.0000,0.7997,0.2198,0.7997,0.2198
3879701,2016-01-24,Serie A,2015/2016,21.0000,AS Roma,Juventus,A,Luciano Spalletti,Massimiliano Allegri,0.0000,1.0000,0.0000,44.7240,31.9066,6.5128,19.7451,10.8268,0.2355,42.8571,2.0833,14.4286,0.2276,32.9032,51.2186,8.0000,0.0000,6.0000,0.2198,0.7997,0.2198,0.7997
3879702,2016-01-24,Serie A,2015/2016,21.0000,Hellas Verona,Genoa,H,Luigi Delneri,Gian Piero Gasperini,1.0000,1.0000,1.0000,46.8238,57.5130,3.4414,22.3230,16.7539,0.3805,0.0000,13.2867,10.3077,0.4335,51.1111,59.1216,15.0000,1.0000,17.0000,2.1141,0.5185,2.1141,0.5185
3879702,2016-01-24,Serie A,2015/2016,21.0000,Genoa,Hellas Verona,A,Gian Piero Gasperini,Luigi Delneri,1.0000,1.0000,1.0000,53.1762,42.4870,4.5096,19.0252,10.2345,0.3553,14.2857,13.0841,9.8182,0.3807,34.4828,46.7010,5.0000,0.0000,10.0000,0.5185,2.1141,0.5185,2.1141
3879703,2016-01-24,Serie A,2015/2016,21.0000,Lazio,Chievo,H,Stefano Pioli,Rolando Maran,4.0000,1.0000,3.0000,55.6345,71.3693,5.1531,19.7774,12.4752,0.3707,0.0000,15.7895,10.7812,0.4050,51.4124,59.8330,23.0000,0.0000,24.0000,2.4292,1.3557,1.6457,0.5722
3879703,2016-01-24,Serie A,2015/2016,21.0000,Chievo,Lazio,A,Rolando Maran,Stefano Pioli,1.0000,4.0000,0.0000,44.3655,28.6307,3.7800,20.4338,13.7566,0.4352,0.0000,7.2165,18.8824,0.3869,31.6038,38.2069,6.0000,0.0000,7.0000,1.3557,2.4292,0.5722,1.6457
3879704,2016-01-24,Serie A,2015/2016,21.0000,Inter Milan,Carpi,H,Roberto Mancini,Fabrizio Castori,1.0000,1.0000,1.0000,69.2159,72.4806,5.7478,20.2375,11.8003,0.2647,100.0000,7.6923,12.8824,0.3994,41.7323,51.5284,15.0000,1.0000,18.0000,1.8836,0.8969,1.8836,0.8969
3879704,2016-01-24,Serie A,2015/2016,21.0000,Carpi,Inter Milan,A,Fabrizio Castori,Roberto Mancini,1.0000,1.0000,1.0000,30.7841,27.5194,2.8617,22.9966,21.1896,0.5944,9.0909,4.5872,15.3000,0.3245,33.1897,45.9694,6.0000,1.0000,12.0000,0.8969,1.8836,0.8969,1.8836
3879705,2016-01-24,Serie A,2015/2016,21.0000,Sassuolo,Bologna,H,Eusebio Di Francesco,Roberto Donadoni,0.0000,2.0000,0.0000,56.3395,65.8879,4.6381,21.2448,13.7577,0.3970,75.0000,7.0175,13.9130,0.3302,45.3901,50.1032,9.0000,0.0000,14.0000,0.5927,1.3758,0.5927,1.3758
3879705,2016-01-24,Serie A,2015/2016,21.0000,Bologna,Sassuolo,A,Roberto Donadoni,Eusebio Di Francesco,2.0000,0.0000,3.0000,43.6605,34.1121,4.3678,21.4108,15.5263,0.3908,0.0000,11.1111,12.3448,0.3975,37.8995,42.9673,8.0000,1.0000,16.0000,1.3758,0.5927,1.3758,0.5927
3879706,2016-01-24,Serie A,2015/2016,21.0000,Fiorentina,Torino,H,Paulo Sousa,Gian Piero Ventura	,2.0000,0.0000,3.0000,57.1429,51.2987,4.7200,20.9396,11.0169,0.2345,57.1429,6.0000,12.6250,0.2481,49.4949,54.5181,11.0000,2.0000,13.0000,1.0212,0.6958,1.0212,0.6958
3879706,2016-01-24,Serie A,2015/2016,21.0000,Torino,Fiorentina,A,Gian Piero Ventura	,Paulo Sousa,0.0000,2.0000,0.0000,42.8571,48.7013,3.9770,22.4768,15.8960,0.3291,60.0000,11.5789,13.5517,0.3816,34.9754,49.6274,7.0000,0.0000,9.0000,0.6958,1.0212,0.6958,1.0212
3879707,2016-01-30,Serie A,2015/2016,22.0000,AS Roma,Frosinone,H,Luciano Spalletti,Roberto Stellone,3.0000,1.0000,3.0000,65.9692,63.2035,5.6458,19.5610,9.5941,0.2423,0.0000,7.2727,8.0800,0.3560,44.5455,54.4667,9.0000,2.0000,21.0000,1.0771,0.6315,1.0771,0.6315
3879707,2016-01-30,Serie A,2015/2016,22.0000,Frosinone,AS Roma,A,Roberto Stellone,Luciano Spalletti,1.0000,3.0000,0.0000,34.0308,36.7965,3.0357,22.3745,16.8627,0.4309,11.1111,12.5000,14.7037,0.2454,40.1361,56.2709,11.0000,2.0000,14.0000,0.6315,1.0771,0.6315,1.0771
3879708,2016-01-30,Serie A,2015/2016,22.0000,Atalanta,Sassuolo,H,Edoardo Reja,Eusebio Di Francesco,1.0000,1.0000,1.0000,47.1471,40.0000,4.0594,21.0396,14.1463,0.3807,18.1818,9.0909,10.6389,0.3220,40.0000,49.8495,4.0000,0.0000,6.0000,1.5576,0.9928,0.7741,0.9928
3879708,2016-01-30,Serie A,2015/2016,22.0000,Sassuolo,Atalanta,A,Eusebio Di Francesco,Edoardo Reja,1.0000,1.0000,1.0000,52.8529,60.0000,3.7398,21.3032,16.0870,0.3969,25.0000,10.2941,9.9722,0.3758,39.5480,50.5137,7.0000,1.0000,9.0000,0.9928,1.5576,0.9928,0.7741
3879709,2016-01-30,Serie A,2015/2016,22.0000,Carpi,Palermo,H,Fabrizio Castori,Giovanni Tedesco,1.0000,1.0000,1.0000,51.2299,64.6789,3.6964,19.0311,11.3527,0.4907,12.5000,8.9820,7.7045,0.5044,50.0000,53.9176,8.0000,1.0000,13.0000,1.1573,0.6419,0.3738,0.6419
3879709,2016-01-30,Serie A,2015/2016,22.0000,Palermo,Carpi,A,Giovanni Tedesco,Fabrizio Castori,1.0000,1.0000,1.0000,48.7701,35.3211,3.4248,18.4149,11.8863,0.4825,0.0000,9.8039,12.0800,0.2484,34.4538,44.7129,8.0000,0.0000,5.0000,0.6419,1.1573,0.6419,0.3738
3879710,2016-01-31,Serie A,2015/2016,22.0000,Bologna,Sampdoria,H,Roberto Donadoni,Vincenzo Montella,3.0000,2.0000,3.0000,41.7760,31.1258,3.8125,20.1489,13.3880,0.4026,23.0769,5.1282,21.4211,0.3986,40.4348,40.2922,5.0000,1.0000,8.0000,1.3511,1.8753,0.5676,1.8753
3879710,2016-01-31,Serie A,2015/2016,22.0000,Sampdoria,Bologna,A,Vincenzo Montella,Roberto Donadoni,2.0000,3.0000,0.0000,58.2240,68.8742,5.3535,19.4983,10.3774,0.2991,42.8571,5.4795,9.2778,0.3527,55.4795,54.4290,12.0000,1.0000,15.0000,1.8753,1.3511,1.8753,0.5676
3879711,2016-01-31,Serie A,2015/2016,22.0000,Udinese,Lazio,H,Stefano Colantuono,Stefano Pioli,0.0000,0.0000,1.0000,34.8571,24.7899,2.6559,21.3490,17.4089,0.4815,0.0000,10.9589,32.3000,0.2772,29.7468,43.4511,9.0000,0.0000,11.0000,0.3763,0.6896,0.3763,0.6896
3879711,2016-01-31,Serie A,2015/2016,22.0000,Lazio,Udinese,A,Stefano Pioli,Stefano Colantuono,0.0000,0.0000,1.0000,65.1429,75.2101,6.0345,19.7014,11.6190,0.3241,14.2857,9.7674,7.0625,0.4590,62.1429,60.7604,21.0000,0.0000,17.0000,0.6896,0.3763,0.6896,0.3763
3879712,2016-01-31,Serie A,2015/2016,22.0000,AC Milan,Inter Milan,H,Siniša Mihajlović,Roberto Mancini,3.0000,0.0000,3.0000,49.6098,54.4118,3.6262,19.2901,10.3093,0.3520,0.0000,10.7692,9.0811,0.3916,54.2373,56.3589,15.0000,0.0000,14.0000,1.9063,1.6719,1.9063,0.8884
3879712,2016-01-31,Serie A,2015/2016,22.0000,Inter Milan,AC Milan,A,Roberto Mancini,Siniša Mihajlović,0.0000,3.0000,0.0000,50.3902,45.5882,3.9388,19.3612,12.4352,0.3531,40.0000,13.5135,12.3333,0.4742,30.3318,44.0604,7.0000,0.0000,12.0000,1.6719,1.9063,0.8884,1.9063
3879713,2016-01-31,Serie A,2015/2016,22.0000,Chievo,Juventus,H,Rolando Maran,Massimiliano Allegri,0.0000,4.0000,0.0000,35.5274,36.4103,4.9872,21.5861,16.7095,0.3026,0.0000,5.9406,20.4483,0.3115,49.1597,50.0980,9.0000,1.0000,6.0000,0.1587,3.6646,0.1587,3.6646
3879713,2016-01-31,Serie A,2015/2016,22.0000,Juventus,Chievo,A,Massimiliano Allegri,Rolando Maran,4.0000,0.0000,3.0000,64.4726,63.5897,7.6809,19.8474,8.4488,0.1742,50.0000,14.0845,18.2353,0.2470,37.5000,55.6000,22.0000,3.0000,30.0000,3.6646,0.1587,3.6646,0.1587
3879714,2016-01-31,Serie A,2015/2016,22.0000,Napoli,Empoli,H,Maurizio Sarri,Marco Giampaolo,5.0000,1.0000,3.0000,61.9444,71.7703,6.8043,18.3914,9.9042,0.2108,83.3333,8.6420,11.2333,0.4088,47.6190,55.1989,14.0000,1.0000,20.0000,2.1500,0.2544,2.1500,0.2544
3879714,2016-01-31,Serie A,2015/2016,22.0000,Empoli,Napoli,A,Marco Giampaolo,Maurizio Sarri,1.0000,5.0000,0.0000,38.0556,28.2297,4.7273,16.8257,8.2418,0.3341,36.3636,5.7971,14.1515,0.2212,48.6486,49.0034,5.0000,0.0000,7.0000,0.2544,2.1500,0.2544,2.1500
3879715,2016-01-31,Serie A,2015/2016,22.0000,Torino,Hellas Verona,H,Gian Piero Ventura	,Luigi Delneri,0.0000,0.0000,1.0000,56.5742,63.1579,3.9619,23.8722,17.3077,0.3028,72.7273,10.1266,10.0833,0.4083,43.5374,56.2226,16.0000,2.0000,17.0000,1.5969,0.5038,1.5969,0.5038
3879715,2016-01-31,Serie A,2015/2016,22.0000,Hellas Verona,Torino,A,Luigi Delneri,Gian Piero Ventura	,0.0000,0.0000,1.0000,43.4258,36.8421,3.7349,23.5118,19.0323,0.3837,0.0000,8.6538,9.7667,0.2878,27.4074,44.1232,7.0000,0.0000,10.0000,0.5038,1.5969,0.5038,1.5969
3879716,2016-01-31,Serie A,2015/2016,22.0000,Genoa,Fiorentina,H,Gian Piero Gasperini,Paulo Sousa,0.0000,0.0000,1.0000,41.2930,61.5023,3.4200,21.2575,18.1287,0.4224,0.0000,18.3673,15.6071,0.2984,48.2143,57.9556,19.0000,0.0000,11.0000,1.2833,0.8528,1.2833,0.8528
3879716,2016-01-31,Serie A,2015/2016,22.0000,Fiorentina,Genoa,A,Paulo Sousa,Gian Piero Gasperini,0.0000,0.0000,1.0000,58.7070,38.4977,4.8835,21.4605,11.3320,0.3379,50.0000,12.8205,7.6129,0.3409,31.8519,47.9940,13.0000,0.0000,11.0000,0.8528,1.2833,0.8528,1.2833
3879717,2016-02-02,Serie A,2015/2016,23.0000,Sassuolo,AS Roma,H,Eusebio Di Francesco,Luciano Spalletti,0.0000,2.0000,0.0000,47.5426,53.1136,4.0192,20.6796,14.1148,0.3885,83.3333,11.3924,14.0800,0.3824,43.5000,56.5573,15.0000,0.0000,18.0000,1.7356,1.8789,0.9521,1.8789
3879717,2016-02-02,Serie A,2015/2016,23.0000,AS Roma,Sassuolo,A,Luciano Spalletti,Eusebio Di Francesco,2.0000,0.0000,3.0000,52.4574,46.8864,4.8646,19.0353,12.2056,0.2943,18.1818,6.9444,16.0000,0.4114,35.3846,48.3402,12.0000,3.0000,13.0000,1.8789,1.7356,1.8789,0.9521
3879718,2016-02-03,Serie A,2015/2016,23.0000,Empoli,Udinese,H,Marco Giampaolo,Stefano Colantuono,1.0000,1.0000,1.0000,70.6340,74.5763,4.9298,17.5603,9.0747,0.3120,75.0000,5.2381,5.5455,0.5795,56.8627,59.3417,16.0000,0.0000,19.0000,2.0334,0.3932,1.2499,0.3932
3879718,2016-02-03,Serie A,2015/2016,23.0000,Udinese,Empoli,A,Stefano Colantuono,Marco Giampaolo,1.0000,1.0000,1.0000,29.3660,25.4237,2.5783,21.4760,18.6916,0.5289,0.0000,6.6667,10.6667,0.4583,31.6151,49.5119,9.0000,0.0000,5.0000,0.3932,2.0334,0.3932,1.2499
3879719,2016-02-03,Serie A,2015/2016,23.0000,Sampdoria,Torino,H,Vincenzo Montella,Gian Piero Ventura	,2.0000,2.0000,1.0000,47.6538,50.8475,3.9307,18.2338,8.8161,0.4043,0.0000,2.4590,11.6667,0.3227,43.8272,51.4485,8.0000,0.0000,9.0000,0.6694,1.8954,0.6694,1.8954
3879719,2016-02-03,Serie A,2015/2016,23.0000,Torino,Sampdoria,A,Gian Piero Ventura	,Vincenzo Montella,2.0000,2.0000,1.0000,52.3462,49.1525,4.0734,21.7873,13.7387,0.3371,71.4286,10.0000,10.8929,0.3501,44.3750,48.0046,7.0000,0.0000,14.0000,1.8954,0.6694,1.8954,0.6694
3879720,2016-02-03,Serie A,2015/2016,23.0000,Lazio,Napoli,H,Stefano Pioli,Maurizio Sarri,0.0000,2.0000,0.0000,40.4040,44.2748,3.7522,22.8997,18.6321,0.4291,25.0000,7.4766,13.7209,0.3121,59.7285,52.4800,7.0000,0.0000,8.0000,0.5820,1.0956,0.5820,1.0956
3879720,2016-02-03,Serie A,2015/2016,23.0000,Napoli,Lazio,A,Maurizio Sarri,Stefano Pioli,2.0000,0.0000,3.0000,59.5960,55.7252,5.7257,18.0531,10.2009,0.3078,35.7143,4.5872,15.9167,0.3438,48.4848,43.1847,6.0000,0.0000,11.0000,1.0956,0.5820,1.0956,0.5820
3879721,2016-02-03,Serie A,2015/2016,23.0000,Palermo,AC Milan,H,Giovanni Tedesco,Siniša Mihajlović,0.0000,2.0000,0.0000,36.6026,38.7097,3.1100,21.3487,15.1125,0.3979,28.5714,13.1579,22.1667,0.2839,33.7079,41.3425,6.0000,0.0000,12.0000,0.5963,1.8822,0.5963,1.0987
3879721,2016-02-03,Serie A,2015/2016,23.0000,AC Milan,Palermo,A,Siniša Mihajlović,Giovanni Tedesco,2.0000,0.0000,3.0000,63.3974,61.2903,5.1622,17.8439,7.1553,0.2575,30.0000,6.6667,7.0606,0.3122,38.9381,56.8290,14.0000,2.0000,17.0000,1.8822,0.5963,1.0987,0.5963
3879722,2016-02-03,Serie A,2015/2016,23.0000,Hellas Verona,Atalanta,H,Luigi Delneri,Edoardo Reja,2.0000,1.0000,3.0000,48.1395,50.3268,3.3981,21.9785,15.4286,0.4415,18.1818,14.2857,9.1351,0.4888,50.4587,55.5850,10.0000,0.0000,13.0000,1.7994,1.8993,1.7994,1.8993
3879722,2016-02-03,Serie A,2015/2016,23.0000,Atalanta,Hellas Verona,A,Edoardo Reja,Luigi Delneri,1.0000,2.0000,0.0000,51.8605,49.6732,3.8990,20.8374,13.9896,0.4173,13.3333,8.6538,13.3043,0.3551,40.8163,49.5459,14.0000,0.0000,18.0000,1.8993,1.7994,1.8993,1.7994
3879723,2016-02-03,Serie A,2015/2016,23.0000,Inter Milan,Chievo,H,Roberto Mancini,Rolando Maran,1.0000,0.0000,3.0000,60.1259,65.4930,5.9318,19.4144,11.3027,0.2787,75.0000,14.1414,13.2632,0.3816,40.6897,51.0426,16.0000,0.0000,24.0000,2.2398,0.3002,2.2398,0.3002
3879723,2016-02-03,Serie A,2015/2016,23.0000,Chievo,Inter Milan,A,Rolando Maran,Roberto Mancini,0.0000,1.0000,0.0000,39.8741,34.5070,3.7907,21.0925,15.3374,0.3936,6.6667,6.9565,9.4324,0.3298,51.8519,58.6479,11.0000,0.0000,7.0000,0.3002,2.2398,0.3002,2.2398
3879724,2016-02-03,Serie A,2015/2016,23.0000,Fiorentina,Carpi,H,Paulo Sousa,Fabrizio Castori,2.0000,1.0000,3.0000,66.6667,73.4300,5.1111,18.0164,8.5145,0.2324,42.8571,5.0314,11.9000,0.5506,45.9770,47.8867,7.0000,0.0000,11.0000,0.5809,1.0829,0.5809,1.0829
3879724,2016-02-03,Serie A,2015/2016,23.0000,Carpi,Fiorentina,A,Fabrizio Castori,Paulo Sousa,1.0000,2.0000,0.0000,33.3333,26.5700,3.0115,20.3893,14.8855,0.5018,0.0000,12.0482,10.3750,0.4984,42.5397,52.4435,13.0000,1.0000,10.0000,1.0829,0.5809,1.0829,0.5809
3879725,2016-02-03,Serie A,2015/2016,23.0000,Frosinone,Bologna,H,Roberto Stellone,Roberto Donadoni,1.0000,0.0000,3.0000,41.8264,34.8361,3.1400,22.3528,17.5159,0.4936,66.6667,13.1313,8.9697,0.4457,33.4783,46.5570,11.0000,1.0000,20.0000,1.8611,1.1854,1.0776,1.1854
3879725,2016-02-03,Serie A,2015/2016,23.0000,Bologna,Frosinone,A,Roberto Donadoni,Roberto Stellone,0.0000,1.0000,0.0000,58.1736,65.1639,4.3558,20.0503,13.0243,0.3299,18.1818,8.7432,14.8824,0.5013,41.3978,55.9327,22.0000,0.0000,16.0000,1.1854,1.8611,1.1854,1.0776
3879726,2016-02-03,Serie A,2015/2016,23.0000,Juventus,Genoa,H,Massimiliano Allegri,Gian Piero Gasperini,1.0000,0.0000,3.0000,51.7562,50.0000,4.2885,19.8365,10.0897,0.3144,100.0000,2.2901,13.0000,0.3084,40.2778,51.2722,9.0000,1.0000,11.0000,0.5668,0.2423,0.5668,0.2423
3879726,2016-02-03,Serie A,2015/2016,23.0000,Genoa,Juventus,A,Gian Piero Gasperini,Massimiliano Allegri,0.0000,1.0000,0.0000,48.2438,50.0000,4.2396,20.4070,13.5135,0.3643,25.0000,6.4286,8.7750,0.4092,47.3171,53.5959,9.0000,1.0000,7.0000,0.2423,0.5668,0.2423,0.5668
3879727,2016-02-06,Serie A,2015/2016,24.0000,Genoa,Lazio,H,Gian Piero Gasperini,Stefano Pioli,0.0000,0.0000,1.0000,49.7797,36.8421,3.7961,21.0173,15.0895,0.4611,0.0000,6.6038,17.8235,0.4035,35.8696,44.0562,5.0000,0.0000,6.0000,0.4271,0.5436,0.4271,0.5436
3879727,2016-02-06,Serie A,2015/2016,24.0000,Lazio,Genoa,A,Stefano Pioli,Gian Piero Gasperini,0.0000,0.0000,1.0000,50.2203,63.1579,3.7170,21.2693,16.2437,0.4982,0.0000,11.5385,10.8387,0.4535,43.9024,49.4417,20.0000,0.0000,10.0000,0.5436,0.4271,0.5436,0.4271
3879728,2016-02-06,Serie A,2015/2016,24.0000,Bologna,Fiorentina,H,Roberto Donadoni,Paulo Sousa,1.0000,1.0000,1.0000,48.1096,62.5000,4.9140,19.8893,12.2538,0.3362,42.8571,5.1429,13.6333,0.3388,54.8387,56.0188,21.0000,0.0000,12.0000,0.8232,0.9265,0.8232,0.9265
3879728,2016-02-06,Serie A,2015/2016,24.0000,Fiorentina,Bologna,A,Paulo Sousa,Roberto Donadoni,1.0000,1.0000,1.0000,51.8904,37.5000,5.6111,20.3122,10.6931,0.2878,25.0000,5.1282,13.2609,0.3360,37.4269,45.6344,9.0000,0.0000,12.0000,0.9265,0.8232,0.9265,0.8232
3879729,2016-02-07,Serie A,2015/2016,24.0000,Sassuolo,Palermo,H,Eusebio Di Francesco,Giovanni Tedesco,2.0000,2.0000,1.0000,62.5686,66.6667,4.6697,20.2850,12.3772,0.3569,100.0000,11.7021,7.5625,0.5425,51.8919,55.4262,11.0000,0.0000,23.0000,1.8209,0.7756,1.8209,0.7756
3879729,2016-02-07,Serie A,2015/2016,24.0000,Palermo,Sassuolo,A,Giovanni Tedesco,Eusebio Di Francesco,2.0000,2.0000,1.0000,37.4314,33.3333,2.7600,20.4029,16.6667,0.4458,0.0000,7.0588,15.0000,0.2596,27.7027,43.9412,6.0000,0.0000,9.0000,0.7756,1.8209,0.7756,1.8209
3879730,2016-02-07,Serie A,2015/2016,24.0000,Hellas Verona,Inter Milan,H,Luigi Delneri,Roberto Mancini,3.0000,3.0000,1.0000,29.3242,24.3137,2.1778,24.3895,21.4286,0.5432,0.0000,9.0909,13.1071,0.3549,31.5068,45.8540,14.0000,0.0000,10.0000,0.7057,2.1515,0.7057,2.1515
3879730,2016-02-07,Serie A,2015/2016,24.0000,Inter Milan,Hellas Verona,A,Roberto Mancini,Luigi Delneri,3.0000,3.0000,1.0000,70.6758,75.6863,5.1495,19.4790,9.2559,0.2619,57.1429,14.5729,5.7097,0.6562,51.1905,53.6573,14.0000,0.0000,17.0000,2.1515,0.7057,2.1515,0.7057
3879731,2016-02-07,Serie A,2015/2016,24.0000,Napoli,Carpi,H,Maurizio Sarri,Fabrizio Castori,1.0000,0.0000,3.0000,74.6531,84.1328,7.0093,18.5024,9.5112,0.2507,57.1429,6.6390,8.7917,0.3540,58.7629,59.4903,23.0000,0.0000,22.0000,2.2135,0.1611,1.4300,0.1611
3879731,2016-02-07,Serie A,2015/2016,24.0000,Carpi,Napoli,A,Fabrizio Castori,Maurizio Sarri,0.0000,1.0000,0.0000,25.3469,15.8672,2.7711,22.9747,20.8696,0.6053,0.0000,4.1096,22.2857,0.3135,26.4822,38.7257,5.0000,0.0000,3.0000,0.1611,2.2135,0.1611,1.4300
3879732,2016-02-07,Serie A,2015/2016,24.0000,Torino,Chievo,H,Gian Piero Ventura	,Rolando Maran,1.0000,2.0000,0.0000,53.4247,67.0968,5.0440,23.3391,14.1612,0.3251,75.0000,8.8889,13.3077,0.2738,42.9752,49.5786,9.0000,1.0000,12.0000,0.9114,1.0973,0.9114,0.3138
3879732,2016-02-07,Serie A,2015/2016,24.0000,Chievo,Torino,A,Rolando Maran,Gian Piero Ventura	,2.0000,1.0000,3.0000,46.5753,32.9032,4.4713,21.9177,13.6247,0.2994,7.1429,3.1579,13.1481,0.2209,51.7857,51.8141,5.0000,1.0000,8.0000,1.0973,0.9114,0.3138,0.9114
3879733,2016-02-07,Serie A,2015/2016,24.0000,Frosinone,Juventus,H,Roberto Stellone,Massimiliano Allegri,0.0000,2.0000,0.0000,32.1111,22.9839,2.3918,22.1698,18.5345,0.5128,6.2500,5.3333,11.7000,0.3470,35.3774,51.0876,10.0000,1.0000,5.0000,0.2968,1.7941,0.2968,1.7941
3879733,2016-02-07,Serie A,2015/2016,24.0000,Juventus,Frosinone,A,Massimiliano Allegri,Roberto Stellone,2.0000,0.0000,3.0000,67.8889,77.0161,4.8333,21.0141,12.3412,0.2443,50.0000,9.0047,8.1111,0.4602,48.8722,59.1270,19.0000,0.0000,25.0000,1.7941,0.2968,1.7941,0.2968
3879734,2016-02-07,Serie A,2015/2016,24.0000,AC Milan,Udinese,H,Siniša Mihajlović,Stefano Colantuono,1.0000,1.0000,1.0000,62.6866,73.6264,5.1442,18.9503,9.9065,0.3497,50.0000,8.6580,9.0714,0.3800,55.6391,60.5655,27.0000,1.0000,23.0000,1.6751,1.2099,1.6751,1.2099
3879734,2016-02-07,Serie A,2015/2016,24.0000,Udinese,AC Milan,A,Stefano Colantuono,Siniša Mihajlović,1.0000,1.0000,1.0000,37.3134,26.3736,3.1064,19.7955,15.0685,0.5115,0.0000,4.5455,18.7647,0.3350,33.5025,41.4606,7.0000,0.0000,9.0000,1.2099,1.6751,1.2099,1.6751
3879735,2016-02-07,Serie A,2015/2016,24.0000,Atalanta,Empoli,H,Edoardo Reja,Marco Giampaolo,0.0000,0.0000,1.0000,40.6883,55.4656,3.3398,21.6494,15.1163,0.4410,0.0000,12.4183,10.6410,0.3362,34.0102,51.6748,9.0000,2.0000,11.0000,0.7909,0.5210,0.7909,0.5210
3879735,2016-02-07,Serie A,2015/2016,24.0000,Empoli,Atalanta,A,Marco Giampaolo,Edoardo Reja,0.0000,0.0000,1.0000,59.3117,44.5344,5.2772,16.6600,8.4428,0.3919,66.6667,5.4054,8.3929,0.4254,40.3509,50.9794,11.0000,1.0000,9.0000,0.5210,0.7909,0.5210,0.7909
3879736,2016-02-07,Serie A,2015/2016,24.0000,AS Roma,Sampdoria,H,Luciano Spalletti,Vincenzo Montella,2.0000,1.0000,3.0000,54.8415,65.6604,5.2273,18.1824,7.6522,0.2230,50.0000,5.8201,16.6522,0.3821,44.8980,54.8079,11.0000,4.0000,14.0000,1.5169,0.7842,1.5169,0.7842
3879736,2016-02-07,Serie A,2015/2016,24.0000,Sampdoria,AS Roma,A,Vincenzo Montella,Luciano Spalletti,1.0000,2.0000,0.0000,45.1585,34.3396,4.9785,20.6837,13.3909,0.3160,33.3333,4.8387,20.3158,0.2681,32.9341,46.4271,8.0000,0.0000,10.0000,0.7842,1.5169,0.7842,1.5169
3879737,2016-02-11,Serie A,2015/2016,25.0000,Lazio,Hellas Verona,H,Stefano Pioli,Luigi Delneri,5.0000,2.0000,3.0000,60.9485,72.9614,6.1978,19.5276,11.8794,0.3263,71.4286,9.3023,8.6857,0.4005,55.4839,56.2752,21.0000,0.0000,18.0000,3.5109,0.6364,2.7274,0.6364
3879737,2016-02-11,Serie A,2015/2016,25.0000,Hellas Verona,Lazio,A,Luigi Delneri,Stefano Pioli,2.0000,5.0000,0.0000,39.0515,27.0386,3.5054,23.0360,19.0184,0.4346,7.6923,10.0000,21.7647,0.2483,35.3333,42.4333,9.0000,1.0000,8.0000,0.6364,3.5109,0.6364,2.7274
3879738,2016-02-12,Serie A,2015/2016,25.0000,Carpi,AS Roma,H,Fabrizio Castori,Luciano Spalletti,1.0000,3.0000,0.0000,28.9272,29.3860,2.4200,23.4053,22.3140,0.6627,0.0000,7.7778,17.6786,0.2642,37.2449,50.1798,6.0000,2.0000,8.0000,1.1856,2.2011,1.1856,2.2011
3879738,2016-02-12,Serie A,2015/2016,25.0000,AS Roma,Carpi,A,Luciano Spalletti,Fabrizio Castori,3.0000,1.0000,3.0000,71.0728,70.6140,6.0708,19.2711,10.9329,0.3073,33.3333,8.9005,10.1364,0.3775,52.6316,51.7030,11.0000,0.0000,19.0000,2.2011,1.1856,2.2011,1.1856
3879739,2016-02-13,Serie A,2015/2016,25.0000,Juventus,Napoli,H,Massimiliano Allegri,Maurizio Sarri,1.0000,0.0000,3.0000,44.0496,45.6221,5.2391,20.0177,11.4108,0.2667,40.0000,4.9180,16.6897,0.2334,54.4304,51.2302,5.0000,1.0000,12.0000,0.4927,0.2451,0.4927,0.2451
3879739,2016-02-13,Serie A,2015/2016,25.0000,Napoli,Juventus,A,Maurizio Sarri,Massimiliano Allegri,0.0000,1.0000,0.0000,55.9504,54.3779,6.4141,18.0943,8.9764,0.2341,85.7143,5.0360,11.4118,0.3340,52.2472,50.0991,5.0000,0.0000,8.0000,0.2451,0.4927,0.2451,0.4927
3879740,2016-02-13,Serie A,2015/2016,25.0000,Empoli,Frosinone,H,Marco Giampaolo,Roberto Stellone,1.0000,2.0000,0.0000,70.7975,82.2148,4.1513,17.2750,7.6923,0.3258,44.4444,7.5630,7.0000,0.3487,60.2410,65.3588,21.0000,2.0000,29.0000,2.4346,1.0664,2.4346,0.2829
3879740,2016-02-13,Serie A,2015/2016,25.0000,Frosinone,Empoli,A,Roberto Stellone,Marco Giampaolo,2.0000,1.0000,3.0000,29.2025,17.7852,2.1977,24.8289,25.9259,0.5350,0.0000,10.1266,8.9375,0.4315,29.7189,41.1787,5.0000,2.0000,10.0000,1.0664,2.4346,0.2829,2.4346
3879741,2016-02-13,Serie A,2015/2016,25.0000,Chievo,Sassuolo,H,Rolando Maran,Eusebio Di Francesco,1.0000,1.0000,1.0000,41.6760,26.6667,3.4255,22.3412,18.3230,0.4945,0.0000,5.8140,12.1200,0.3410,33.7079,44.3891,7.0000,3.0000,11.0000,1.3371,0.9544,0.5536,0.9544
3879741,2016-02-13,Serie A,2015/2016,25.0000,Sassuolo,Chievo,A,Eusebio Di Francesco,Rolando Maran,1.0000,1.0000,1.0000,58.3240,73.3333,3.8333,20.3141,11.9565,0.4434,28.5714,10.6796,9.5862,0.3780,50.3546,52.6108,14.0000,0.0000,16.0000,0.9544,1.3371,0.9544,0.5536
3879742,2016-02-14,Serie A,2015/2016,25.0000,AC Milan,Genoa,H,Siniša Mihajlović,Gian Piero Gasperini,2.0000,1.0000,3.0000,56.9792,66.6667,4.1017,19.5520,11.1570,0.3064,50.0000,8.2278,9.3030,0.3269,49.6296,59.9194,21.0000,0.0000,14.0000,0.7885,0.4432,0.7885,0.4432
3879742,2016-02-14,Serie A,2015/2016,25.0000,Genoa,AC Milan,A,Gian Piero Gasperini,Siniša Mihajlović,1.0000,2.0000,0.0000,43.0208,33.3333,3.0877,22.7576,19.8864,0.4068,20.0000,7.6087,14.0769,0.4954,43.1734,44.4273,7.0000,1.0000,6.0000,0.4432,0.7885,0.4432,0.7885
3879743,2016-02-14,Serie A,2015/2016,25.0000,Udinese,Bologna,H,Stefano Colantuono,Roberto Donadoni,0.0000,1.0000,0.0000,52.9867,60.9091,4.2000,20.4500,14.7619,0.4287,7.6923,8.6420,8.1765,0.4659,41.4141,52.9191,12.0000,0.0000,10.0000,1.7348,0.9282,1.7348,0.9282
3879743,2016-02-14,Serie A,2015/2016,25.0000,Bologna,Udinese,A,Roberto Donadoni,Stefano Colantuono,1.0000,0.0000,3.0000,47.0133,39.0909,3.6040,19.9960,11.8132,0.4368,12.5000,3.9683,12.5000,0.3278,39.4904,47.3538,8.0000,0.0000,12.0000,0.9282,1.7348,0.9282,1.7348
3879744,2016-02-14,Serie A,2015/2016,25.0000,Sampdoria,Atalanta,H,Vincenzo Montella,Edoardo Reja,0.0000,0.0000,1.0000,55.2846,54.5455,4.8900,19.9770,10.8384,0.3400,44.4444,7.6923,12.0800,0.3886,49.7076,49.9580,10.0000,0.0000,10.0000,0.8521,0.2890,0.8521,0.2890
3879744,2016-02-14,Serie A,2015/2016,25.0000,Atalanta,Sampdoria,A,Edoardo Reja,Vincenzo Montella,0.0000,0.0000,1.0000,44.7154,45.4545,4.6667,21.2775,15.8163,0.4140,0.0000,11.5942,12.8929,0.3474,30.6878,50.2240,13.0000,0.0000,9.0000,0.2890,0.8521,0.2890,0.8521
3879745,2016-02-14,Serie A,2015/2016,25.0000,Palermo,Torino,H,Giovanni Bosi,Gian Piero Ventura	,1.0000,3.0000,0.0000,50.3348,60.3774,3.8586,19.3650,10.9948,0.3555,20.0000,11.7647,14.9130,0.3618,50.9317,55.6264,12.0000,0.0000,18.0000,1.2688,3.0562,1.2688,2.2727
3879745,2016-02-14,Serie A,2015/2016,25.0000,Torino,Palermo,A,Gian Piero Ventura	,Giovanni Bosi,3.0000,1.0000,3.0000,49.6652,39.6226,4.4607,21.6352,12.5945,0.3210,50.0000,12.9630,12.2174,0.4213,24.2105,44.9102,7.0000,6.0000,20.0000,3.0562,1.2688,2.2727,1.2688
3879746,2016-02-14,Serie A,2015/2016,25.0000,Fiorentina,Inter Milan,H,Paulo Sousa,Roberto Mancini,2.0000,1.0000,3.0000,60.0823,61.0329,5.2700,21.4683,13.8520,0.2576,75.0000,6.8750,8.3030,0.4485,43.1034,59.1032,13.0000,2.0000,12.0000,1.3597,0.7055,1.3597,0.7055
3879746,2016-02-14,Serie A,2015/2016,25.0000,Inter Milan,Fiorentina,A,Roberto Mancini,Paulo Sousa,1.0000,2.0000,0.0000,39.9177,38.9671,3.5435,20.3831,15.3374,0.3317,28.5714,13.3333,19.0952,0.2038,35.2941,46.1337,8.0000,0.0000,6.0000,0.7055,1.3597,0.7055,1.3597
3879747,2016-02-19,Serie A,2015/2016,26.0000,Bologna,Juventus,H,Roberto Donadoni,Massimiliano Allegri,0.0000,0.0000,1.0000,41.3923,35.3982,4.7590,20.9043,11.8987,0.3435,14.2857,3.7736,18.2727,0.3162,31.9797,43.7880,10.0000,0.0000,8.0000,0.1978,0.7494,0.1978,0.7494
3879747,2016-02-19,Serie A,2015/2016,26.0000,Juventus,Bologna,A,Massimiliano Allegri,Roberto Donadoni,0.0000,0.0000,1.0000,58.6077,64.6018,6.3933,19.3441,7.9086,0.2758,50.0000,6.7797,10.8333,0.2818,50.8065,53.6000,11.0000,0.0000,11.0000,0.7494,0.1978,0.7494,0.1978
3879748,2016-02-20,Serie A,2015/2016,26.0000,Hellas Verona,Chievo,H,Luigi Delneri,Rolando Maran,3.0000,1.0000,3.0000,41.9098,51.0870,2.3645,22.5102,17.7866,0.5084,0.0000,14.9533,14.2381,0.4406,37.8238,49.8947,13.0000,0.0000,21.0000,2.4451,1.3580,1.6616,0.5745
3879748,2016-02-20,Serie A,2015/2016,26.0000,Chievo,Hellas Verona,A,Rolando Maran,Luigi Delneri,1.0000,3.0000,0.0000,58.0902,48.9130,3.6981,20.1872,11.7347,0.4426,33.3333,6.1069,7.1379,0.5601,38.4181,48.7139,15.0000,0.0000,14.0000,1.3580,2.4451,0.5745,1.6616
3879749,2016-02-20,Serie A,2015/2016,26.0000,Inter Milan,Sampdoria,H,Roberto Mancini,Vincenzo Montella,3.0000,1.0000,3.0000,45.2406,44.6602,3.5455,19.7024,11.6809,0.3606,52.9412,10.0000,18.8889,0.5430,32.0144,40.6462,7.0000,1.0000,8.0000,1.0901,0.8815,1.0901,0.8815
3879749,2016-02-20,Serie A,2015/2016,26.0000,Sampdoria,Inter Milan,A,Vincenzo Montella,Roberto Mancini,1.0000,3.0000,0.0000,54.7594,55.3398,4.9785,20.5535,13.1749,0.3248,40.0000,7.1942,9.8000,0.4634,44.3878,59.1533,16.0000,1.0000,19.0000,0.8815,1.0901,0.8815,1.0901
3879750,2016-02-21,Serie A,2015/2016,26.0000,Atalanta,Fiorentina,H,Edoardo Reja,Paulo Sousa,2.0000,3.0000,0.0000,49.3684,64.9682,3.6667,21.5849,17.6904,0.4188,16.6667,12.1212,11.4706,0.5114,50.8130,52.5451,18.0000,1.0000,13.0000,1.1744,2.4263,1.1744,2.4263
3879750,2016-02-21,Serie A,2015/2016,26.0000,Fiorentina,Atalanta,A,Paulo Sousa,Edoardo Reja,3.0000,2.0000,3.0000,50.6316,35.0318,4.2900,19.3177,10.2564,0.3949,20.0000,8.6022,12.1111,0.4307,46.0396,46.8600,8.0000,2.0000,15.0000,2.4263,1.1744,2.4263,1.1744
3879751,2016-02-21,Serie A,2015/2016,26.0000,AS Roma,Palermo,H,Luciano Spalletti,Giuseppe Iachini,5.0000,0.0000,3.0000,59.8418,68.3721,6.5408,17.9256,7.9563,0.2609,100.0000,10.8108,11.0312,0.2998,48.9051,59.6381,15.0000,1.0000,24.0000,2.1632,0.3640,2.1632,0.3640
3879751,2016-02-21,Serie A,2015/2016,26.0000,Palermo,AS Roma,A,Giuseppe Iachini,Luciano Spalletti,0.0000,5.0000,0.0000,40.1582,31.6279,4.3889,17.0898,8.6076,0.3188,20.0000,8.6420,33.3571,0.2614,39.3258,43.1720,7.0000,0.0000,5.0000,0.3640,2.1632,0.3640,2.1632
3879752,2016-02-21,Serie A,2015/2016,26.0000,Genoa,Udinese,H,Gian Piero Gasperini,Stefano Colantuono,2.0000,1.0000,3.0000,58.3893,61.0656,4.6078,20.2135,14.4681,0.3535,62.5000,8.3333,8.1000,0.4489,47.9042,53.7982,17.0000,0.0000,22.0000,2.2274,1.9505,1.4439,1.1670
3879752,2016-02-21,Serie A,2015/2016,26.0000,Udinese,Genoa,A,Stefano Colantuono,Gian Piero Gasperini,1.0000,2.0000,0.0000,41.6107,38.9344,3.6292,19.8818,13.0031,0.4289,14.2857,14.9123,16.1000,0.3180,36.1446,42.6050,7.0000,2.0000,13.0000,1.9505,2.2274,1.1670,1.4439
3879753,2016-02-21,Serie A,2015/2016,26.0000,Sassuolo,Empoli,H,Eusebio Di Francesco,Marco Giampaolo,3.0000,2.0000,3.0000,45.8204,47.4886,4.3187,23.2894,19.5929,0.3634,0.0000,10.6061,9.0976,0.3371,42.3729,53.9722,15.0000,0.0000,13.0000,0.9042,1.4600,0.9042,0.6765
3879753,2016-02-21,Serie A,2015/2016,26.0000,Empoli,Sassuolo,A,Marco Giampaolo,Eusebio Di Francesco,2.0000,3.0000,0.0000,54.1796,52.5114,4.1327,18.3400,9.8501,0.3252,55.5556,6.5693,11.1111,0.3716,40.6061,49.1238,9.0000,0.0000,10.0000,1.4600,0.9042,0.6765,0.9042
3879754,2016-02-21,Serie A,2015/2016,26.0000,Torino,Carpi,H,Gian Piero Ventura	,Fabrizio Castori,0.0000,0.0000,1.0000,57.1947,55.1515,3.9245,24.4760,20.9135,0.3564,57.1429,13.7405,9.4615,0.4124,42.4658,55.9509,14.0000,1.0000,11.0000,1.4689,0.1736,0.6854,0.1736
3879754,2016-02-21,Serie A,2015/2016,26.0000,Carpi,Torino,A,Fabrizio Castori,Gian Piero Ventura	,0.0000,0.0000,1.0000,42.8053,44.8485,2.6822,20.9970,14.9826,0.4377,0.0000,5.3191,9.8235,0.3404,41.6149,49.9748,11.0000,1.0000,5.0000,0.1736,1.4689,0.1736,0.6854
3879755,2016-02-21,Serie A,2015/2016,26.0000,Frosinone,Lazio,H,Roberto Stellone,Stefano Pioli,0.0000,0.0000,1.0000,34.6555,23.0088,2.6800,22.6878,18.6567,0.4972,0.0000,14.2857,13.3793,0.3387,40.0943,49.6371,13.0000,1.0000,9.0000,0.6456,0.7141,0.6456,0.7141
3879755,2016-02-21,Serie A,2015/2016,26.0000,Lazio,Frosinone,A,Stefano Pioli,Roberto Stellone,0.0000,0.0000,1.0000,65.3445,76.9912,5.5243,21.1301,12.8295,0.3099,0.0000,8.5586,8.4516,0.3313,58.1818,53.3407,15.0000,0.0000,18.0000,0.7141,0.6456,0.7141,0.6456
3879756,2016-02-22,Serie A,2015/2016,26.0000,Napoli,AC Milan,H,Maurizio Sarri,Siniša Mihajlović,1.0000,1.0000,1.0000,65.7195,81.1659,6.1019,18.4666,9.8634,0.2945,75.0000,10.8597,9.7188,0.2941,52.7273,56.6443,14.0000,1.0000,20.0000,1.1253,0.5520,1.1253,0.5520
3879756,2016-02-22,Serie A,2015/2016,26.0000,AC Milan,Napoli,A,Siniša Mihajlović,Maurizio Sarri,1.0000,1.0000,1.0000,34.2805,18.8341,3.4000,21.2135,13.6223,0.4268,6.2500,4.7619,26.0000,0.2678,28.1250,40.1171,5.0000,2.0000,7.0000,0.5520,1.1253,0.5520,1.1253
3879757,2016-02-27,Serie A,2015/2016,27.0000,Empoli,AS Roma,H,Marco Giampaolo,Luciano Spalletti,1.0000,3.0000,0.0000,46.9194,30.0000,4.6702,20.1147,13.6674,0.3661,37.5000,9.1667,15.3000,0.2661,38.9262,49.8735,8.0000,0.0000,8.0000,0.3627,1.5057,0.3627,1.5057
3879757,2016-02-27,Serie A,2015/2016,27.0000,AS Roma,Empoli,A,Luciano Spalletti,Marco Giampaolo,3.0000,1.0000,3.0000,53.0806,70.0000,5.4149,18.9688,11.9843,0.2945,33.3333,6.7873,13.0357,0.3414,46.1538,52.0741,16.0000,0.0000,15.0000,1.5057,0.3627,1.5057,0.3627
3879758,2016-02-27,Serie A,2015/2016,27.0000,AC Milan,Torino,H,Siniša Mihajlović,Gian Piero Ventura	,1.0000,0.0000,3.0000,54.1139,60.8491,4.3056,19.2838,9.0323,0.2906,25.0000,8.0000,14.8182,0.3425,50.3356,53.1780,17.0000,0.0000,19.0000,1.1944,0.6137,1.1944,0.6137
3879758,2016-02-27,Serie A,2015/2016,27.0000,Torino,AC Milan,A,Gian Piero Ventura	,Siniša Mihajlović,0.0000,1.0000,0.0000,45.8861,39.1509,3.8776,23.8862,19.7368,0.3512,23.0769,11.7647,16.4286,0.4288,27.7273,48.1911,12.0000,1.0000,11.0000,0.6137,1.1944,0.6137,1.1944
3879759,2016-02-28,Serie A,2015/2016,27.0000,Juventus,Inter Milan,H,Massimiliano Allegri,Roberto Mancini,2.0000,0.0000,3.0000,46.6793,48.6631,4.8587,20.7055,11.6331,0.2796,60.0000,7.2072,17.9130,0.2936,46.0606,54.5113,18.0000,0.0000,9.0000,2.0486,0.3459,1.2651,0.3459
3879759,2016-02-28,Serie A,2015/2016,27.0000,Inter Milan,Juventus,A,Roberto Mancini,Massimiliano Allegri,0.0000,2.0000,0.0000,53.3207,51.3369,5.7528,19.6402,12.6953,0.3029,25.0000,4.7244,11.1875,0.4187,41.7476,52.0168,13.0000,1.0000,8.0000,0.3459,2.0486,0.3459,1.2651
3879760,2016-02-28,Serie A,2015/2016,27.0000,Palermo,Bologna,H,Giuseppe Iachini,Roberto Donadoni,0.0000,0.0000,1.0000,45.2599,51.8692,3.6415,19.3275,13.2124,0.4496,11.7647,12.1951,13.1667,0.3575,48.4375,51.0462,15.0000,1.0000,7.0000,0.6690,0.9921,0.6690,0.9921
3879760,2016-02-28,Serie A,2015/2016,27.0000,Bologna,Palermo,A,Roberto Donadoni,Giuseppe Iachini,0.0000,0.0000,1.0000,54.7401,48.1308,4.7670,19.2072,10.7943,0.3551,11.1111,7.9710,12.2917,0.3671,43.5583,51.3895,14.0000,2.0000,17.0000,0.9921,0.6690,0.9921,0.6690
3879761,2016-02-28,Serie A,2015/2016,27.0000,Carpi,Atalanta,H,Fabrizio Castori,Edoardo Reja,1.0000,1.0000,1.0000,43.6782,44.3439,2.2393,24.9052,24.0458,0.5455,20.0000,13.4921,10.2500,0.3129,42.0290,50.8547,14.0000,0.0000,10.0000,1.4853,0.6577,0.7018,0.6577
3879761,2016-02-28,Serie A,2015/2016,27.0000,Atalanta,Carpi,A,Edoardo Reja,Fabrizio Castori,1.0000,1.0000,1.0000,56.3218,55.6561,3.3363,21.3224,14.3236,0.4504,0.0000,13.1034,7.3333,0.3392,37.9310,49.8486,11.0000,0.0000,13.0000,0.6577,1.4853,0.6577,0.7018
3879762,2016-02-28,Serie A,2015/2016,27.0000,Udinese,Hellas Verona,H,Stefano Colantuono,Luigi Delneri,2.0000,0.0000,3.0000,50.6593,44.6154,4.2947,20.5365,14.7059,0.4038,0.0000,9.8214,18.8824,0.3029,38.9706,51.4946,9.0000,2.0000,13.0000,2.3082,0.6706,2.3082,0.6706
3879762,2016-02-28,Serie A,2015/2016,27.0000,Hellas Verona,Udinese,A,Luigi Delneri,Stefano Colantuono,0.0000,2.0000,0.0000,49.3407,55.3846,3.8500,21.4290,15.8442,0.4195,14.2857,9.6552,12.3704,0.2711,49.6000,53.9064,11.0000,0.0000,11.0000,0.6706,2.3082,0.6706,2.3082
3879763,2016-02-28,Serie A,2015/2016,27.0000,Sampdoria,Frosinone,H,Vincenzo Montella,Roberto Stellone,2.0000,0.0000,3.0000,50.5992,63.8889,3.2020,20.2056,11.3565,0.3607,0.0000,14.1844,7.5278,0.4367,45.6790,56.9019,14.0000,0.0000,26.0000,1.5195,0.4470,1.5195,0.4470
3879763,2016-02-28,Serie A,2015/2016,27.0000,Frosinone,Sampdoria,A,Roberto Stellone,Vincenzo Montella,0.0000,2.0000,0.0000,49.4008,36.1111,3.2000,21.3186,17.4342,0.4699,33.3333,10.5263,7.6296,0.4158,30.3797,54.9144,12.0000,0.0000,14.0000,0.4470,1.5195,0.4470,1.5195
3879764,2016-02-28,Serie A,2015/2016,27.0000,Chievo,Genoa,H,Rolando Maran,Gian Piero Gasperini,1.0000,0.0000,3.0000,45.2539,45.0262,3.5446,21.9608,17.5978,0.4510,42.8571,6.0870,12.6296,0.3387,43.4524,50.2136,11.0000,1.0000,16.0000,1.3321,0.4412,1.3321,0.4412
3879764,2016-02-28,Serie A,2015/2016,27.0000,Genoa,Chievo,A,Gian Piero Gasperini,Rolando Maran,0.0000,1.0000,0.0000,54.7461,54.9738,4.1827,22.3664,19.5402,0.4064,18.1818,9.8592,13.7143,0.3463,42.2535,51.7292,11.0000,0.0000,11.0000,0.4412,1.3321,0.4412,1.3321
3879765,2016-02-29,Serie A,2015/2016,27.0000,Fiorentina,Napoli,H,Paulo Sousa,Maurizio Sarri,1.0000,1.0000,1.0000,48.8532,59.2437,5.5714,21.8971,12.4786,0.2801,25.0000,4.8193,22.5652,0.2840,53.6842,50.6514,10.0000,1.0000,12.0000,0.7527,0.8350,0.7527,0.8350
3879765,2016-02-29,Serie A,2015/2016,27.0000,Napoli,Fiorentina,A,Maurizio Sarri,Paulo Sousa,1.0000,1.0000,1.0000,51.1468,40.7563,6.6383,18.0489,9.1346,0.3058,57.1429,10.4478,18.2083,0.3318,35.8491,46.5020,9.0000,2.0000,6.0000,0.8350,0.7527,0.8350,0.7527
3879766,2016-02-29,Serie A,2015/2016,27.0000,Lazio,Sassuolo,H,Stefano Pioli,Eusebio Di Francesco,0.0000,2.0000,0.0000,62.5404,64.0316,3.7910,20.0712,15.3543,0.4319,0.0000,9.7826,6.8529,0.6178,42.7907,55.6834,23.0000,0.0000,15.0000,1.0948,1.9639,1.0948,1.1804
3879766,2016-02-29,Serie A,2015/2016,27.0000,Sassuolo,Lazio,A,Eusebio Di Francesco,Stefano Pioli,2.0000,0.0000,3.0000,37.4596,35.9684,2.6667,20.0052,13.5714,0.5511,14.2857,13.3333,9.2750,0.4836,39.1459,47.0687,15.0000,2.0000,8.0000,1.9639,1.0948,1.1804,1.0948
3879767,2016-03-04,Serie A,2015/2016,28.0000,AS Roma,Fiorentina,H,Luciano Spalletti,Paulo Sousa,4.0000,1.0000,3.0000,51.1263,59.2760,4.8947,18.4061,9.6774,0.2722,60.0000,6.9444,13.1786,0.3908,49.2308,54.1971,16.0000,0.0000,14.0000,2.0361,1.1254,2.0361,0.3419
3879767,2016-03-04,Serie A,2015/2016,28.0000,Fiorentina,AS Roma,A,Paulo Sousa,Luciano Spalletti,1.0000,4.0000,0.0000,48.8737,40.7240,3.8509,20.9717,14.5786,0.2865,40.0000,6.3636,10.0286,0.3946,45.1456,54.7333,15.0000,0.0000,11.0000,1.1254,2.0361,0.3419,2.0361
3879768,2016-03-05,Serie A,2015/2016,28.0000,Hellas Verona,Sampdoria,H,Luigi Delneri,Vincenzo Montella,0.0000,3.0000,0.0000,47.0588,67.0996,3.7207,20.6742,13.0751,0.3115,16.6667,18.6747,16.1538,0.3963,53.7383,55.5260,16.0000,0.0000,11.0000,1.6938,3.2112,1.6938,3.2112
3879768,2016-03-05,Serie A,2015/2016,28.0000,Sampdoria,Hellas Verona,A,Vincenzo Montella,Luigi Delneri,3.0000,0.0000,3.0000,52.9412,32.9004,4.9899,20.5894,13.3603,0.2735,45.4545,7.6923,10.4815,0.2896,34.5324,45.6711,9.0000,3.0000,16.0000,3.2112,1.6938,3.2112,1.6938
3879769,2016-03-05,Serie A,2015/2016,28.0000,Napoli,Chievo,H,Maurizio Sarri,Rolando Maran,3.0000,1.0000,3.0000,66.8530,72.2222,6.9391,17.2344,7.5188,0.2361,25.0000,10.2941,17.3158,0.3012,50.4000,58.8333,18.0000,0.0000,25.0000,3.1157,0.2982,3.1157,0.2982
3879769,2016-03-05,Serie A,2015/2016,28.0000,Chievo,Napoli,A,Rolando Maran,Maurizio Sarri,1.0000,3.0000,0.0000,33.1470,27.7778,3.5631,21.1893,16.6213,0.4505,13.3333,6.7416,19.5000,0.2174,36.2637,46.0185,11.0000,0.0000,8.0000,0.2982,3.1157,0.2982,3.1157
3879770,2016-03-06,Serie A,2015/2016,28.0000,Atalanta,Juventus,H,Edoardo Reja,Massimiliano Allegri,0.0000,2.0000,0.0000,43.2712,48.8889,3.4519,21.0911,15.5989,0.4527,0.0000,11.7647,13.4286,0.3303,33.7017,48.3135,15.0000,1.0000,13.0000,0.6105,1.1631,0.6105,1.1631
3879770,2016-03-06,Serie A,2015/2016,28.0000,Juventus,Atalanta,A,Massimiliano Allegri,Edoardo Reja,2.0000,0.0000,3.0000,56.7288,51.1111,4.8252,20.1342,12.0724,0.3286,14.2857,7.6923,10.0370,0.2943,39.8374,56.1404,14.0000,0.0000,9.0000,1.1631,0.6105,1.1631,0.6105
3879771,2016-03-06,Serie A,2015/2016,28.0000,Sassuolo,AC Milan,H,Eusebio Di Francesco,Siniša Mihajlović,2.0000,0.0000,3.0000,45.8204,48.2759,4.0000,20.8561,15.5612,0.4153,62.5000,8.3333,8.3333,0.3467,39.0110,51.9955,17.0000,0.0000,15.0000,1.0860,0.9924,1.0860,0.9924
3879771,2016-03-06,Serie A,2015/2016,28.0000,AC Milan,Sassuolo,A,Siniša Mihajlović,Eusebio Di Francesco,0.0000,2.0000,0.0000,54.1796,51.7241,3.9304,20.0165,10.3982,0.3987,37.5000,10.0671,11.3333,0.5293,35.7447,47.8422,17.0000,2.0000,14.0000,0.9924,1.0860,0.9924,1.0860
3879772,2016-03-06,Serie A,2015/2016,28.0000,Torino,Lazio,H,Gian Piero Ventura	,Stefano Pioli,1.0000,1.0000,1.0000,37.8902,34.6667,3.1546,24.2223,20.9150,0.4342,25.0000,10.6796,12.4000,0.3033,35.4286,47.9291,11.0000,0.0000,13.0000,2.0540,1.3799,1.2705,0.5964
3879772,2016-03-06,Serie A,2015/2016,28.0000,Lazio,Torino,A,Stefano Pioli,Gian Piero Ventura	,1.0000,1.0000,1.0000,62.1098,65.3333,4.5614,18.2008,7.8846,0.3114,20.0000,7.5269,6.5897,0.4773,50.5952,54.9679,13.0000,0.0000,12.0000,1.3799,2.0540,0.5964,1.2705
3879773,2016-03-06,Serie A,2015/2016,28.0000,Frosinone,Udinese,H,Roberto Stellone,Stefano Colantuono,2.0000,0.0000,3.0000,37.7976,44.3925,4.0833,23.0073,17.7843,0.4459,0.0000,8.5938,16.5385,0.3126,44.3878,52.6325,18.0000,1.0000,22.0000,1.1480,0.1411,1.1480,0.1411
3879773,2016-03-06,Serie A,2015/2016,28.0000,Udinese,Frosinone,A,Stefano Colantuono,Roberto Stellone,0.0000,2.0000,0.0000,62.2024,55.6075,6.2308,19.9477,13.5802,0.2837,0.0000,9.8684,17.4667,0.4016,43.1373,42.1000,6.0000,0.0000,6.0000,0.1411,1.1480,0.1411,1.1480
3879774,2016-03-06,Serie A,2015/2016,28.0000,Inter Milan,Palermo,H,Roberto Mancini,Giuseppe Iachini,3.0000,1.0000,3.0000,61.7816,54.7368,5.2857,18.6094,9.9662,0.2629,50.0000,8.8050,7.0606,0.5363,32.2430,47.4832,6.0000,0.0000,10.0000,1.1956,0.5665,1.1956,0.5665
3879774,2016-03-06,Serie A,2015/2016,28.0000,Palermo,Inter Milan,A,Giuseppe Iachini,Roberto Mancini,1.0000,3.0000,0.0000,38.2184,45.2632,3.1121,18.0713,10.8108,0.3865,0.0000,6.7669,16.8462,0.3566,46.5217,50.3621,13.0000,0.0000,9.0000,0.5665,1.1956,0.5665,1.1956
3879775,2016-03-06,Serie A,2015/2016,28.0000,Genoa,Empoli,H,Gian Piero Gasperini,Marco Giampaolo,1.0000,0.0000,3.0000,47.2387,70.2222,3.5812,21.2678,14.5585,0.3726,0.0000,6.5934,11.7027,0.4206,49.3333,55.0110,15.0000,2.0000,15.0000,1.3386,1.2903,1.3386,1.2903
3879775,2016-03-06,Serie A,2015/2016,28.0000,Empoli,Genoa,A,Marco Giampaolo,Gian Piero Gasperini,0.0000,1.0000,0.0000,52.7613,29.7778,4.3036,18.4895,10.5809,0.3522,50.0000,3.9604,9.3000,0.2944,43.2624,45.9308,13.0000,0.0000,10.0000,1.2903,1.3386,1.2903,1.3386
3879776,2016-03-06,Serie A,2015/2016,28.0000,Bologna,Carpi,H,Roberto Donadoni,Fabrizio Castori,0.0000,0.0000,1.0000,68.0810,77.5424,5.3967,20.0407,10.8729,0.2738,0.0000,10.4478,7.5294,0.3565,46.6102,61.4314,28.0000,0.0000,17.0000,1.0465,0.4575,1.0465,0.4575
3879776,2016-03-06,Serie A,2015/2016,28.0000,Carpi,Bologna,A,Fabrizio Castori,Roberto Donadoni,0.0000,0.0000,1.0000,31.9190,22.4576,3.0323,23.1779,21.6312,0.5210,0.0000,6.8966,15.6000,0.2762,32.3077,41.7136,2.0000,0.0000,6.0000,0.4575,1.0465,0.4575,1.0465
3879777,2016-03-11,Serie A,2015/2016,29.0000,Juventus,Sassuolo,H,Massimiliano Allegri,Eusebio Di Francesco,1.0000,0.0000,3.0000,51.3655,57.7982,4.1154,21.9431,14.9533,0.2834,16.6667,8.1301,13.3200,0.3715,42.4419,50.7404,9.0000,1.0000,16.0000,1.3631,0.4075,1.3631,0.4075
3879777,2016-03-11,Serie A,2015/2016,29.0000,Sassuolo,Juventus,A,Eusebio Di Francesco,Massimiliano Allegri,0.0000,1.0000,0.0000,48.6345,42.2018,4.2292,20.2412,12.5616,0.3331,0.0000,5.5046,10.4375,0.4070,43.2161,45.9661,7.0000,0.0000,7.0000,0.4075,1.3631,0.4075,1.3631
3879778,2016-03-12,Serie A,2015/2016,29.0000,Empoli,Sampdoria,H,Marco Giampaolo,Vincenzo Montella,1.0000,1.0000,1.0000,59.1757,61.3043,4.2937,19.0255,11.6451,0.3004,37.5000,6.1728,8.5758,0.3870,46.5839,53.9483,16.0000,4.0000,15.0000,1.7580,0.8562,1.7580,0.8562
3879778,2016-03-12,Serie A,2015/2016,29.0000,Sampdoria,Empoli,A,Vincenzo Montella,Marco Giampaolo,1.0000,1.0000,1.0000,40.8243,38.6957,3.9681,21.3828,14.7453,0.3894,0.0000,5.0847,12.9091,0.2421,36.9863,47.0761,6.0000,0.0000,13.0000,0.8562,1.7580,0.8562,1.7580
3879779,2016-03-12,Serie A,2015/2016,29.0000,Inter Milan,Bologna,H,Roberto Mancini,Roberto Donadoni,2.0000,1.0000,3.0000,59.5980,64.6586,5.1765,20.1614,13.6364,0.3036,50.0000,8.9385,9.7667,0.4627,44.6237,52.7162,13.0000,0.0000,17.0000,1.5830,0.5293,1.5830,0.5293
3879779,2016-03-12,Serie A,2015/2016,29.0000,Bologna,Inter Milan,A,Roberto Donadoni,Roberto Mancini,1.0000,2.0000,0.0000,40.4020,35.3414,3.6383,22.7353,18.1287,0.3360,18.1818,7.0000,20.3158,0.3558,40.2844,45.7460,11.0000,0.0000,6.0000,0.5293,1.5830,0.5293,1.5830
3879780,2016-03-13,Serie A,2015/2016,29.0000,Fiorentina,Hellas Verona,H,Paulo Sousa,Luigi Delneri,1.0000,1.0000,1.0000,63.1031,60.6061,4.7054,20.0778,9.3904,0.2429,22.2222,8.7719,12.2800,0.3923,45.7516,48.1960,6.0000,0.0000,10.0000,0.6928,0.5880,0.6928,0.5880
3879780,2016-03-13,Serie A,2015/2016,29.0000,Hellas Verona,Fiorentina,A,Luigi Delneri,Paulo Sousa,1.0000,1.0000,1.0000,36.8969,39.3939,3.6809,20.9094,14.1618,0.3547,14.2857,7.4074,18.9630,0.2849,41.5789,45.5189,3.0000,0.0000,12.0000,0.5880,0.6928,0.5880,0.6928
3879781,2016-03-13,Serie A,2015/2016,29.0000,Chievo,AC Milan,H,Rolando Maran,Siniša Mihajlović,0.0000,0.0000,1.0000,40.0000,44.3299,3.6421,20.3051,15.0289,0.4194,22.2222,6.7961,15.1724,0.3350,39.1960,52.8333,17.0000,2.0000,19.0000,0.9168,0.4803,0.9168,0.4803
3879781,2016-03-13,Serie A,2015/2016,29.0000,AC Milan,Chievo,A,Siniša Mihajlović,Rolando Maran,0.0000,0.0000,1.0000,60.0000,55.6701,5.8085,18.8450,8.9744,0.2948,11.1111,10.2941,11.2800,0.2828,42.8571,53.7000,8.0000,0.0000,10.0000,0.4803,0.9168,0.4803,0.9168
3879782,2016-03-13,Serie A,2015/2016,29.0000,Carpi,Frosinone,H,Fabrizio Castori,Roberto Stellone,2.0000,1.0000,3.0000,44.0217,40.4762,3.6495,22.6091,17.2316,0.5663,10.0000,10.9375,12.8519,0.4078,39.5238,52.3024,14.0000,1.0000,12.0000,1.7183,0.8738,0.9348,0.8738
3879782,2016-03-13,Serie A,2015/2016,29.0000,Frosinone,Carpi,A,Roberto Stellone,Fabrizio Castori,1.0000,2.0000,0.0000,55.9783,59.5238,3.7692,21.2820,15.4195,0.4833,22.2222,12.5786,11.0385,0.4025,44.1718,51.0721,18.0000,1.0000,13.0000,0.8738,1.7183,0.8738,0.9348
3879783,2016-03-13,Serie A,2015/2016,29.0000,Udinese,AS Roma,H,Stefano Colantuono,Luciano Spalletti,1.0000,2.0000,0.0000,38.5417,30.0366,3.2804,20.5756,14.8148,0.4869,10.0000,12.7273,21.8889,0.3143,30.8824,36.4961,2.0000,0.0000,10.0000,0.4118,1.6047,0.4118,1.6047
3879783,2016-03-13,Serie A,2015/2016,29.0000,AS Roma,Udinese,A,Luciano Spalletti,Stefano Colantuono,2.0000,1.0000,3.0000,61.4583,69.9634,5.3545,18.3073,8.8285,0.3478,54.5455,7.7273,10.8571,0.3047,58.0645,55.3398,10.0000,0.0000,15.0000,1.6047,0.4118,1.6047,0.4118
3879784,2016-03-13,Serie A,2015/2016,29.0000,Genoa,Torino,H,Gian Piero Gasperini,Gian Piero Ventura	,3.0000,2.0000,3.0000,52.7233,52.4752,4.2871,20.5892,11.5473,0.3518,37.5000,9.2199,18.2353,0.3687,56.2500,51.4495,17.0000,0.0000,13.0000,2.3297,0.8601,0.7627,0.8601
3879784,2016-03-13,Serie A,2015/2016,29.0000,Torino,Genoa,A,Gian Piero Ventura	,Gian Piero Gasperini,2.0000,3.0000,0.0000,47.2767,47.5248,3.8384,21.9961,17.1053,0.4088,55.5556,12.2951,15.0455,0.3719,38.3333,43.2302,7.0000,0.0000,8.0000,0.8601,2.3297,0.8601,0.7627
3879785,2016-03-13,Serie A,2015/2016,29.0000,Lazio,Atalanta,H,Stefano Pioli,Edoardo Reja,2.0000,0.0000,3.0000,52.3810,40.0966,3.5574,20.5787,14.9770,0.4033,25.0000,8.1818,14.4286,0.4239,46.1538,48.7413,6.0000,2.0000,5.0000,0.9671,0.8767,0.9671,0.8767
3879785,2016-03-13,Serie A,2015/2016,29.0000,Atalanta,Lazio,A,Edoardo Reja,Stefano Pioli,0.0000,2.0000,0.0000,47.6190,59.9034,3.5487,21.0997,17.4564,0.4737,20.0000,11.6129,10.1892,0.4328,47.0320,50.6336,15.0000,0.0000,11.0000,0.8767,0.9671,0.8767,0.9671
3879786,2016-03-13,Serie A,2015/2016,29.0000,Palermo,Napoli,H,Walter Novellino,Maurizio Sarri,0.0000,1.0000,0.0000,26.1551,21.3333,2.8000,21.6072,18.5714,0.5125,7.6923,11.2500,23.4231,0.3181,35.3333,41.2157,9.0000,0.0000,5.0000,0.2402,1.9511,0.2402,1.1676
3879786,2016-03-13,Serie A,2015/2016,29.0000,Napoli,Palermo,A,Maurizio Sarri,Walter Novellino,1.0000,0.0000,3.0000,73.8449,78.6667,7.5424,16.4504,6.2921,0.2409,100.0000,5.7915,9.6154,0.4431,56.0811,64.0971,19.0000,2.0000,18.0000,1.9511,0.2402,1.1676,0.2402
3879787,2016-03-19,Serie A,2015/2016,30.0000,AS Roma,Inter Milan,H,Luciano Spalletti,Roberto Mancini,1.0000,1.0000,1.0000,57.9600,64.0187,5.2286,18.8936,11.1111,0.3295,83.3333,8.9820,9.3889,0.4104,54.1436,57.5346,14.0000,0.0000,18.0000,1.2867,0.3486,1.2867,0.3486
3879787,2016-03-19,Serie A,2015/2016,30.0000,Inter Milan,AS Roma,A,Roberto Mancini,Luciano Spalletti,1.0000,1.0000,1.0000,42.0400,35.9813,3.9588,19.2485,10.6771,0.3757,20.0000,10.1010,16.0769,0.3684,40.1786,46.6851,5.0000,1.0000,6.0000,0.3486,1.2867,0.3486,1.2867
3879788,2016-03-19,Serie A,2015/2016,30.0000,Empoli,Palermo,H,Marco Giampaolo,Walter Novellino,0.0000,0.0000,1.0000,58.0296,50.4808,5.3200,19.1625,9.3985,0.3214,100.0000,5.0725,10.8889,0.3850,36.5854,49.3071,11.0000,0.0000,12.0000,0.6349,0.6243,0.6349,0.6243
3879788,2016-03-19,Serie A,2015/2016,30.0000,Palermo,Empoli,A,Walter Novellino,Marco Giampaolo,0.0000,0.0000,1.0000,41.9704,49.5192,3.7653,19.1235,11.9241,0.4172,0.0000,10.2564,14.5806,0.2784,38.4146,54.6611,14.0000,0.0000,13.0000,0.6243,0.6349,0.6243,0.6349
3879789,2016-03-20,Serie A,2015/2016,30.0000,Frosinone,Fiorentina,H,Roberto Stellone,Paulo Sousa,0.0000,0.0000,1.0000,32.8459,29.2683,2.6222,23.1245,19.0678,0.5345,5.8824,10.5263,9.3514,0.3484,39.4231,51.6263,19.0000,1.0000,14.0000,0.7191,1.6370,0.7191,1.6370
3879789,2016-03-20,Serie A,2015/2016,30.0000,Fiorentina,Frosinone,A,Paulo Sousa,Roberto Stellone,0.0000,0.0000,1.0000,67.1541,70.7317,4.8455,20.1063,11.0694,0.3167,16.6667,8.6735,10.0000,0.5068,49.3243,56.1867,23.0000,0.0000,25.0000,1.6370,0.7191,1.6370,0.7191
3879790,2016-03-20,Serie A,2015/2016,30.0000,Torino,Juventus,H,Gian Piero Ventura	,Massimiliano Allegri,1.0000,4.0000,0.0000,42.6759,45.0331,3.6180,22.1995,15.5280,0.3636,33.3333,6.9767,11.3939,0.4024,31.5000,47.6715,11.0000,0.0000,10.0000,1.5293,1.3920,0.7458,1.3920
3879790,2016-03-20,Serie A,2015/2016,30.0000,Juventus,Torino,A,Massimiliano Allegri,Gian Piero Ventura	,4.0000,1.0000,3.0000,57.3241,54.9669,4.4400,20.3270,11.7117,0.2868,60.0000,3.8462,11.6250,0.3946,52.0548,53.7216,9.0000,1.0000,14.0000,1.3920,1.5293,1.3920,0.7458
3879791,2016-03-20,Serie A,2015/2016,30.0000,AC Milan,Lazio,H,Siniša Mihajlović,Stefano Pioli,1.0000,1.0000,1.0000,56.2842,63.7363,3.8276,20.0850,13.7387,0.3692,33.3333,8.1633,12.7917,0.3350,52.2388,50.8711,10.0000,0.0000,21.0000,1.4918,0.4235,1.4918,0.4235
3879791,2016-03-20,Serie A,2015/2016,30.0000,Lazio,AC Milan,A,Stefano Pioli,Siniša Mihajlović,1.0000,1.0000,1.0000,43.7158,36.2637,3.9778,20.1355,12.8492,0.4257,12.5000,10.7527,10.1429,0.4194,35.6481,49.1786,9.0000,2.0000,9.0000,0.4235,1.4918,0.4235,1.4918
3879792,2016-03-20,Serie A,2015/2016,30.0000,Sampdoria,Chievo,H,Vincenzo Montella,Rolando Maran,0.0000,1.0000,0.0000,63.4304,66.8182,4.9524,21.9800,14.2308,0.3254,62.5000,7.0588,8.4483,0.2950,52.0000,58.1135,14.0000,0.0000,16.0000,1.3993,1.8620,1.3993,1.0785
3879792,2016-03-20,Serie A,2015/2016,30.0000,Chievo,Sampdoria,A,Rolando Maran,Vincenzo Montella,1.0000,0.0000,3.0000,36.5696,33.1818,3.0538,22.3300,20.0704,0.4924,0.0000,8.7912,15.8800,0.2415,33.8028,50.7978,11.0000,0.0000,12.0000,1.8620,1.3993,1.0785,1.3993
3879793,2016-03-20,Serie A,2015/2016,30.0000,Sassuolo,Udinese,H,Eusebio Di Francesco,Luigi De Canio,1.0000,1.0000,1.0000,60.8556,60.6965,4.3860,20.5726,15.0000,0.4234,50.0000,10.0629,9.2857,0.4153,52.6316,53.5343,14.0000,1.0000,13.0000,0.7450,1.2366,0.7450,1.2366
3879793,2016-03-20,Serie A,2015/2016,30.0000,Udinese,Sassuolo,A,Luigi De Canio,Eusebio Di Francesco,1.0000,1.0000,1.0000,39.1444,39.3035,3.0588,21.5608,16.9872,0.5319,0.0000,11.1111,13.7931,0.2759,38.8535,46.8472,11.0000,0.0000,8.0000,1.2366,0.7450,1.2366,0.7450
3879794,2016-03-20,Serie A,2015/2016,30.0000,Atalanta,Bologna,H,Edoardo Reja,Roberto Donadoni,2.0000,0.0000,3.0000,46.4052,50.2564,3.6337,21.0994,13.6240,0.3817,0.0000,18.1034,11.8621,0.3516,26.5896,46.8716,9.0000,2.0000,15.0000,3.2625,0.5218,2.4790,0.5218
3879794,2016-03-20,Serie A,2015/2016,30.0000,Bologna,Atalanta,A,Roberto Donadoni,Edoardo Reja,0.0000,2.0000,0.0000,53.5948,49.7436,4.3600,20.0585,11.9266,0.3865,25.0000,8.1481,11.2963,0.2770,52.5424,52.5366,11.0000,0.0000,9.0000,0.5218,3.2625,0.5218,2.4790
3879795,2016-03-20,Serie A,2015/2016,30.0000,Hellas Verona,Carpi,H,Luigi Delneri,Fabrizio Castori,1.0000,2.0000,0.0000,62.8308,63.0332,4.6923,21.8296,12.5000,0.4173,14.2857,12.7273,7.0625,0.4675,53.6424,53.3595,16.0000,0.0000,10.0000,1.0389,1.2645,1.0389,1.2645
3879795,2016-03-20,Serie A,2015/2016,30.0000,Carpi,Hellas Verona,A,Fabrizio Castori,Luigi Delneri,2.0000,1.0000,3.0000,37.1692,36.9668,2.6465,23.6850,22.1374,0.6161,0.0000,7.7670,13.7143,0.2692,46.2585,44.8854,10.0000,0.0000,11.0000,1.2645,1.0389,1.2645,1.0389
3879796,2016-03-20,Serie A,2015/2016,30.0000,Napoli,Genoa,H,Maurizio Sarri,Gian Piero Gasperini,3.0000,1.0000,3.0000,71.3922,81.4394,6.4417,17.7584,9.9612,0.2871,83.3333,11.6183,10.4000,0.3947,45.1128,53.4809,21.0000,1.0000,23.0000,2.7726,0.6152,2.7726,0.6152
3879796,2016-03-20,Serie A,2015/2016,30.0000,Genoa,Napoli,A,Gian Piero Gasperini,Maurizio Sarri,1.0000,3.0000,0.0000,28.6078,18.5606,3.1758,22.3084,17.3010,0.5645,14.2857,5.1282,19.2143,0.2319,33.8462,45.8948,8.0000,1.0000,9.0000,0.6152,2.7726,0.6152,2.7726
3879797,2016-04-02,Serie A,2015/2016,31.0000,Carpi,Sassuolo,H,Fabrizio Castori,Eusebio Di Francesco,1.0000,3.0000,0.0000,43.5259,47.8673,3.0932,22.1771,16.4384,0.4695,14.2857,11.1940,13.4516,0.3968,52.0000,52.4214,8.0000,0.0000,11.0000,1.3242,1.4528,1.3242,1.4528
3879797,2016-04-02,Serie A,2015/2016,31.0000,Sassuolo,Carpi,A,Eusebio Di Francesco,Fabrizio Castori,3.0000,1.0000,3.0000,56.4741,52.1327,5.3958,21.4989,14.2857,0.3817,38.4615,8.9041,15.5789,0.3043,37.5940,40.4028,6.0000,1.0000,9.0000,1.4528,1.3242,1.4528,1.3242
3879798,2016-04-02,Serie A,2015/2016,31.0000,Juventus,Empoli,H,Massimiliano Allegri,Marco Giampaolo,1.0000,0.0000,3.0000,41.2381,58.2090,4.3523,21.9168,15.4047,0.3394,60.0000,6.6176,12.3158,0.2285,37.5887,56.5478,12.0000,0.0000,20.0000,1.8941,0.4495,1.8941,0.4495
3879798,2016-04-02,Serie A,2015/2016,31.0000,Empoli,Juventus,A,Marco Giampaolo,Massimiliano Allegri,0.0000,1.0000,0.0000,58.7619,41.7910,5.5800,17.7657,8.7814,0.3082,50.0000,5.0420,10.6296,0.4018,45.4023,47.3418,10.0000,0.0000,10.0000,0.4495,1.8941,0.4495,1.8941
3879799,2016-04-03,Serie A,2015/2016,31.0000,Lazio,AS Roma,H,Stefano Pioli,Luciano Spalletti,1.0000,4.0000,0.0000,42.0335,46.4481,3.3137,19.3916,12.1302,0.4248,0.0000,6.7308,16.2400,0.3599,45.2261,47.6541,8.0000,0.0000,18.0000,2.3887,1.4470,2.3887,1.4470
3879799,2016-04-03,Serie A,2015/2016,31.0000,AS Roma,Lazio,A,Luciano Spalletti,Stefano Pioli,4.0000,1.0000,3.0000,57.9665,53.5519,5.2526,20.1072,11.2224,0.2995,22.2222,8.7302,9.7586,0.5312,47.4178,52.1058,13.0000,0.0000,18.0000,1.4470,2.3887,1.4470,2.3887
3879800,2016-04-03,Serie A,2015/2016,31.0000,Fiorentina,Sampdoria,H,Paulo Sousa,Vincenzo Montella,1.0000,1.0000,1.0000,59.1051,55.8685,5.6196,20.3122,10.2515,0.2621,0.0000,6.8027,9.3448,0.4453,47.4286,55.2959,13.0000,0.0000,20.0000,1.0657,0.2779,1.0657,0.2779
3879800,2016-04-03,Serie A,2015/2016,31.0000,Sampdoria,Fiorentina,A,Vincenzo Montella,Paulo Sousa,1.0000,1.0000,1.0000,40.8949,44.1315,4.9028,22.5482,15.8640,0.3650,37.5000,8.5470,11.5429,0.3539,38.3085,48.6441,15.0000,0.0000,8.0000,0.2779,1.0657,0.2779,1.0657
3879801,2016-04-03,Serie A,2015/2016,31.0000,Inter Milan,Torino,H,Roberto Mancini,Gian Piero Ventura	,1.0000,2.0000,0.0000,59.9434,76.1261,6.5506,18.8604,9.4340,0.2067,25.0000,7.7348,11.4667,0.4141,57.9545,57.3024,11.0000,0.0000,12.0000,1.7584,1.7562,0.9749,0.9727
3879801,2016-04-03,Serie A,2015/2016,31.0000,Torino,Inter Milan,A,Gian Piero Ventura	,Roberto Mancini,2.0000,1.0000,3.0000,40.0566,23.8739,5.3239,21.2781,12.9630,0.2458,50.0000,12.5000,19.1500,0.3286,27.2727,42.1953,1.0000,1.0000,13.0000,1.7562,1.7584,0.9727,0.9749
3879802,2016-04-03,Serie A,2015/2016,31.0000,Chievo,Palermo,H,Rolando Maran,Walter Novellino,3.0000,1.0000,3.0000,49.9517,36.7965,4.4808,21.3244,13.5193,0.3563,18.1818,6.8966,11.3793,0.4344,34.2222,47.6933,7.0000,0.0000,9.0000,1.4010,1.8230,1.4010,1.8230
3879802,2016-04-03,Serie A,2015/2016,31.0000,Palermo,Chievo,A,Walter Novellino,Rolando Maran,1.0000,3.0000,0.0000,50.0483,63.2035,3.9735,19.9675,12.2494,0.3490,0.0000,13.4969,13.5862,0.2592,41.0448,54.4109,16.0000,0.0000,14.0000,1.8230,1.4010,1.8230,1.4010
3879803,2016-04-03,Serie A,2015/2016,31.0000,Udinese,Napoli,H,Luigi De Canio,Maurizio Sarri,3.0000,1.0000,3.0000,32.7664,35.4167,2.7126,23.9113,21.6102,0.5087,0.0000,10.2041,11.5556,0.2715,37.2671,52.3009,17.0000,1.0000,11.0000,2.6725,0.6701,1.1055,0.6701
3879803,2016-04-03,Serie A,2015/2016,31.0000,Napoli,Udinese,A,Maurizio Sarri,Luigi De Canio,1.0000,3.0000,0.0000,67.2336,64.5833,5.3600,18.3059,10.6343,0.3567,66.6667,4.6512,10.5789,0.4152,40.8333,50.4835,15.0000,1.0000,13.0000,0.6701,2.6725,0.6701,1.1055
3879804,2016-04-03,Serie A,2015/2016,31.0000,Genoa,Frosinone,H,Gian Piero Gasperini,Roberto Stellone,4.0000,0.0000,3.0000,59.6556,63.9594,4.2500,18.6510,9.8824,0.3642,10.0000,7.6923,9.6087,0.4451,39.0411,50.7832,9.0000,2.0000,20.0000,1.5621,0.4436,1.5621,0.4436
3879804,2016-04-03,Serie A,2015/2016,31.0000,Frosinone,Genoa,A,Roberto Stellone,Gian Piero Gasperini,0.0000,4.0000,0.0000,40.3444,36.0406,2.8617,22.2487,18.2156,0.5241,0.0000,6.4516,12.9583,0.2990,42.0690,48.2160,8.0000,1.0000,9.0000,0.4436,1.5621,0.4436,1.5621
3879805,2016-04-03,Serie A,2015/2016,31.0000,Atalanta,AC Milan,H,Edoardo Reja,Siniša Mihajlović,2.0000,1.0000,3.0000,48.3023,50.0000,3.7745,20.9626,16.8831,0.3989,0.0000,15.7025,11.3333,0.4216,38.1910,49.9308,9.0000,0.0000,10.0000,1.0327,1.4700,1.0327,0.6865
3879805,2016-04-03,Serie A,2015/2016,31.0000,AC Milan,Atalanta,A,Siniša Mihajlović,Edoardo Reja,1.0000,2.0000,0.0000,51.6977,50.0000,3.9333,19.8330,10.1695,0.3448,16.6667,5.0420,9.3030,0.5125,42.0354,50.0224,10.0000,0.0000,14.0000,1.4700,1.0327,0.6865,1.0327
3879806,2016-04-04,Serie A,2015/2016,31.0000,Bologna,Hellas Verona,H,Roberto Donadoni,Luigi Delneri,0.0000,1.0000,0.0000,58.2627,65.1163,4.7379,21.0577,12.9098,0.3346,37.5000,8.4270,8.2778,0.3782,53.6913,53.6250,13.0000,0.0000,9.0000,0.6412,0.4146,0.6412,0.4146
3879806,2016-04-04,Serie A,2015/2016,31.0000,Hellas Verona,Bologna,A,Luigi Delneri,Roberto Donadoni,1.0000,0.0000,3.0000,41.7373,34.8837,3.2427,20.6472,16.4671,0.4214,0.0000,14.1176,14.0400,0.3309,21.4286,41.5705,5.0000,0.0000,4.0000,0.4146,0.6412,0.4146,0.6412
3879807,2016-04-09,Serie A,2015/2016,32.0000,Chievo,Carpi,H,Rolando Maran,Fabrizio Castori,1.0000,0.0000,3.0000,61.8274,56.7568,5.3238,20.7706,15.5635,0.3680,11.1111,10.7143,10.3750,0.3378,40.9449,52.1752,13.0000,0.0000,17.0000,1.1969,0.8738,1.1969,0.8738
3879807,2016-04-09,Serie A,2015/2016,32.0000,Carpi,Chievo,A,Fabrizio Castori,Rolando Maran,0.0000,1.0000,0.0000,38.1726,43.2432,3.0098,20.2349,16.2866,0.5069,0.0000,7.8125,14.3667,0.3169,42.4870,53.0609,15.0000,0.0000,13.0000,0.8738,1.1969,0.8738,1.1969
3879808,2016-04-09,Serie A,2015/2016,32.0000,Frosinone,Inter Milan,H,Roberto Stellone,Roberto Mancini,0.0000,1.0000,0.0000,36.1814,32.3770,3.1304,23.9993,18.0556,0.4898,0.0000,5.5046,12.6207,0.3669,38.2883,48.1576,5.0000,1.0000,16.0000,0.8804,2.1671,0.8804,2.1671
3879808,2016-04-09,Serie A,2015/2016,32.0000,Inter Milan,Frosinone,A,Roberto Mancini,Roberto Stellone,1.0000,0.0000,3.0000,63.8186,67.6230,4.8649,21.0631,11.4815,0.3173,22.2222,8.9474,12.3158,0.4198,36.8056,50.5562,14.0000,0.0000,20.0000,2.1671,0.8804,2.1671,0.8804
3879809,2016-04-09,Serie A,2015/2016,32.0000,Sassuolo,Genoa,H,Eusebio Di Francesco,Gian Piero Gasperini,0.0000,1.0000,0.0000,60.7948,73.9130,4.5413,20.8662,11.9192,0.3575,62.5000,13.0000,10.4815,0.3890,55.6338,60.7733,23.0000,0.0000,17.0000,1.0377,0.7132,1.0377,0.7132
3879809,2016-04-09,Serie A,2015/2016,32.0000,Genoa,Sassuolo,A,Gian Piero Gasperini,Eusebio Di Francesco,1.0000,0.0000,3.0000,39.2052,26.0870,3.6512,22.2229,18.4713,0.4775,7.6923,9.6386,17.4000,0.3039,37.7907,40.9286,8.0000,0.0000,9.0000,0.7132,1.0377,0.7132,1.0377
3879810,2016-04-09,Serie A,2015/2016,32.0000,AC Milan,Juventus,H,Siniša Mihajlović,Massimiliano Allegri,1.0000,2.0000,0.0000,44.8009,41.1429,4.0114,21.2338,12.7479,0.3228,0.0000,7.7778,8.8293,0.4369,44.4954,53.2826,12.0000,1.0000,12.0000,1.2224,0.8437,1.2224,0.8437
3879810,2016-04-09,Serie A,2015/2016,32.0000,Juventus,AC Milan,A,Massimiliano Allegri,Siniša Mihajlović,2.0000,1.0000,3.0000,55.1991,58.8571,5.0337,20.0402,12.5000,0.2694,40.0000,8.7719,11.1481,0.3136,42.5197,50.5852,10.0000,0.0000,10.0000,0.8437,1.2224,0.8437,1.2224
3879811,2016-04-10,Serie A,2015/2016,32.0000,Napoli,Hellas Verona,H,Maurizio Sarri,Luigi Delneri,3.0000,0.0000,3.0000,60.9306,63.4615,6.8125,17.8491,7.6453,0.2521,75.0000,6.1728,12.6071,0.3685,60.3659,56.0689,21.0000,0.0000,19.0000,3.1770,0.3878,2.3935,0.3878
3879811,2016-04-10,Serie A,2015/2016,32.0000,Hellas Verona,Napoli,A,Luigi Delneri,Maurizio Sarri,0.0000,3.0000,0.0000,39.0694,36.5385,4.5455,21.6917,14.2500,0.3211,0.0000,8.6957,26.8824,0.2622,30.7692,42.2017,11.0000,0.0000,8.0000,0.3878,3.1770,0.3878,2.3935
3879812,2016-04-10,Serie A,2015/2016,32.0000,Palermo,Lazio,H,Walter Novellino,Simone Inzaghi,0.0000,3.0000,0.0000,33.0325,34.5865,3.4194,19.9610,15.0943,0.4550,9.0909,5.8333,18.0000,0.2588,55.7292,54.2317,8.0000,0.0000,7.0000,0.3264,2.5890,0.3264,2.5890
3879812,2016-04-10,Serie A,2015/2016,32.0000,Lazio,Palermo,A,Simone Inzaghi,Walter Novellino,3.0000,0.0000,3.0000,66.9675,65.4135,5.9561,20.0536,12.5184,0.2007,60.0000,10.9948,8.3448,0.3306,38.8430,53.1040,12.0000,0.0000,19.0000,2.5890,0.3264,2.5890,0.3264
3879813,2016-04-10,Serie A,2015/2016,32.0000,Sampdoria,Udinese,H,Vincenzo Montella,Luigi De Canio,2.0000,0.0000,3.0000,50.9583,45.6000,4.6207,21.3666,14.1791,0.4406,36.3636,9.6154,14.4211,0.3126,44.1176,53.5493,10.0000,0.0000,15.0000,1.8572,1.3175,1.8572,1.3175
3879813,2016-04-10,Serie A,2015/2016,32.0000,Udinese,Sampdoria,A,Luigi De Canio,Vincenzo Montella,0.0000,2.0000,0.0000,49.0417,54.4000,3.5238,21.9515,16.7568,0.4517,25.0000,13.9241,16.3889,0.3230,37.6712,55.9535,16.0000,1.0000,16.0000,1.3175,1.8572,1.3175,1.8572
3879814,2016-04-10,Serie A,2015/2016,32.0000,Empoli,Fiorentina,H,Marco Giampaolo,Paulo Sousa,2.0000,0.0000,3.0000,41.4830,29.9517,3.4902,18.4674,11.5169,0.4355,14.2857,11.2500,10.2564,0.3271,41.8848,52.2023,11.0000,0.0000,7.0000,0.8256,1.5682,0.8256,1.5682
3879814,2016-04-10,Serie A,2015/2016,32.0000,Fiorentina,Empoli,A,Paulo Sousa,Marco Giampaolo,0.0000,2.0000,0.0000,58.5170,70.0483,5.0571,20.2348,12.0527,0.3023,50.0000,8.2418,7.4186,0.4082,47.3373,51.7052,15.0000,0.0000,22.0000,1.5682,0.8256,1.5682,0.8256
3879815,2016-04-10,Serie A,2015/2016,32.0000,Torino,Atalanta,H,Gian Piero Ventura	,Edoardo Reja,2.0000,1.0000,3.0000,41.8356,32.2581,3.7500,22.7888,18.5507,0.3537,25.0000,10.9589,19.8947,0.3101,37.8698,44.5800,5.0000,0.0000,5.0000,0.6433,0.7396,0.6433,0.7396
3879815,2016-04-10,Serie A,2015/2016,32.0000,Atalanta,Torino,A,Edoardo Reja,Gian Piero Ventura	,1.0000,2.0000,0.0000,58.1644,67.7419,5.5222,21.4833,12.6761,0.2482,33.3333,11.9403,10.3548,0.3750,46.2585,56.2161,11.0000,0.0000,16.0000,0.7396,0.6433,0.7396,0.6433
3879816,2016-04-11,Serie A,2015/2016,32.0000,AS Roma,Bologna,H,Luciano Spalletti,Roberto Donadoni,1.0000,1.0000,1.0000,67.0475,76.3066,6.7238,18.6993,9.4901,0.2828,100.0000,9.1270,11.3333,0.4080,55.5556,62.9723,23.0000,0.0000,16.0000,1.3340,0.3386,1.3340,0.3386
3879816,2016-04-11,Serie A,2015/2016,32.0000,Bologna,AS Roma,A,Roberto Donadoni,Luciano Spalletti,1.0000,1.0000,1.0000,32.9525,23.6934,3.3474,20.9593,15.0943,0.4386,8.3333,6.7416,21.9524,0.2857,33.4862,37.8093,4.0000,0.0000,7.0000,0.3386,1.3340,0.3386,1.3340
3879817,2016-04-16,Serie A,2015/2016,33.0000,Inter Milan,Napoli,H,Roberto Mancini,Maurizio Sarri,2.0000,0.0000,3.0000,36.2007,42.1986,4.0230,21.7801,17.7143,0.4019,20.0000,11.5385,16.9286,0.2669,40.0000,49.9858,15.0000,1.0000,12.0000,1.4871,0.3013,1.4871,0.3013
3879817,2016-04-16,Serie A,2015/2016,33.0000,Napoli,Inter Milan,A,Maurizio Sarri,Roberto Mancini,0.0000,2.0000,0.0000,63.7993,57.8014,6.7143,17.6502,7.9027,0.2655,40.0000,6.6298,14.2222,0.3094,39.2000,50.0454,13.0000,0.0000,10.0000,0.3013,1.4871,0.3013,1.4871
3879818,2016-04-16,Serie A,2015/2016,33.0000,Bologna,Torino,H,Roberto Donadoni,Gian Piero Ventura	,0.0000,1.0000,0.0000,52.8131,74.4898,6.0575,20.2090,11.5750,0.2129,25.0000,4.1176,13.3030,0.3365,65.1429,63.4333,12.0000,1.0000,8.0000,0.5794,1.0734,0.5794,0.2899
3879818,2016-04-16,Serie A,2015/2016,33.0000,Torino,Bologna,A,Gian Piero Ventura	,Roberto Donadoni,1.0000,0.0000,3.0000,47.1869,25.5102,6.4000,21.5765,11.6667,0.2225,60.0000,10.6061,13.2963,0.3041,22.0339,41.2760,3.0000,1.0000,6.0000,1.0734,0.5794,0.2899,0.5794
3879819,2016-04-16,Serie A,2015/2016,33.0000,Carpi,Genoa,H,Fabrizio Castori,Gian Piero Gasperini,4.0000,1.0000,3.0000,47.8953,45.4936,3.4393,21.3918,16.3043,0.3802,14.2857,10.4895,8.7879,0.3886,43.8202,54.0367,17.0000,3.0000,15.0000,1.9425,1.4863,1.9425,1.4863
3879819,2016-04-16,Serie A,2015/2016,33.0000,Genoa,Carpi,A,Gian Piero Gasperini,Fabrizio Castori,1.0000,4.0000,0.0000,52.1047,54.5064,3.6455,20.8094,12.9676,0.4185,12.5000,13.3333,10.0370,0.3468,30.1370,46.5553,15.0000,1.0000,16.0000,1.4863,1.9425,1.4863,1.9425
3879820,2016-04-17,Serie A,2015/2016,33.0000,Juventus,Palermo,H,Massimiliano Allegri,Davide Ballardini,4.0000,0.0000,3.0000,60.1852,52.5581,6.1494,20.9366,11.2150,0.2073,37.5000,10.5691,7.1515,0.3747,40.0000,55.3100,14.0000,1.0000,17.0000,1.5786,0.4908,1.5786,0.4908
3879820,2016-04-17,Serie A,2015/2016,33.0000,Palermo,Juventus,A,Davide Ballardini,Massimiliano Allegri,0.0000,4.0000,0.0000,39.8148,47.4419,3.5667,16.9374,8.0997,0.3576,0.0000,7.3394,16.4615,0.2821,38.7879,47.3453,8.0000,0.0000,10.0000,0.4908,1.5786,0.4908,1.5786
3879821,2016-04-17,Serie A,2015/2016,33.0000,Fiorentina,Sassuolo,H,Paulo Sousa,Eusebio Di Francesco,3.0000,1.0000,3.0000,51.2876,50.0000,5.0353,21.7228,14.7196,0.2865,11.1111,12.9771,9.2857,0.3767,49.7076,51.2125,10.0000,0.0000,13.0000,1.2142,1.4884,1.2142,1.4884
3879821,2016-04-17,Serie A,2015/2016,33.0000,Sassuolo,Fiorentina,A,Eusebio Di Francesco,Paulo Sousa,1.0000,3.0000,0.0000,48.7124,50.0000,4.4045,21.3982,15.8163,0.4033,42.8571,10.9375,12.8846,0.3577,52.0468,53.2588,15.0000,0.0000,9.0000,1.4884,1.2142,1.4884,1.2142
3879822,2016-04-17,Serie A,2015/2016,33.0000,Udinese,Chievo,H,Luigi De Canio,Rolando Maran,0.0000,0.0000,1.0000,45.7646,63.8743,3.5196,21.5484,14.2061,0.4411,0.0000,8.1081,15.9167,0.2921,39.5833,54.4692,16.0000,3.0000,16.0000,1.5302,0.1906,1.5302,0.1906
3879822,2016-04-17,Serie A,2015/2016,33.0000,Chievo,Udinese,A,Rolando Maran,Luigi De Canio,0.0000,0.0000,1.0000,54.2354,36.1257,4.6000,20.5719,12.8146,0.3451,11.1111,6.3063,11.7727,0.3173,34.8485,46.8144,6.0000,0.0000,5.0000,0.1906,1.5302,0.1906,1.5302
3879823,2016-04-17,Serie A,2015/2016,33.0000,Atalanta,AS Roma,H,Edoardo Reja,Luciano Spalletti,3.0000,3.0000,1.0000,34.6514,31.2741,3.1429,23.9096,20.6294,0.4567,0.0000,16.4948,16.8636,0.2643,27.7108,40.6904,12.0000,2.0000,13.0000,1.5808,1.8841,1.5808,1.8841
3879823,2016-04-17,Serie A,2015/2016,33.0000,AS Roma,Atalanta,A,Luciano Spalletti,Edoardo Reja,3.0000,3.0000,1.0000,65.3486,68.7259,5.2500,20.6676,11.8166,0.3378,75.0000,11.8943,13.3529,0.3724,48.3871,53.7105,14.0000,0.0000,17.0000,1.8841,1.5808,1.8841,1.5808
3879824,2016-04-17,Serie A,2015/2016,33.0000,Sampdoria,AC Milan,H,Vincenzo Montella,Cristian Brocchi,0.0000,1.0000,0.0000,44.9724,57.2072,3.5306,21.6277,15.6069,0.3915,33.3333,12.5000,13.2857,0.3614,47.2222,53.2763,8.0000,0.0000,10.0000,0.3580,1.6718,0.3580,1.6718
3879824,2016-04-17,Serie A,2015/2016,33.0000,AC Milan,Sampdoria,A,Cristian Brocchi,Vincenzo Montella,1.0000,0.0000,3.0000,55.0276,42.7928,4.2212,19.9937,9.7950,0.2921,30.0000,9.3458,10.5652,0.3464,34.0426,46.3400,6.0000,0.0000,15.0000,1.6718,0.3580,1.6718,0.3580
3879825,2016-04-17,Serie A,2015/2016,33.0000,Lazio,Empoli,H,Simone Inzaghi,Marco Giampaolo,2.0000,0.0000,3.0000,47.3921,59.8930,4.9485,23.5935,20.4167,0.3203,18.1818,16.7832,15.2903,0.3709,49.3088,51.4649,13.0000,0.0000,19.0000,2.2102,0.4901,1.4267,0.4901
3879825,2016-04-17,Serie A,2015/2016,33.0000,Empoli,Lazio,A,Marco Giampaolo,Simone Inzaghi,0.0000,2.0000,0.0000,52.6079,40.1070,5.7957,19.0106,10.0186,0.3458,50.0000,1.7857,16.3478,0.2619,52.1739,49.9011,7.0000,0.0000,6.0000,0.4901,2.2102,0.4901,1.4267
3879826,2016-04-17,Serie A,2015/2016,33.0000,Hellas Verona,Frosinone,H,Luigi Delneri,Roberto Stellone,1.0000,2.0000,0.0000,57.0197,62.9108,4.3656,20.8237,15.2709,0.4171,0.0000,13.8728,7.2353,0.5043,44.8864,57.9366,21.0000,1.0000,17.0000,2.3680,1.1130,2.3680,1.1130
3879826,2016-04-17,Serie A,2015/2016,33.0000,Frosinone,Hellas Verona,A,Roberto Stellone,Luigi Delneri,2.0000,1.0000,3.0000,42.9803,37.0892,2.8700,21.9641,19.1638,0.5154,0.0000,10.7843,13.4500,0.3413,35.4430,44.6602,11.0000,0.0000,13.0000,1.1130,2.3680,1.1130,2.3680
3879827,2016-04-19,Serie A,2015/2016,34.0000,Napoli,Bologna,H,Maurizio Sarri,Roberto Donadoni,6.0000,0.0000,3.0000,60.4423,71.4286,6.8700,16.8550,5.5313,0.1927,66.6667,9.5238,12.6061,0.3747,52.4862,52.6635,9.0000,1.0000,20.0000,2.8755,0.2770,2.0920,0.2770
3879827,2016-04-19,Serie A,2015/2016,34.0000,Bologna,Napoli,A,Roberto Donadoni,Maurizio Sarri,0.0000,6.0000,0.0000,39.5577,28.5714,4.8132,21.8121,15.7534,0.3023,0.0000,3.8961,20.6667,0.2358,43.6782,50.7275,8.0000,0.0000,5.0000,0.2770,2.8755,0.2770,2.0920
3879828,2016-04-20,Serie A,2015/2016,34.0000,AS Roma,Torino,H,Luciano Spalletti,Gian Piero Ventura	,3.0000,2.0000,3.0000,51.0858,69.5833,4.3465,20.8301,13.4396,0.3359,50.0000,6.5574,12.1935,0.3425,61.1111,57.6928,12.0000,1.0000,21.0000,2.2852,2.0524,1.5017,1.2689
3879828,2016-04-20,Serie A,2015/2016,34.0000,Torino,AS Roma,A,Gian Piero Ventura	,Luciano Spalletti,2.0000,3.0000,0.0000,48.9142,30.4167,4.5055,22.0324,14.3902,0.2652,12.5000,9.8765,22.2500,0.3117,20.7792,40.9253,8.0000,1.0000,14.0000,2.0524,2.2852,1.2689,1.5017
3879829,2016-04-20,Serie A,2015/2016,34.0000,Empoli,Hellas Verona,H,Marco Giampaolo,Luigi Delneri,1.0000,0.0000,3.0000,56.8338,43.2900,4.9057,17.9182,10.1923,0.3317,58.3333,3.0534,12.6364,0.3508,33.1169,45.1380,4.0000,1.0000,12.0000,2.3642,2.1390,2.3642,2.1390
3879829,2016-04-20,Serie A,2015/2016,34.0000,Hellas Verona,Empoli,A,Luigi Delneri,Marco Giampaolo,0.0000,1.0000,0.0000,43.1662,56.7100,3.8687,22.1522,16.1880,0.3809,0.0000,15.1724,12.6364,0.3356,41.2371,52.5075,13.0000,0.0000,22.0000,2.1390,2.3642,2.1390,2.3642
3879830,2016-04-20,Serie A,2015/2016,34.0000,Genoa,Inter Milan,H,Gian Piero Gasperini,Roberto Mancini,1.0000,0.0000,3.0000,36.5174,41.8605,3.0396,20.0478,14.0065,0.4698,14.2857,7.6271,14.3000,0.3260,33.1731,47.7105,11.0000,1.0000,16.0000,1.1397,1.0676,1.1397,1.0676
3879830,2016-04-20,Serie A,2015/2016,34.0000,Inter Milan,Genoa,A,Roberto Mancini,Gian Piero Gasperini,0.0000,1.0000,0.0000,63.4826,58.1395,5.5096,20.4750,13.6126,0.3340,90.9091,10.7345,17.2308,0.4169,37.9085,49.5350,19.0000,0.0000,17.0000,1.0676,1.1397,1.0676,1.1397
3879831,2016-04-20,Serie A,2015/2016,34.0000,Sassuolo,Sampdoria,H,Eusebio Di Francesco,Vincenzo Montella,0.0000,0.0000,1.0000,70.6006,84.6154,5.4505,20.6224,12.3967,0.2955,40.0000,12.3596,10.1429,0.3584,51.0000,58.3256,18.0000,0.0000,23.0000,3.1656,0.1101,2.3821,0.1101
3879831,2016-04-20,Serie A,2015/2016,34.0000,Sampdoria,Sassuolo,A,Vincenzo Montella,Eusebio Di Francesco,0.0000,0.0000,1.0000,29.3994,15.3846,2.6747,25.6473,25.6757,0.4875,5.0000,5.8824,21.9375,0.2239,33.3333,38.4698,4.0000,0.0000,4.0000,0.1101,3.1656,0.1101,2.3821
3879832,2016-04-20,Serie A,2015/2016,34.0000,Palermo,Atalanta,H,Davide Ballardini,Edoardo Reja,2.0000,2.0000,1.0000,51.9231,61.4108,3.4538,18.7533,9.7324,0.4017,12.5000,9.7561,14.6087,0.3467,37.1795,61.7195,18.0000,0.0000,13.0000,2.4491,1.6551,1.6656,0.8716
3879832,2016-04-20,Serie A,2015/2016,34.0000,Atalanta,Palermo,A,Edoardo Reja,Davide Ballardini,2.0000,2.0000,1.0000,48.0769,38.5892,4.2211,21.1449,14.2145,0.3638,0.0000,9.0164,10.7037,0.3601,34.2857,45.7347,5.0000,0.0000,11.0000,1.6551,2.4491,0.8716,1.6656
3879833,2016-04-20,Serie A,2015/2016,34.0000,Juventus,Lazio,H,Massimiliano Allegri,Simone Inzaghi,3.0000,0.0000,3.0000,55.8491,66.4706,6.1136,21.6937,12.4535,0.1975,75.0000,15.1261,17.9524,0.1987,53.7634,59.7190,16.0000,1.0000,19.0000,3.4419,0.1902,2.6584,0.1902
3879833,2016-04-20,Serie A,2015/2016,34.0000,Lazio,Juventus,A,Simone Inzaghi,Massimiliano Allegri,0.0000,3.0000,0.0000,44.1509,33.5294,6.5758,21.7886,14.9770,0.1829,11.1111,8.4507,16.2963,0.2483,36.0544,44.6829,4.0000,0.0000,7.0000,0.1902,3.4419,0.1902,2.6584
3879834,2016-04-20,Serie A,2015/2016,34.0000,Udinese,Fiorentina,H,Luigi De Canio,Paulo Sousa,2.0000,1.0000,3.0000,30.5586,24.2798,2.6744,23.4668,23.9130,0.5587,0.0000,12.0000,15.2000,0.3628,30.0000,41.2392,5.0000,0.0000,10.0000,1.1963,0.6292,1.1963,0.6292
3879834,2016-04-20,Serie A,2015/2016,34.0000,Fiorentina,Udinese,A,Paulo Sousa,Luigi De Canio,1.0000,2.0000,0.0000,69.4414,75.7202,6.4222,18.7059,10.3806,0.3065,50.0000,2.6432,8.6667,0.3763,58.0952,60.4708,18.0000,0.0000,9.0000,0.6292,1.1963,0.6292,1.1963
3879835,2016-04-20,Serie A,2015/2016,34.0000,Chievo,Frosinone,H,Rolando Maran,Roberto Stellone,5.0000,1.0000,3.0000,65.2778,77.1429,7.0805,19.1104,9.2532,0.2131,16.6667,10.9948,9.9630,0.4771,46.1078,49.6293,8.0000,0.0000,22.0000,2.2010,0.2495,1.4175,0.2495
3879835,2016-04-20,Serie A,2015/2016,34.0000,Frosinone,Chievo,A,Roberto Stellone,Rolando Maran,1.0000,5.0000,0.0000,34.7222,22.8571,4.6818,20.9557,14.2395,0.3019,12.5000,8.7500,16.4167,0.3313,28.8991,51.2416,10.0000,0.0000,9.0000,0.2495,2.2010,0.2495,1.4175
3879836,2016-04-21,Serie A,2015/2016,34.0000,AC Milan,Carpi,H,Cristian Brocchi,Fabrizio Castori,0.0000,0.0000,1.0000,75.6522,78.4512,7.9348,19.9454,11.2329,0.2177,75.0000,5.4264,5.5312,0.3254,58.5366,60.1074,18.0000,0.0000,19.0000,1.0005,0.2182,1.0005,0.2182
3879836,2016-04-21,Serie A,2015/2016,34.0000,Carpi,AC Milan,A,Fabrizio Castori,Cristian Brocchi,0.0000,0.0000,1.0000,24.3478,21.5488,2.7973,22.1719,17.3913,0.6528,0.0000,8.1395,14.4194,0.2695,30.8057,44.3313,5.0000,1.0000,6.0000,0.2182,1.0005,0.2182,1.0005
3879837,2016-04-23,Serie A,2015/2016,35.0000,Inter Milan,Udinese,H,Roberto Mancini,Luigi De Canio,3.0000,1.0000,3.0000,63.9208,77.2727,5.0183,20.0573,13.3455,0.2841,28.5714,10.4348,15.8750,0.3642,42.8571,53.5154,19.0000,1.0000,26.0000,3.6585,1.3528,3.6585,1.3528
3879837,2016-04-23,Serie A,2015/2016,35.0000,Udinese,Inter Milan,A,Luigi De Canio,Roberto Mancini,1.0000,3.0000,0.0000,36.0792,22.7273,3.1957,21.6617,17.0068,0.4683,9.0909,11.3636,15.6667,0.3458,31.6038,47.5341,9.0000,0.0000,12.0000,1.3528,3.6585,1.3528,3.6585
3879838,2016-04-24,Serie A,2015/2016,35.0000,Sampdoria,Lazio,H,Vincenzo Montella,Simone Inzaghi,2.0000,1.0000,3.0000,41.2541,37.0370,3.5955,22.9881,16.2500,0.4214,20.0000,7.3684,13.6429,0.3090,47.2727,50.0550,11.0000,0.0000,13.0000,1.4661,2.6706,1.4661,1.8871
3879838,2016-04-24,Serie A,2015/2016,35.0000,Lazio,Sampdoria,A,Simone Inzaghi,Vincenzo Montella,1.0000,2.0000,0.0000,58.7459,62.9630,5.1915,20.7455,13.1148,0.3280,40.0000,11.8881,12.0000,0.4533,40.0000,47.1896,11.0000,0.0000,20.0000,2.6706,1.4661,1.8871,1.4661
3879839,2016-04-24,Serie A,2015/2016,35.0000,Fiorentina,Juventus,H,Paulo Sousa,Massimiliano Allegri,1.0000,2.0000,0.0000,61.6535,72.4771,6.9574,20.4395,10.0917,0.2081,33.3333,7.8534,11.4516,0.3555,58.0645,54.5140,14.0000,1.0000,21.0000,2.4414,1.3949,1.6579,1.3949
3879839,2016-04-24,Serie A,2015/2016,35.0000,Juventus,Fiorentina,A,Massimiliano Allegri,Paulo Sousa,2.0000,1.0000,3.0000,38.3465,27.5229,5.0633,21.0985,13.7500,0.2708,50.0000,7.6923,21.8571,0.2796,30.6122,43.7105,6.0000,1.0000,6.0000,1.3949,2.4414,1.3949,1.6579
3879840,2016-04-24,Serie A,2015/2016,35.0000,Bologna,Genoa,H,Roberto Donadoni,Gian Piero Gasperini,2.0000,0.0000,3.0000,43.6381,50.9524,3.9806,21.0747,15.8537,0.3150,0.0000,8.4615,11.4737,0.4448,39.8496,53.8398,11.0000,1.0000,11.0000,0.9241,0.6468,0.9241,0.6468
3879840,2016-04-24,Serie A,2015/2016,35.0000,Genoa,Bologna,A,Gian Piero Gasperini,Roberto Donadoni,0.0000,2.0000,0.0000,56.3619,49.0476,5.5918,19.9411,10.5839,0.2813,66.6667,11.1111,9.5758,0.5162,37.2385,47.8098,9.0000,0.0000,5.0000,0.6468,0.9241,0.6468,0.9241
3879841,2016-04-24,Serie A,2015/2016,35.0000,Frosinone,Palermo,H,Roberto Stellone,Davide Ballardini,0.0000,2.0000,0.0000,50.6158,55.9091,2.9561,22.6409,16.6172,0.4861,0.0000,14.0244,8.5455,0.4813,38.3420,54.8962,17.0000,1.0000,18.0000,1.1100,0.9024,1.1100,0.9024
3879841,2016-04-24,Serie A,2015/2016,35.0000,Palermo,Frosinone,A,Davide Ballardini,Roberto Stellone,2.0000,0.0000,3.0000,49.3842,44.0909,3.3500,20.5463,12.5373,0.4949,0.0000,12.1739,7.8065,0.3625,34.8993,53.9856,12.0000,0.0000,7.0000,0.9024,1.1100,0.9024,1.1100
3879842,2016-04-24,Serie A,2015/2016,35.0000,Atalanta,Chievo,H,Edoardo Reja,Rolando Maran,1.0000,0.0000,3.0000,45.1023,45.8955,3.3302,22.1329,17.2805,0.4522,0.0000,12.2137,13.0417,0.2804,36.3636,49.3538,19.0000,0.0000,11.0000,0.8773,0.3743,0.8773,0.3743
3879842,2016-04-24,Serie A,2015/2016,35.0000,Chievo,Atalanta,A,Rolando Maran,Edoardo Reja,0.0000,1.0000,0.0000,54.8977,54.1045,4.6701,19.0216,12.5828,0.3723,0.0000,6.3584,9.6207,0.3675,37.0130,49.4267,6.0000,0.0000,10.0000,0.3743,0.8773,0.3743,0.8773
3879843,2016-04-24,Serie A,2015/2016,35.0000,Torino,Sassuolo,H,Gian Piero Ventura	,Eusebio Di Francesco,1.0000,3.0000,0.0000,49.8978,32.9545,4.7742,22.4768,15.7658,0.2996,50.0000,11.3636,10.2258,0.2633,36.4341,47.2050,4.0000,2.0000,16.0000,1.0614,0.8788,1.0614,0.8788
3879843,2016-04-24,Serie A,2015/2016,35.0000,Sassuolo,Torino,A,Eusebio Di Francesco,Gian Piero Ventura	,3.0000,1.0000,3.0000,50.1022,67.0455,4.2800,21.5512,12.8505,0.3212,28.5714,7.5862,17.3043,0.2971,58.6207,48.2410,5.0000,2.0000,12.0000,0.8788,1.0614,0.8788,1.0614
3879844,2016-04-25,Serie A,2015/2016,35.0000,Carpi,Empoli,H,Fabrizio Castori,Marco Giampaolo,1.0000,0.0000,3.0000,43.1970,49.3088,4.8000,22.6845,17.4020,0.4195,0.0000,13.2450,11.8378,0.4104,47.3469,56.1187,14.0000,0.0000,16.0000,1.4999,0.6030,1.4999,0.6030
3879844,2016-04-25,Serie A,2015/2016,35.0000,Empoli,Carpi,A,Marco Giampaolo,Fabrizio Castori,0.0000,1.0000,0.0000,56.8030,50.6912,4.9623,17.8542,9.3156,0.3564,0.0000,3.8462,14.3182,0.3326,39.0728,51.1133,10.0000,0.0000,10.0000,0.6030,1.4999,0.6030,1.4999
3879845,2016-04-25,Serie A,2015/2016,35.0000,AS Roma,Napoli,H,Luciano Spalletti,Maurizio Sarri,1.0000,0.0000,3.0000,47.2441,57.2034,4.5327,20.1308,13.1959,0.3857,80.0000,4.3478,14.5000,0.2985,44.4444,53.8080,21.0000,0.0000,9.0000,0.4973,0.8899,0.4973,0.8899
3879845,2016-04-25,Serie A,2015/2016,35.0000,Napoli,AS Roma,A,Maurizio Sarri,Luciano Spalletti,0.0000,1.0000,0.0000,52.7559,42.7966,5.7216,18.4393,8.1081,0.3226,85.7143,6.0606,10.4286,0.3019,44.7853,49.4377,11.0000,1.0000,9.0000,0.8899,0.4973,0.8899,0.4973
3879846,2016-04-25,Serie A,2015/2016,35.0000,Hellas Verona,AC Milan,H,Luigi Delneri,Cristian Brocchi,2.0000,1.0000,3.0000,38.5177,48.1481,2.6466,21.4777,16.6124,0.4911,0.0000,17.5000,15.5517,0.3667,47.6852,55.0600,22.0000,2.0000,28.0000,2.8843,1.6282,2.1008,1.6282
3879846,2016-04-25,Serie A,2015/2016,35.0000,AC Milan,Hellas Verona,A,Cristian Brocchi,Luigi Delneri,1.0000,2.0000,0.0000,61.4823,51.8519,4.7699,19.1528,10.0186,0.3398,57.1429,8.2707,10.1250,0.4336,45.6250,54.3777,15.0000,1.0000,11.0000,1.6282,2.8843,1.6282,2.1008
3879847,2016-04-30,Serie A,2015/2016,36.0000,Udinese,Torino,H,Luigi De Canio,Gian Piero Ventura	,1.0000,5.0000,0.0000,41.3646,61.9632,3.9294,21.3824,12.8743,0.3274,71.4286,13.0435,21.3810,0.3473,61.7801,55.9771,14.0000,1.0000,13.0000,1.3978,1.2983,1.3978,1.2983
3879847,2016-04-30,Serie A,2015/2016,36.0000,Torino,Udinese,A,Gian Piero Ventura	,Luigi De Canio,5.0000,1.0000,3.0000,58.6354,38.0368,5.9647,19.9831,11.6371,0.2047,50.0000,14.2857,18.7692,0.3428,31.5789,38.9228,5.0000,1.0000,15.0000,1.2983,1.3978,1.2983,1.3978
3879848,2016-04-30,Serie A,2015/2016,36.0000,Chievo,Fiorentina,H,Rolando Maran,Paulo Sousa,0.0000,0.0000,1.0000,37.5120,29.3651,3.9432,19.4776,10.3746,0.4070,0.0000,10.7527,15.4074,0.2925,33.5079,47.2234,9.0000,0.0000,10.0000,0.9088,0.8908,0.9088,0.8908
3879848,2016-04-30,Serie A,2015/2016,36.0000,Fiorentina,Chievo,A,Paulo Sousa,Rolando Maran,0.0000,0.0000,1.0000,62.4880,70.6349,6.0100,18.7024,9.4842,0.2451,33.3333,4.8077,10.6667,0.3929,48.7013,57.4598,15.0000,0.0000,20.0000,0.8908,0.9088,0.8908,0.9088
3879849,2016-05-01,Serie A,2015/2016,36.0000,Empoli,Bologna,H,Marco Giampaolo,Roberto Donadoni,0.0000,0.0000,1.0000,58.3770,54.0230,6.0784,18.0899,8.5484,0.2749,50.0000,5.4688,18.8421,0.2872,51.0949,49.7987,10.0000,0.0000,5.0000,0.8697,0.8637,0.8697,0.8637
3879849,2016-05-01,Serie A,2015/2016,36.0000,Bologna,Empoli,A,Roberto Donadoni,Marco Giampaolo,0.0000,0.0000,1.0000,41.6230,45.9770,4.8462,21.7514,15.4195,0.3105,0.0000,1.7094,20.0385,0.2840,33.6842,48.8205,11.0000,0.0000,16.0000,0.8637,0.8697,0.8637,0.8697
3879850,2016-05-01,Serie A,2015/2016,36.0000,Juventus,Carpi,H,Massimiliano Allegri,Fabrizio Castori,2.0000,0.0000,3.0000,70.5994,74.7253,7.1443,20.0793,11.6883,0.1830,77.7778,7.0485,7.7143,0.4563,42.5532,51.4216,15.0000,2.0000,21.0000,1.3062,0.4303,1.3062,0.4303
3879850,2016-05-01,Serie A,2015/2016,36.0000,Carpi,Juventus,A,Fabrizio Castori,Massimiliano Allegri,0.0000,2.0000,0.0000,29.4006,25.2747,2.9425,19.5560,13.2812,0.4895,0.0000,2.0408,15.5517,0.3356,30.1205,50.4709,10.0000,0.0000,11.0000,0.4303,1.3062,0.4303,1.3062
3879851,2016-05-01,Serie A,2015/2016,36.0000,AC Milan,Frosinone,H,Cristian Brocchi,Roberto Stellone,3.0000,3.0000,1.0000,70.9115,78.0591,4.7200,20.0974,9.9576,0.2965,40.0000,14.2180,5.5000,0.4747,45.6311,59.7122,17.0000,1.0000,24.0000,4.4284,0.4151,2.8614,0.4151
3879851,2016-05-01,Serie A,2015/2016,36.0000,Frosinone,AC Milan,A,Roberto Stellone,Cristian Brocchi,3.0000,3.0000,1.0000,29.0885,21.9409,1.9875,24.1239,20.7547,0.5598,0.0000,12.9032,13.2727,0.3006,33.3333,44.6021,9.0000,0.0000,9.0000,0.4151,4.4284,0.4151,2.8614
3879852,2016-05-01,Serie A,2015/2016,36.0000,Palermo,Sampdoria,H,Davide Ballardini,Vincenzo Montella,2.0000,0.0000,3.0000,37.7320,39.8230,3.0784,19.6564,13.6943,0.4715,0.0000,7.9646,10.4474,0.2550,40.9091,53.4549,11.0000,0.0000,10.0000,1.0758,0.4257,1.0758,0.4257
3879852,2016-05-01,Serie A,2015/2016,36.0000,Sampdoria,Palermo,A,Vincenzo Montella,Davide Ballardini,0.0000,2.0000,0.0000,62.2680,60.1770,5.6020,19.2420,11.4754,0.3452,20.0000,7.8788,7.7188,0.5464,42.5000,50.9009,14.0000,0.0000,8.0000,0.4257,1.0758,0.4257,1.0758
3879853,2016-05-01,Serie A,2015/2016,36.0000,Lazio,Inter Milan,H,Simone Inzaghi,Roberto Mancini,2.0000,0.0000,3.0000,44.4770,39.7129,5.0482,20.4569,14.0811,0.3234,27.2727,7.2727,14.8462,0.3222,26.2295,45.5795,7.0000,0.0000,9.0000,1.7994,0.9535,1.0159,0.9535
3879853,2016-05-01,Serie A,2015/2016,36.0000,Inter Milan,Lazio,A,Roberto Mancini,Simone Inzaghi,0.0000,2.0000,0.0000,55.5230,60.2871,5.1200,19.8754,10.5469,0.3026,20.0000,9.4937,11.6207,0.3736,55.8824,53.7010,10.0000,0.0000,16.0000,0.9535,1.7994,0.9535,1.0159
3879854,2016-05-01,Serie A,2015/2016,36.0000,Sassuolo,Hellas Verona,H,Eusebio Di Francesco,Luigi Delneri,1.0000,0.0000,3.0000,54.0041,46.5438,4.4519,21.0636,12.5270,0.3619,40.0000,7.9137,10.2333,0.3817,53.8012,54.6880,15.0000,0.0000,6.0000,0.4982,0.8376,0.4982,0.8376
3879854,2016-05-01,Serie A,2015/2016,36.0000,Hellas Verona,Sassuolo,A,Luigi Delneri,Eusebio Di Francesco,0.0000,1.0000,0.0000,45.9959,53.4562,4.0306,20.6013,14.6835,0.3667,0.0000,16.6667,11.6667,0.4011,39.8104,49.1258,11.0000,2.0000,16.0000,0.8376,0.4982,0.8376,0.4982
3879855,2016-05-02,Serie A,2015/2016,36.0000,Napoli,Atalanta,H,Maurizio Sarri,Edoardo Reja,2.0000,1.0000,3.0000,59.0801,68.0328,6.3394,17.8616,8.5384,0.2568,50.0000,8.1218,10.6053,0.3682,56.8421,56.8311,14.0000,1.0000,18.0000,2.0295,0.3060,2.0295,0.3060
3879855,2016-05-02,Serie A,2015/2016,36.0000,Atalanta,Napoli,A,Edoardo Reja,Maurizio Sarri,1.0000,2.0000,0.0000,40.9199,31.9672,4.3905,20.6274,15.4013,0.3171,11.1111,10.8911,17.3448,0.2121,27.2152,43.5235,8.0000,0.0000,4.0000,0.3060,2.0295,0.3060,2.0295
3879856,2016-05-02,Serie A,2015/2016,36.0000,Genoa,AS Roma,H,Gian Piero Gasperini,Luciano Spalletti,2.0000,3.0000,0.0000,38.2209,27.9461,3.6848,20.9527,13.8643,0.3965,30.0000,6.0606,30.5000,0.3212,21.6749,39.8872,9.0000,0.0000,14.0000,1.3545,2.4299,1.3545,2.4299
3879856,2016-05-02,Serie A,2015/2016,36.0000,AS Roma,Genoa,A,Luciano Spalletti,Gian Piero Gasperini,3.0000,2.0000,3.0000,61.7791,72.0539,6.5333,20.4001,13.6054,0.2878,85.7143,8.9796,16.5882,0.4118,56.5217,53.4831,16.0000,0.0000,20.0000,2.4299,1.3545,2.4299,1.3545
3879857,2016-05-07,Serie A,2015/2016,37.0000,Inter Milan,Empoli,H,Roberto Mancini,Marco Giampaolo,2.0000,1.0000,3.0000,42.7131,45.7143,4.3053,21.0211,14.4254,0.3519,15.3846,3.7879,17.3600,0.3376,36.9668,45.9439,6.0000,2.0000,12.0000,1.5929,0.9727,1.5929,0.9727
3879857,2016-05-07,Serie A,2015/2016,37.0000,Empoli,Inter Milan,A,Marco Giampaolo,Roberto Mancini,1.0000,2.0000,0.0000,57.2869,54.2857,5.4190,18.1472,8.9631,0.3272,20.0000,6.0606,11.8148,0.3712,49.1329,52.8293,12.0000,0.0000,14.0000,0.9727,1.5929,0.9727,1.5929
3879858,2016-05-07,Serie A,2015/2016,37.0000,Bologna,AC Milan,H,Roberto Donadoni,Cristian Brocchi,0.0000,1.0000,0.0000,38.6070,30.9278,3.5638,21.5477,16.1194,0.3381,40.0000,14.4231,14.7391,0.2350,35.1724,52.3367,9.0000,0.0000,9.0000,0.4758,1.3356,0.4758,0.5521
3879858,2016-05-07,Serie A,2015/2016,37.0000,AC Milan,Bologna,A,Cristian Brocchi,Roberto Donadoni,1.0000,0.0000,3.0000,61.3930,69.0722,6.2418,20.0425,10.0352,0.2468,66.6667,8.1448,9.3333,0.3608,45.7143,53.2098,11.0000,0.0000,16.0000,1.3356,0.4758,0.5521,0.4758
3879859,2016-05-08,Serie A,2015/2016,37.0000,Carpi,Lazio,H,Fabrizio Castori,Simone Inzaghi,1.0000,3.0000,0.0000,52.0833,59.9099,3.6036,20.6021,14.2500,0.4222,25.0000,13.5294,7.7368,0.4251,50.0000,61.8809,30.0000,0.0000,26.0000,2.9884,2.3716,1.4214,2.3716
3879859,2016-05-08,Serie A,2015/2016,37.0000,Lazio,Carpi,A,Simone Inzaghi,Fabrizio Castori,3.0000,1.0000,3.0000,47.9167,40.0901,3.2500,19.9281,13.3903,0.3746,0.0000,11.6505,12.3913,0.3311,28.8591,44.5598,14.0000,0.0000,16.0000,2.3716,2.9884,2.3716,1.4214
3879860,2016-05-08,Serie A,2015/2016,37.0000,Fiorentina,Palermo,H,Paulo Sousa,Davide Ballardini,0.0000,0.0000,1.0000,70.4376,73.8318,6.7802,20.0002,10.6969,0.2588,66.6667,9.8446,7.6154,0.3430,46.3158,59.2913,16.0000,2.0000,21.0000,1.7009,0.1768,1.7009,0.1768
3879860,2016-05-08,Serie A,2015/2016,37.0000,Palermo,Fiorentina,A,Davide Ballardini,Paulo Sousa,0.0000,0.0000,1.0000,29.5624,26.1682,2.5632,22.1411,17.4888,0.4436,0.0000,9.5890,17.6400,0.3152,31.7308,47.7511,8.0000,0.0000,4.0000,0.1768,1.7009,0.1768,1.7009
3879861,2016-05-08,Serie A,2015/2016,37.0000,Frosinone,Sassuolo,H,Roberto Stellone,Eusebio Di Francesco,0.0000,1.0000,0.0000,39.1805,41.3793,2.3861,24.1186,21.5768,0.5317,8.3333,8.1081,12.4800,0.3642,47.9769,55.9506,13.0000,1.0000,18.0000,0.9299,1.6030,0.9299,1.6030
3879861,2016-05-08,Serie A,2015/2016,37.0000,Sassuolo,Frosinone,A,Eusebio Di Francesco,Roberto Stellone,1.0000,0.0000,3.0000,60.8195,58.6207,4.1900,21.2357,12.8878,0.4085,9.0909,9.8684,8.1200,0.4641,42.9577,48.3447,13.0000,0.0000,21.0000,1.6030,0.9299,1.6030,0.9299
3879862,2016-05-08,Serie A,2015/2016,37.0000,Torino,Napoli,H,Gian Piero Ventura	,Maurizio Sarri,1.0000,2.0000,0.0000,39.2192,25.0000,4.6860,22.3181,16.6253,0.3543,72.7273,13.3333,18.6087,0.2818,35.2332,44.8796,10.0000,0.0000,7.0000,0.3880,1.7542,0.3880,1.7542
3879862,2016-05-08,Serie A,2015/2016,37.0000,Napoli,Torino,A,Maurizio Sarri,Gian Piero Ventura	,2.0000,1.0000,3.0000,60.7808,75.0000,6.1275,18.2663,10.0800,0.2117,0.0000,3.6364,12.5517,0.3982,63.0682,57.6442,13.0000,0.0000,15.0000,1.7542,0.3880,1.7542,0.3880
3879863,2016-05-08,Serie A,2015/2016,37.0000,Atalanta,Udinese,H,Edoardo Reja,Luigi De Canio,1.0000,1.0000,1.0000,65.1769,69.4323,6.7083,19.7000,11.4907,0.2773,25.0000,9.1371,17.5000,0.2112,39.2405,61.0055,16.0000,0.0000,9.0000,1.1256,0.4295,0.3421,0.4295
3879863,2016-05-08,Serie A,2015/2016,37.0000,Udinese,Atalanta,A,Luigi De Canio,Edoardo Reja,1.0000,1.0000,1.0000,34.8231,30.5677,4.4054,21.9948,14.7239,0.4191,45.4545,8.4906,18.6923,0.2457,30.2326,43.9802,6.0000,0.0000,4.0000,0.4295,1.1256,0.4295,0.3421
3879864,2016-05-08,Serie A,2015/2016,37.0000,Hellas Verona,Juventus,H,Luigi Delneri,Massimiliano Allegri,2.0000,1.0000,3.0000,41.5211,40.3042,4.5000,20.9061,18.0556,0.4008,0.0000,12.6984,11.6129,0.2970,36.6864,48.1885,14.0000,0.0000,12.0000,2.0363,1.6271,1.2528,0.8436
3879864,2016-05-08,Serie A,2015/2016,37.0000,Juventus,Hellas Verona,A,Massimiliano Allegri,Luigi Delneri,1.0000,2.0000,0.0000,58.4789,59.6958,5.5532,21.3930,13.9847,0.2600,71.4286,10.4972,9.4483,0.3193,42.6357,54.1810,18.0000,2.0000,16.0000,1.6271,2.0363,0.8436,1.2528
3879865,2016-05-08,Serie A,2015/2016,37.0000,Sampdoria,Genoa,H,Vincenzo Montella,Gian Piero Gasperini,0.0000,3.0000,0.0000,56.5714,49.4624,4.3564,21.0931,12.9545,0.3686,72.7273,6.6176,6.8108,0.4447,43.1953,56.7496,12.0000,0.0000,12.0000,0.6319,1.6610,0.6319,1.6610
3879865,2016-05-08,Serie A,2015/2016,37.0000,Genoa,Sampdoria,A,Gian Piero Gasperini,Vincenzo Montella,3.0000,0.0000,3.0000,43.4286,50.5376,3.4894,21.5850,13.7195,0.3943,0.0000,14.9533,11.2903,0.3212,34.5912,48.8079,11.0000,1.0000,18.0000,1.6610,0.6319,1.6610,0.6319
3879866,2016-05-08,Serie A,2015/2016,37.0000,AS Roma,Chievo,H,Luciano Spalletti,Rolando Maran,3.0000,0.0000,3.0000,64.6516,83.9335,8.0889,17.0217,6.4560,0.2157,66.6667,3.1153,12.5926,0.3800,55.6250,55.2747,12.0000,0.0000,23.0000,1.6068,0.5849,1.6068,0.5849
3879866,2016-05-08,Serie A,2015/2016,37.0000,Chievo,AS Roma,A,Rolando Maran,Luciano Spalletti,0.0000,3.0000,0.0000,35.3484,16.0665,4.0879,19.9957,12.3656,0.3418,25.0000,7.0588,25.7333,0.2195,28.9941,38.3281,5.0000,1.0000,11.0000,0.5849,1.6068,0.5849,1.6068
3879867,2016-05-14,Serie A,2015/2016,38.0000,Napoli,Frosinone,H,Maurizio Sarri,Roberto Stellone,4.0000,0.0000,3.0000,74.8127,93.9086,6.7545,15.4030,4.8452,0.2440,100.0000,7.2973,9.1154,0.4833,66.1538,60.5362,19.0000,0.0000,33.0000,2.8076,0.8876,2.8076,0.8876
3879867,2016-05-14,Serie A,2015/2016,38.0000,Frosinone,Napoli,A,Roberto Stellone,Maurizio Sarri,0.0000,4.0000,0.0000,25.1873,6.0914,3.0000,23.4123,18.1818,0.5344,7.6923,4.4444,17.6000,0.1852,33.7838,39.7600,5.0000,1.0000,9.0000,0.8876,2.8076,0.8876,2.8076
3879868,2016-05-14,Serie A,2015/2016,38.0000,Sassuolo,Inter Milan,H,Eusebio Di Francesco,Roberto Mancini,3.0000,1.0000,3.0000,47.2816,53.8462,4.8111,20.4905,11.7783,0.3193,50.0000,7.2464,18.0000,0.3057,43.9759,52.0763,15.0000,0.0000,9.0000,1.4379,1.3774,1.4379,1.3774
3879868,2016-05-14,Serie A,2015/2016,38.0000,Inter Milan,Sassuolo,A,Roberto Mancini,Eusebio Di Francesco,1.0000,3.0000,0.0000,52.7184,46.1538,5.6136,21.0032,9.9190,0.2639,42.8571,11.1111,12.3846,0.3450,42.2619,45.9542,9.0000,0.0000,12.0000,1.3774,1.4379,1.3774,1.4379
3879869,2016-05-14,Serie A,2015/2016,38.0000,AC Milan,AS Roma,H,Cristian Brocchi,Luciano Spalletti,1.0000,3.0000,0.0000,35.5844,35.6364,4.1932,21.8064,16.8022,0.3713,66.6667,12.7273,19.8000,0.2043,49.3421,48.6181,12.0000,0.0000,15.0000,1.8715,2.5945,1.8715,2.5945
3879869,2016-05-14,Serie A,2015/2016,38.0000,AS Roma,AC Milan,A,Luciano Spalletti,Cristian Brocchi,3.0000,1.0000,3.0000,64.4156,64.3636,7.5000,18.5011,10.2899,0.2455,75.0000,5.2133,13.1364,0.3504,52.0833,52.3677,9.0000,3.0000,16.0000,2.5945,1.8715,2.5945,1.8715
3879870,2016-05-14,Serie A,2015/2016,38.0000,Juventus,Sampdoria,H,Massimiliano Allegri,Vincenzo Montella,5.0000,0.0000,3.0000,65.9091,83.2700,6.8409,21.5596,14.1196,0.2105,100.0000,9.7345,9.0000,0.3788,59.2000,57.0909,14.0000,2.0000,24.0000,2.6276,0.2340,1.8441,0.2340
3879870,2016-05-14,Serie A,2015/2016,38.0000,Sampdoria,Juventus,A,Vincenzo Montella,Massimiliano Allegri,0.0000,5.0000,0.0000,34.0909,16.7300,3.3902,19.9425,11.5108,0.3407,28.5714,4.0816,25.2143,0.2273,28.2759,40.5807,6.0000,0.0000,7.0000,0.2340,2.6276,0.2340,1.8441
3879871,2016-05-15,Serie A,2015/2016,38.0000,Udinese,Carpi,H,Luigi De Canio,Fabrizio Castori,1.0000,2.0000,0.0000,52.2897,52.6596,4.8132,24.0815,20.3196,0.3694,0.0000,13.9706,14.0833,0.3237,50.3448,51.9823,17.0000,0.0000,15.0000,1.3669,1.3453,0.5834,0.5618
3879871,2016-05-15,Serie A,2015/2016,38.0000,Carpi,Udinese,A,Fabrizio Castori,Luigi De Canio,2.0000,1.0000,3.0000,47.7103,47.3404,4.7882,23.1661,16.4619,0.4168,0.0000,7.2581,12.0000,0.2851,37.8571,44.3632,4.0000,0.0000,10.0000,1.3453,1.3669,0.5618,0.5834
3879872,2016-05-15,Serie A,2015/2016,38.0000,Chievo,Bologna,H,Rolando Maran,Roberto Donadoni,0.0000,0.0000,1.0000,46.3908,28.5185,4.8763,20.7661,14.3763,0.3023,0.0000,11.2245,22.5000,0.2890,38.6364,45.8946,9.0000,0.0000,6.0000,0.4197,0.4486,0.4197,0.4486
3879872,2016-05-15,Serie A,2015/2016,38.0000,Bologna,Chievo,A,Roberto Donadoni,Rolando Maran,0.0000,0.0000,1.0000,53.6092,71.4815,6.6118,18.5876,8.5409,0.2855,50.0000,6.1404,13.3871,0.2770,52.7397,60.8750,22.0000,1.0000,16.0000,0.4486,0.4197,0.4486,0.4197
3879873,2016-05-15,Serie A,2015/2016,38.0000,Empoli,Torino,H,Marco Giampaolo,Gian Piero Ventura	,2.0000,1.0000,3.0000,45.4976,48.5437,5.1786,17.6010,6.4368,0.2414,15.3846,0.0000,17.9583,0.2574,57.4324,54.5921,10.0000,1.0000,10.0000,0.8144,1.1654,0.8144,1.1654
3879873,2016-05-15,Serie A,2015/2016,38.0000,Torino,Empoli,A,Gian Piero Ventura	,Marco Giampaolo,1.0000,2.0000,0.0000,54.5024,51.4563,5.8876,20.8667,10.3053,0.2135,100.0000,13.6000,19.1667,0.2854,33.5766,51.0800,13.0000,4.0000,20.0000,1.1654,0.8144,1.1654,0.8144
3879874,2016-05-15,Serie A,2015/2016,38.0000,Lazio,Fiorentina,H,Simone Inzaghi,Paulo Sousa,2.0000,4.0000,0.0000,45.7674,60.3113,4.6809,20.4762,12.0455,0.2938,27.2727,16.0920,18.6087,0.3225,40.4255,55.3474,23.0000,0.0000,16.0000,1.5607,1.4847,0.7772,1.4847
3879874,2016-05-15,Serie A,2015/2016,38.0000,Fiorentina,Lazio,A,Paulo Sousa,Simone Inzaghi,4.0000,2.0000,3.0000,54.2326,39.6887,6.1023,18.3727,9.1248,0.2863,0.0000,4.2373,13.6364,0.3577,44.8864,40.6276,6.0000,3.0000,16.0000,1.4847,1.5607,1.4847,0.7772
3879875,2016-05-15,Serie A,2015/2016,38.0000,Palermo,Hellas Verona,H,Davide Ballardini,Luigi Delneri,3.0000,2.0000,3.0000,37.7049,46.1929,3.8675,19.9046,12.4611,0.2951,0.0000,12.7451,17.4400,0.2796,28.8235,52.1819,10.0000,0.0000,5.0000,0.6682,0.7338,0.6682,0.7338
3879875,2016-05-15,Serie A,2015/2016,38.0000,Hellas Verona,Palermo,A,Luigi Delneri,Davide Ballardini,2.0000,3.0000,0.0000,62.2951,53.8071,5.8316,20.5598,12.8159,0.2403,25.0000,4.2857,11.3636,0.3859,43.6620,48.0176,9.0000,1.0000,14.0000,0.7338,0.6682,0.7338,0.6682
3879876,2016-05-15,Serie A,2015/2016,38.0000,Genoa,Atalanta,H,Gian Piero Gasperini,Edoardo Reja,1.0000,2.0000,0.0000,53.9683,56.4516,4.7500,20.3197,10.9649,0.3266,37.5000,7.9755,9.8387,0.4253,54.5946,49.4811,13.0000,0.0000,11.0000,1.5190,1.0890,1.5190,1.0890
3879876,2016-05-15,Serie A,2015/2016,38.0000,Atalanta,Genoa,A,Edoardo Reja,Gian Piero Gasperini,2.0000,1.0000,3.0000,46.0317,43.5484,3.9684,20.4976,13.7931,0.3839,28.5714,15.0000,9.7812,0.3216,33.5366,48.0085,13.0000,0.0000,13.0000,1.0890,1.5190,1.0890,1.5190
